repository,code_path,line_number,operation,direction,evidence
leap_initialisation,.conda/Lib/trace.py,173,read_pickle,read,"counts, calledfuncs, callers = pickle.load(f)"
leap_initialisation,.conda/Lib/trace.py,294,write_pickle,write,"pickle.dump((self.counts, self.calledfuncs, self.callers),"
leap_initialisation,.conda/Lib/tracemalloc.py,431,write_pickle,write,"pickle.dump(self, fp, pickle.HIGHEST_PROTOCOL)"
leap_initialisation,.conda/Lib/tracemalloc.py,439,read_pickle,read,return pickle.load(fp)
leap_initialisation,.conda/Lib/_pydatetime.py,1000,read_pickle,read,"""pickle.load(data, encoding='latin1') is assumed."")"
leap_initialisation,.conda/Lib/_pydatetime.py,1431,read_pickle,read,"""pickle.load(data, encoding='latin1') is assumed."")"
leap_initialisation,.conda/Lib/_pydatetime.py,1767,read_pickle,read,"""pickle.load(data, encoding='latin1') is assumed."")"
leap_initialisation,.conda/Lib/multiprocessing/reduction.py,59,write_pickle,write,'''Replacement for pickle.dump() using ForkingPickler.'''
leap_initialisation,.conda/Lib/multiprocessing/spawn.py,130,read_pickle,read,preparation_data = reduction.pickle.load(from_parent)
leap_initialisation,.conda/Lib/multiprocessing/spawn.py,132,read_pickle,read,self = reduction.pickle.load(from_parent)
leap_initialisation,codebase/aggregated_demand_template_coverage_workflow.py,258,write_csv,write,"missing_cases.to_csv(resolved_output_path, index=False)"
leap_initialisation,codebase/aggregated_demand_workflow.py,649,read_csv,read,"header = pd.read_csv(path, nrows=0)"
leap_initialisation,codebase/aggregated_demand_workflow.py,689,read_csv,read,"header = pd.read_csv(path, nrows=0)"
leap_initialisation,codebase/aggregated_demand_workflow.py,1386,read_excel,read,"raw = pd.read_excel(Path(id_lookup_path), header=2)"
leap_initialisation,codebase/aggregated_demand_workflow.py,1893,write_excel,write,"with pd.ExcelWriter(output_path, engine=""openpyxl"") as writer:"
leap_initialisation,codebase/aggregated_demand_workflow.py,1894,write_excel,write,"leap_df.to_excel(writer, sheet_name=""LEAP"", index=False, header=False)"
leap_initialisation,codebase/aggregated_demand_workflow.py,1895,write_excel,write,"viewing_df.to_excel(writer, sheet_name=""FOR_VIEWING"", index=False, header=False)"
leap_initialisation,codebase/aggregated_demand_workflow.py,1897,write_excel,write,"contributions_df.to_excel(writer, sheet_name=""Contributions"", index=False)"
leap_initialisation,codebase/aggregated_demand_workflow.py,1947,read_excel,read,"raw = pd.read_excel(path, sheet_name=sheet_name, header=None)"
leap_initialisation,codebase/aggregated_demand_workflow.py,2022,write_excel,write,"with pd.ExcelWriter(output_path, engine=""openpyxl"") as writer:"
leap_initialisation,codebase/aggregated_demand_workflow.py,2023,write_excel,write,"leap_df.to_excel(writer, sheet_name=""LEAP"", index=False, header=False)"
leap_initialisation,codebase/aggregated_demand_workflow.py,2024,write_excel,write,"viewing_df.to_excel(writer, sheet_name=""FOR_VIEWING"", index=False, header=False)"
leap_initialisation,codebase/aggregated_demand_workflow.py,2141,write_excel,write,"with pd.ExcelWriter(output_path, engine=""openpyxl"") as writer:"
leap_initialisation,codebase/aggregated_demand_workflow.py,2142,write_excel,write,"full_output.to_excel(writer, sheet_name=""Export"", index=False, header=False)"
leap_initialisation,codebase/baseline_seed_comparison_workflow.py,132,read_excel,read,data = pd.read_excel(
leap_initialisation,codebase/baseline_seed_comparison_workflow.py,757,write_csv,write,"pd.DataFrame(inventory_rows).to_csv(paths.file_inventory_csv, index=False)"
leap_initialisation,codebase/baseline_seed_comparison_workflow.py,758,write_csv,write,"pd.DataFrame(summary_rows).to_csv(paths.summary_csv, index=False)"
leap_initialisation,codebase/baseline_seed_comparison_workflow.py,759,write_csv,write,"pd.concat(row_difference_frames, ignore_index=True).to_csv(paths.row_differences_csv, index=False) if row_difference_frames else pd.DataFrame().to_csv(paths.row_differences_csv, index=False)"
leap_initialisation,codebase/baseline_seed_comparison_workflow.py,760,write_csv,write,"pd.concat(expression_difference_frames, ignore_index=True).to_csv(paths.expression_differences_csv, index=False) if expression_difference_frames else pd.DataFrame().to_csv(paths.expression_differences_csv, index=False)"
leap_initialisation,codebase/baseline_seed_comparison_workflow.py,761,write_csv,write,"pd.DataFrame(duplicate_rows).to_csv(paths.duplicate_keys_csv, index=False)"
leap_initialisation,codebase/baseline_seed_comparison_workflow.py,763,write_csv,write,"pd.concat(nonempty_share_frames, ignore_index=True).to_csv(paths.share_sum_checks_csv, index=False) if nonempty_share_frames else pd.DataFrame().to_csv(paths.share_sum_checks_csv, index=False)"
leap_initialisation,codebase/baseline_seed_comparison_workflow.py,765,write_csv,write,"all_rule_findings.to_csv(paths.rule_findings_csv, index=False)"
leap_initialisation,codebase/baseline_seed_comparison_workflow.py,767,write_csv,write,"pd.DataFrame().to_csv(paths.rule_summary_csv, index=False)"
leap_initialisation,codebase/baseline_seed_comparison_workflow.py,778,write_csv,write,"rule_summary.to_csv(paths.rule_summary_csv, index=False)"
leap_initialisation,codebase/baseline_seed_comparison_workflow.py,779,write_csv,write,"pd.DataFrame(provenance_rows).to_csv(paths.file_provenance_csv, index=False)"
leap_initialisation,codebase/electricity_heat_interim_workflow.py,724,read_excel,read,workbook_df = pd.read_excel(
leap_initialisation,codebase/electricity_heat_interim_workflow.py,827,write_csv,write,"report_df.to_csv(report_path_obj, index=False)"
leap_initialisation,codebase/electricity_heat_interim_workflow.py,1305,read_excel,read,template_df = pd.read_excel(
leap_initialisation,codebase/electricity_heat_interim_workflow.py,1587,write_csv,write,"_agg_df.to_csv(_agg_path, index=False)"
leap_initialisation,codebase/electricity_heat_interim_workflow.py,1592,write_csv,write,"_detail_df.to_csv(_detail_path, index=False)"
leap_initialisation,codebase/hydrogen_transformation_workflow.py,404,write_csv,write,"checks_df.to_csv(output_path, index=False)"
leap_initialisation,codebase/other_loss_own_use_proxy_workflow.py,1591,write_csv,write,"detail_df.to_csv(detail_path, index=False)"
leap_initialisation,codebase/other_loss_own_use_proxy_workflow.py,1611,write_csv,write,"leap_balance_activity.to_csv(leap_activity_path, index=False)"
leap_initialisation,codebase/other_loss_own_use_proxy_workflow.py,1624,write_csv,write,"output_fuel_candidate_validation.to_csv(output_fuel_candidate_validation_path, index=False)"
leap_initialisation,codebase/other_loss_own_use_proxy_workflow.py,1644,write_csv,write,"output_fuel_validation.to_csv(output_fuel_validation_path, index=False)"
leap_initialisation,codebase/other_loss_own_use_proxy_workflow.py,1743,write_csv,write,".to_csv(summary_path, index=False)"
leap_initialisation,codebase/outlook_mapping_maintenance_workflow.py,132,read_csv,read,base_df = pd.read_csv(ESTO_TABLE_PATH)
leap_initialisation,codebase/outlook_mapping_maintenance_workflow.py,157,read_csv,read,ninth_df = pd.read_csv(NINTH_TABLE_PATH)
leap_initialisation,codebase/outlook_mapping_maintenance_workflow.py,237,write_excel,write,"with pd.ExcelWriter(output_path, engine=""openpyxl"") as writer:"
leap_initialisation,codebase/outlook_mapping_maintenance_workflow.py,241,write_excel,write,"sheet_df.to_excel(writer, sheet_name=safe_sheet_name, index=False)"
leap_initialisation,codebase/outlook_mapping_maintenance_workflow.py,250,write_excel,write,"with pd.ExcelWriter(output_path, engine=""openpyxl"") as writer:"
leap_initialisation,codebase/outlook_mapping_maintenance_workflow.py,254,write_excel,write,"sheet_df.to_excel(writer, sheet_name=safe_name, index=False)"
leap_initialisation,codebase/outlook_mapping_maintenance_workflow.py,795,write_csv,write,"gaps.to_csv(COVERAGE_GAPS_PATH, index=False)"
leap_initialisation,codebase/outlook_mapping_maintenance_workflow.py,821,write_csv,write,"duplicates.to_csv(DUPLICATE_MAPPINGS_CSV_PATH, index=False)"
leap_initialisation,codebase/outlook_mapping_maintenance_workflow.py,865,read_csv,read,"previous = pd.read_csv(TRIO_PRESENCE_CSV_PATH).fillna("""")"
leap_initialisation,codebase/outlook_mapping_maintenance_workflow.py,886,write_csv,write,"row_exclusive.to_csv(TRIO_PRESENCE_CSV_PATH, index=False)"
leap_initialisation,codebase/outlook_mapping_maintenance_workflow.py,953,read_excel,read,"return pd.read_excel(MAPPING_WORKBOOK_PATH, sheet_name=sheet_name, dtype=object).fillna("""")"
leap_initialisation,codebase/outlook_mapping_maintenance_workflow.py,1036,read_excel,read,"return pd.read_excel(MAPPING_WORKBOOK_PATH, sheet_name=sheet_name, dtype=object).fillna("""")"
leap_initialisation,codebase/outlook_mapping_maintenance_workflow.py,1104,write_excel,write,"with pd.ExcelWriter(output_path, engine=""openpyxl"") as writer:"
leap_initialisation,codebase/outlook_mapping_maintenance_workflow.py,1108,write_excel,write,"sheet_df.to_excel(writer, sheet_name=safe_sheet_name, index=False)"
leap_initialisation,codebase/transfers_workflow.py,686,write_csv,write,"projection_diagnostics.to_csv(diagnostic_path, index=False)"
leap_initialisation,codebase/transfers_workflow.py,1078,read_excel,read,df = pd.read_excel(
leap_initialisation,codebase/transformation_workflow.py,410,write_csv,write,"checks_df.to_csv(output_path, index=False)"
leap_initialisation,codebase/archive/buildings_dummy_workflow.py,178,read_csv,read,df = pd.read_csv(path)
leap_initialisation,codebase/archive/buildings_dummy_workflow.py,188,read_csv,read,df = pd.read_csv(path)
leap_initialisation,codebase/archive/buildings_dummy_workflow.py,511,write_csv,write,"diagnostics_df.to_csv(diagnostics_path, index=False)"
leap_initialisation,codebase/archive/leap_results_dashboard_balance_workflow.py,202,write_csv,write,"runtime_issues.to_csv(runtime_path, index=False)"
leap_initialisation,codebase/archive/leap_results_dashboard_balance_workflow.py,211,write_csv,write,"override_report.to_csv(override_path, index=False)"
leap_initialisation,codebase/archive/leap_results_dashboard_balance_workflow.py,252,write_csv,write,").to_csv(path, index=False)"
leap_initialisation,codebase/archive/leap_results_dashboard_balance_workflow.py,290,write_csv,write,"summary.to_csv(path, index=False)"
leap_initialisation,codebase/archive/leap_results_dashboard_balance_workflow.py,398,write_csv,write,"simple_leap_balance.to_csv(simple_leap_balance_path, index=False)"
leap_initialisation,codebase/archive/leap_results_dashboard_balance_workflow.py,399,write_csv,write,"simple_leap_ninth_balance.to_csv(simple_leap_ninth_balance_path, index=False)"
leap_initialisation,codebase/archive/leap_results_dashboard_balance_workflow.py,400,write_csv,write,"simple_ninth_balance.to_csv(simple_ninth_balance_path, index=False)"
leap_initialisation,codebase/archive/leap_results_dashboard_balance_workflow.py,432,read_csv,read,"pd.read_csv(dashboard_paths[""chart_group_exposure""], dtype=str).fillna("""")"
leap_initialisation,codebase/archive/leap_results_dashboard_balance_workflow.py,437,read_csv,read,"pd.read_csv(dashboard_paths[""all_chart_groups""], dtype=str).fillna("""")"
leap_initialisation,codebase/archive/leap_results_dashboard_balance_workflow.py,444,write_csv,write,"chart_line_mapping_ledger.to_csv(chart_line_mapping_path, index=False)"
leap_initialisation,codebase/archive/leap_results_dashboard_balance_workflow.py,445,write_csv,write,"chart_total_component_ledger.to_csv(chart_total_component_path, index=False)"
leap_initialisation,codebase/archive/leap_results_dashboard_balance_workflow.py,484,read_excel,read,leap_combined_ninth_mapping = pd.read_excel(
leap_initialisation,codebase/archive/leap_results_dashboard_balance_workflow.py,504,write_csv,write,"ingestion[""coverage""].to_csv(coverage_path, index=False)"
leap_initialisation,codebase/archive/leap_results_dashboard_balance_workflow.py,505,write_csv,write,"ingestion[""unit_diagnostics""].to_csv(unit_diag_path, index=False)"
leap_initialisation,codebase/archive/leap_results_dashboard_balance_workflow.py,506,write_csv,write,"ingestion.get(""matching_diagnostics"", pd.DataFrame()).to_csv(matching_diag_path, index=False)"
leap_initialisation,codebase/archive/leap_results_dashboard_v2_workflow.py,308,write_csv,write,"pd.DataFrame(rows).sort_values([""dashboard_path"", ""fuel"", ""measure"", ""sheet""]).to_csv(csv_path, index=False)"
leap_initialisation,codebase/archive/leap_results_dashboard_v2_workflow.py,351,write_csv,write,"skip_df.to_csv(out_dir / ""skipped_sheets_not_in_map.csv"", index=False)"
leap_initialisation,codebase/archive/leap_results_dashboard_v2_workflow.py,1247,write_csv,write,"reassignment_status.to_csv(layout.mapping / ""explicit_reassignment_status.csv"", index=False)"
leap_initialisation,codebase/archive/leap_results_dashboard_v2_workflow.py,1249,write_csv,write,"synthetic_reference_status.to_csv(layout.mapping / ""synthetic_reference_row_status.csv"", index=False)"
leap_initialisation,codebase/archive/leap_results_dashboard_v2_workflow.py,1257,write_excel,write,with pd.ExcelWriter(synthetic_workbook) as writer:
leap_initialisation,codebase/archive/leap_results_dashboard_v2_workflow.py,1258,write_excel,write,"synthetic_esto_rows.drop(columns=drop_cols, errors=""ignore"").to_excel("
leap_initialisation,codebase/archive/leap_results_dashboard_v2_workflow.py,1263,write_excel,write,"synthetic_ninth_rows.drop(columns=drop_cols, errors=""ignore"").to_excel("
leap_initialisation,codebase/archive/leap_results_dashboard_v2_workflow.py,1316,write_csv,write,comparison_input_addback_report.to_csv(
leap_initialisation,codebase/archive/leap_results_dashboard_v2_workflow.py,1324,write_csv,write,leap_input_addback_report.to_csv(
leap_initialisation,codebase/archive/leap_results_dashboard_v2_workflow.py,1363,write_csv,write,"pd.DataFrame({""sheet"": missing}).to_csv(layout.mapping / ""sheets_not_in_map_before_filter.csv"", index=False)"
leap_initialisation,codebase/archive/leap_results_dashboard_v2_workflow.py,1369,write_csv,write,"pd.DataFrame({""sheet"": derived_missing}).to_csv("
leap_initialisation,codebase/archive/leap_results_dashboard_v2_workflow.py,1468,write_csv,write,"many_to_many_errors.to_csv(mm_path, index=False)"
leap_initialisation,codebase/archive/leap_results_dashboard_v2_workflow.py,1599,write_csv,write,"delta_frames[""atomic_shadow_delta_series""].to_csv(series_path, index=False)"
leap_initialisation,codebase/archive/leap_results_dashboard_v2_workflow.py,1600,write_csv,write,"delta_frames[""atomic_shadow_delta_totals""].to_csv(totals_path, index=False)"
leap_initialisation,codebase/archive/leap_results_dashboard_v2_workflow.py,1601,write_csv,write,"delta_frames[""atomic_shadow_delta_summary""].to_csv(summary_path, index=False)"
leap_initialisation,codebase/archive/leap_results_dashboard_v2_workflow.py,1622,write_csv,write,"chart_snapshot.to_csv(latest_snapshot_path, index=False)"
leap_initialisation,codebase/archive/leap_results_dashboard_v2_workflow.py,1653,write_csv,write,"chart_line_mapping_ledger.to_csv(chart_line_mapping_path, index=False)"
leap_initialisation,codebase/archive/leap_results_dashboard_v2_workflow.py,1656,write_csv,write,"total_component_ledger.to_csv(total_component_path, index=False)"
leap_initialisation,codebase/archive/leap_results_dashboard_workflow.py,227,read_excel,read,"sheet = pd.read_excel(mapping_workbook_path, sheet_name=LEAP_ROWS_TO_REMOVE_AND_ADD_SHEET, dtype=str).fillna("""")"
leap_initialisation,codebase/archive/leap_results_dashboard_workflow.py,384,read_csv,read,"base = pd.read_csv(base_table_path, dtype=str, low_memory=False).fillna("""")"
leap_initialisation,codebase/archive/leap_results_dashboard_workflow.py,475,read_csv,read,"return pd.read_csv(path, dtype=str, low_memory=False).fillna("""") if path.exists() else pd.DataFrame()"
leap_initialisation,codebase/archive/leap_results_dashboard_workflow.py,523,read_csv,read,"pd.read_csv(comparison_long_path, dtype=str, low_memory=False).fillna("""")"
leap_initialisation,codebase/archive/leap_results_dashboard_workflow.py,528,read_excel,read,"pd.read_excel(mapping_status_path, dtype=str, sheet_name=""mapping_status"").fillna("""")"
leap_initialisation,codebase/archive/leap_results_dashboard_workflow.py,533,read_csv,read,"pd.read_csv(leap_long_path, dtype=str, low_memory=False).fillna("""")"
leap_initialisation,codebase/archive/leap_results_dashboard_workflow.py,672,write_csv,write,"conversion[""esto_long""].to_csv(leap_path, index=False)"
leap_initialisation,codebase/archive/leap_results_dashboard_workflow.py,673,write_csv,write,"build_ninth_balance_esto_long_table(simple_ninth_balance).to_csv(ninth_path, index=False)"
leap_initialisation,codebase/archive/leap_results_dashboard_workflow.py,674,write_csv,write,"conversion[""leap_long""].to_csv(detail_path, index=False)"
leap_initialisation,codebase/archive/leap_results_dashboard_workflow.py,675,write_csv,write,"mapping_status.to_csv(mapping_status_path, index=False)"
leap_initialisation,codebase/archive/leap_results_dashboard_workflow.py,676,write_csv,write,"comparison_long.to_csv(comparison_long_path, index=False)"
leap_initialisation,codebase/archive/leap_results_dashboard_workflow.py,677,write_csv,write,"simple_ninth_balance.to_csv(ninth_semantic_path, index=False)"
leap_initialisation,codebase/archive/leap_results_dashboard_workflow.py,678,write_csv,write,"conversion[""issues""].to_csv(runtime_issues_path, index=False)"
leap_initialisation,codebase/archive/leap_results_dashboard_workflow.py,679,write_csv,write,"conversion[""override_report""].to_csv(override_report_path, index=False)"
leap_initialisation,codebase/archive/leap_results_dashboard_workflow.py,680,write_csv,write,"conversion[""auto_sheet_rows""].to_csv(auto_sheet_path, index=False)"
leap_initialisation,codebase/archive/leap_results_dashboard_workflow.py,681,write_csv,write,"conversion[""coverage""].to_csv(coverage_path, index=False)"
leap_initialisation,codebase/archive/leap_results_dashboard_workflow.py,682,write_csv,write,"conversion[""unit_diagnostics""].to_csv(unit_diag_path, index=False)"
leap_initialisation,codebase/archive/leap_results_dashboard_workflow.py,849,write_csv,write,"simple_leap_balance.to_csv(simple_leap_balance_path, index=False)"
leap_initialisation,codebase/archive/leap_results_dashboard_workflow.py,850,write_csv,write,"simple_ninth_balance.to_csv(simple_ninth_balance_path, index=False)"
leap_initialisation,codebase/archive/leap_results_dashboard_workflow.py,851,write_csv,write,"merged_esto_axis_balance.to_csv(merged_esto_axis_balance_path, index=False)"
leap_initialisation,codebase/archive/leap_results_dashboard_workflow.py,852,write_csv,write,"duplicate_summary.to_csv(duplicate_summary_path, index=False)"
leap_initialisation,codebase/archive/leap_results_dashboard_workflow.py,853,write_csv,write,"duplicate_details.to_csv(duplicate_details_path, index=False)"
leap_initialisation,codebase/archive/leap_results_dashboard_workflow.py,854,write_csv,write,"simple_leap_balance.to_csv(mapped_leap_to_esto_path, index=False)"
leap_initialisation,codebase/archive/leap_results_dashboard_workflow.py,855,write_csv,write,"mapped_ninth_to_esto.to_csv(mapped_ninth_to_esto_path, index=False)"
leap_initialisation,codebase/archive/leap_results_dashboard_workflow.py,856,write_csv,write,"comparison_long.to_csv(esto_axis_comparison_long_path, index=False)"
leap_initialisation,codebase/archive/leap_results_dashboard_workflow.py,912,read_csv,read,"pd.read_csv(dashboard_paths[""chart_group_exposure""], dtype=str).fillna("""")"
leap_initialisation,codebase/archive/leap_results_dashboard_workflow.py,917,read_csv,read,"pd.read_csv(dashboard_paths[""all_chart_groups""], dtype=str).fillna("""")"
leap_initialisation,codebase/archive/leap_results_dashboard_workflow.py,921,write_csv,write,"simplify_chart_line_mapping_ledger_output(chart_line_mapping_ledger).to_csv(chart_line_mapping_path, index=False)"
leap_initialisation,codebase/archive/leap_results_dashboard_workflow.py,922,write_csv,write,"simplify_chart_total_component_ledger_output(chart_total_component_ledger).to_csv(chart_total_component_path, index=False)"
leap_initialisation,codebase/archive/leap_results_dashboard_workflow.py,936,write_csv,write,"simplify_mapping_lineage_audit_output(mapping_lineage_audit).to_csv(mapping_lineage_audit_path, index=False)"
leap_initialisation,codebase/archive/leap_results_dashboard_workflow.py,941,read_csv,read,"chart_line_mapping_ledger = pd.read_csv(chart_line_mapping_path, dtype=str, low_memory=False).fillna("""")"
leap_initialisation,codebase/archive/leap_results_dashboard_workflow.py,943,read_csv,read,"chart_total_component_ledger = pd.read_csv(chart_total_component_path, dtype=str, low_memory=False).fillna("""")"
leap_initialisation,codebase/archive/leap_results_dashboard_workflow.py,949,write_csv,write,"ingestion[""issues""].to_csv(runtime_issues_path, index=False)"
leap_initialisation,codebase/archive/leap_results_dashboard_workflow.py,981,read_excel,read,leap_combined_ninth_mapping = pd.read_excel(
leap_initialisation,codebase/archive/leap_results_dashboard_workflow.py,994,write_csv,write,"ingestion[""override_report""].to_csv(override_report_path, index=False)"
leap_initialisation,codebase/archive/leap_results_dashboard_workflow.py,995,write_csv,write,"ingestion.get(""auto_sheet_rows"", pd.DataFrame()).to_csv(auto_sheet_path, index=False)"
leap_initialisation,codebase/archive/leap_results_dashboard_workflow.py,997,write_csv,write,"ingestion[""coverage""].to_csv(coverage_path, index=False)"
leap_initialisation,codebase/archive/leap_results_dashboard_workflow.py,998,write_csv,write,"ingestion[""unit_diagnostics""].to_csv(unit_diag_path, index=False)"
leap_initialisation,codebase/archive/leap_results_dashboard_workflow.py,999,write_csv,write,"ingestion.get(""matching_diagnostics"", pd.DataFrame()).to_csv(matching_diag_path, index=False)"
leap_initialisation,codebase/archive/minor_demand_workflow.py,673,read_csv,read,df = pd.read_csv(path)
leap_initialisation,codebase/archive/power_workflow.py,432,write_csv,write,"report_df.to_csv(report_path_obj, index=False)"
leap_initialisation,codebase/archive/power_workflow.py,743,write_csv,write,"output.to_csv(report_path, index=False)"
leap_initialisation,codebase/archive/power_workflow.py,760,write_csv,write,"output.to_csv(report_path, index=False)"
leap_initialisation,codebase/archive/codex_cleanup_20260414/leap_results_extraction_replica_workflow copy.py,231,read_excel,read,"post = leap_results_workflow.pd.read_excel(probe_workbook, sheet_name=sheet_name, header=None)"
leap_initialisation,codebase/archive/codex_cleanup_20260414/leap_results_extraction_replica_workflow copy.py,1024,write_excel,write,"with leap_results_workflow.pd.ExcelWriter(out_path, engine=""openpyxl"") as writer:"
leap_initialisation,codebase/archive/codex_cleanup_20260414/leap_results_extraction_replica_workflow copy.py,1056,write_excel,write,"combined.to_excel(writer, sheet_name=sheet_name, index=False)"
leap_initialisation,codebase/archive/codex_cleanup_20260414/leap_results_extraction_replica_workflow copy.py,1161,write_csv,write,"fav_df.to_csv(fav_report, index=False)"
leap_initialisation,codebase/functions/analysis_input_write_dispatcher.py,166,read_excel,read,"raw = pd.read_excel(path, sheet_name=sheet_name, header=None)"
leap_initialisation,codebase/functions/analysis_input_write_dispatcher.py,193,write_excel,write,"with pd.ExcelWriter(path, **writer_kwargs) as writer:"
leap_initialisation,codebase/functions/analysis_input_write_dispatcher.py,194,write_excel,write,"output.to_excel(writer, sheet_name=sheet_name, index=False, header=False)"
leap_initialisation,codebase/functions/balance_demand_conservation.py,512,write_csv,write,"rows.to_csv(path, index=False)"
leap_initialisation,codebase/functions/balance_demand_conservation.py,616,write_csv,write,"diagnostics.to_csv(path, index=False)"
leap_initialisation,codebase/functions/baseline_seed_artifact_validation.py,701,read_csv,read,else pd.read_csv(_normalize_path(zero_scope_manifest))
leap_initialisation,codebase/functions/baseline_seed_artifact_validation.py,837,read_csv,read,"expected = expected_rows.copy() if isinstance(expected_rows, pd.DataFrame) else pd.read_csv(_normalize_path(expected_rows))"
leap_initialisation,codebase/functions/baseline_seed_artifact_validation.py,1118,write_csv,write,"ordered_findings.to_csv(findings_path, index=False, lineterminator=""\n"")"
leap_initialisation,codebase/functions/baseline_seed_artifact_validation.py,1119,write_csv,write,"summary.to_csv(summary_path, index=False, lineterminator=""\n"")"
leap_initialisation,codebase/functions/baseline_seed_balance_diagnostics.py,404,read_csv,read,rules = pd.read_csv(_resolve(path))
leap_initialisation,codebase/functions/baseline_seed_balance_diagnostics.py,1160,write_excel,write,with pd.ExcelWriter(output_path) as writer:
leap_initialisation,codebase/functions/baseline_seed_balance_diagnostics.py,1161,write_excel,write,"esto_mapping.to_excel(writer, sheet_name=""leap_combined_esto"", index=False)"
leap_initialisation,codebase/functions/baseline_seed_balance_diagnostics.py,1162,write_excel,write,pd.DataFrame(columns=ninth_columns).to_excel(
leap_initialisation,codebase/functions/baseline_seed_balance_diagnostics.py,3130,write_csv,write,"differences.to_csv(differences_path, index=False)"
leap_initialisation,codebase/functions/baseline_seed_balance_diagnostics.py,3136,write_csv,write,"mapping_issues.to_csv(mapping_issues_path, index=False)"
leap_initialisation,codebase/functions/baseline_seed_balance_diagnostics.py,3146,write_csv,write,"ignored_rows.to_csv(ignored_rows_path, index=False)"
leap_initialisation,codebase/functions/baseline_seed_balance_diagnostics.py,3156,write_csv,write,"projection_diagnostics.to_csv(projection_diagnostics_path, index=False)"
leap_initialisation,codebase/functions/baseline_seed_balance_diagnostics.py,3165,write_csv,write,"review.to_csv(review_path, index=False)"
leap_initialisation,codebase/functions/baseline_seed_postprocess.py,127,read_excel,read,loaded = pd.read_excel(
leap_initialisation,codebase/functions/baseline_seed_validation.py,1742,read_excel,read,data = pd.read_excel(
leap_initialisation,codebase/functions/baseline_seed_validation.py,1762,read_excel,read,data = pd.read_excel(
leap_initialisation,codebase/functions/baseline_seed_validation.py,2295,write_csv,write,"filter_actionable_findings(result.findings).to_csv(findings_path, index=False)"
leap_initialisation,codebase/functions/baseline_seed_validation.py,2296,write_csv,write,"result.duplicate_groups.to_csv(duplicates_path, index=False)"
leap_initialisation,codebase/functions/baseline_seed_validation.py,2298,write_csv,write,"build_validation_issue_groups(actionable_findings).to_csv(issue_groups_path, index=False)"
leap_initialisation,codebase/functions/baseline_seed_validation.py,2299,write_csv,write,"build_branch_issue_summary(actionable_findings).to_csv(branch_issue_summary_path, index=False)"
leap_initialisation,codebase/functions/baseline_seed_validation.py,2300,write_csv,write,"migration_report.to_csv(migration_report_path, index=False)"
leap_initialisation,codebase/functions/buildings_fuel_remap.py,612,write_csv,write,"pd.DataFrame(report_rows).to_csv(report_path, index=False)"
leap_initialisation,codebase/functions/buildings_fuel_remap.py,620,write_csv,write,"pd.DataFrame(validation_rows).to_csv(validation_path, index=False)"
leap_initialisation,codebase/functions/energy_use_reconciliation.py,23,read_excel,read,">>> export_df = pd.read_excel(""../outputs/USA_transport_leap_export_Target.xlsx"")"
leap_initialisation,codebase/functions/industry_fuel_remap.py,675,read_csv,read,ninth_df = pd.read_csv(ninth_data_path)
leap_initialisation,codebase/functions/industry_fuel_remap.py,980,write_csv,write,"pd.DataFrame(report_rows).to_csv(report_path, index=False)"
leap_initialisation,codebase/functions/industry_fuel_remap.py,1005,write_csv,write,"validation_report.to_csv(validation_path, index=False)"
leap_initialisation,codebase/functions/leap_core.py,522,write_excel,write,"with pd.ExcelWriter(filename, engine='openpyxl') as writer:"
leap_initialisation,codebase/functions/leap_core.py,523,write_excel,write,"export_df.to_excel(writer, sheet_name='All_Data', index=False)"
leap_initialisation,codebase/functions/leap_core.py,1774,read_excel,read,"return pd.read_excel(path, sheet_name=sheet_name, header=header_guess)"
leap_initialisation,codebase/functions/leap_core.py,1997,read_excel,read,"return pd.read_excel(path, sheet_name=sheet_name, header=header_guess)"
leap_initialisation,codebase/functions/leap_excel_io.py,137,read_excel,read,"raw = pd.read_excel(resolved, sheet_name=sheet_name, header=None)"
leap_initialisation,codebase/functions/leap_excel_io.py,196,read_excel,read,"raw = pd.read_excel(path, sheet_name=sheet_name, header=None)"
leap_initialisation,codebase/functions/leap_excel_io.py,220,write_excel,write,"with pd.ExcelWriter(path, **writer_kwargs) as writer:"
leap_initialisation,codebase/functions/leap_excel_io.py,221,write_excel,write,"output.to_excel(writer, sheet_name=sheet_name, index=False, header=False)"
leap_initialisation,codebase/functions/leap_excel_io.py,302,read_excel,read,"reference = pd.read_excel(path, sheet_name=sheet_name, header=2)"
leap_initialisation,codebase/functions/leap_excel_io.py,369,write_excel,write,"instructions.to_excel(writer, sheet_name=""Instructions"", index=False)"
leap_initialisation,codebase/functions/leap_excel_io.py,816,write_csv,write,"diagnostic.to_csv(diagnostic_path, index=False)"
leap_initialisation,codebase/functions/leap_excel_io.py,835,write_excel,write,"with pd.ExcelWriter(out_path, engine=""openpyxl"") as writer:"
leap_initialisation,codebase/functions/leap_excel_io.py,836,write_excel,write,"export_df_for_viewing2.to_excel(writer, sheet_name=""FOR_VIEWING"", index=False, header=False, startrow=0)"
leap_initialisation,codebase/functions/leap_excel_io.py,837,write_excel,write,"leap_export_df2.to_excel(writer, sheet_name=""LEAP"", index=False, header=False, startrow=0)"
leap_initialisation,codebase/functions/leap_excel_io.py,895,read_excel,read,"import_df = pd.read_excel(import_filename, sheet_name='Export', header=2)"
leap_initialisation,codebase/functions/leap_excel_io.py,1275,read_csv,read,energy_df = pd.read_csv(source_path)
leap_initialisation,codebase/functions/leap_excel_io.py,1277,read_excel,read,energy_df = pd.read_excel(source_path)
leap_initialisation,codebase/functions/leap_excel_io.py,1359,write_excel,write,"with pd.ExcelWriter(leap_export_filename, engine=""openpyxl"", mode=""w"") as writer:"
leap_initialisation,codebase/functions/leap_excel_io.py,1360,write_excel,write,"export_df.to_excel(writer, sheet_name=sheet_name, index=False)"
leap_initialisation,codebase/functions/leap_series_comparison.py,874,write_csv,write,"comparison_long.to_csv(comparison_long_csv, index=False)"
leap_initialisation,codebase/functions/leap_series_comparison.py,875,write_csv,write,"comparison_wide.to_csv(comparison_wide_csv, index=False)"
leap_initialisation,codebase/functions/leap_series_comparison.py,876,write_csv,write,"comparison_summary.to_csv(comparison_summary_csv, index=False)"
leap_initialisation,codebase/functions/leap_series_comparison.py,877,write_csv,write,"mapping_status.to_csv(mapping_status_csv, index=False)"
leap_initialisation,codebase/functions/leap_series_comparison.py,878,write_csv,write,"unmatched.to_csv(unmatched_leap_rows_csv, index=False)"
leap_initialisation,codebase/functions/leap_series_comparison.py,1540,write_csv,write,"sheet_inventory.to_csv(output_dir / ""sheet_inventory.csv"", index=False)"
leap_initialisation,codebase/functions/leap_series_comparison.py,1657,write_csv,write,"fuel_mapping_status_df.to_csv(output_dir / ""fuel_mapping_status.csv"", index=False)"
leap_initialisation,codebase/functions/leap_series_comparison.py,2229,write_csv,write,"comparison_long.to_csv(comparison_long_csv, index=False)"
leap_initialisation,codebase/functions/leap_series_comparison.py,2230,write_csv,write,"comparison_wide.to_csv(comparison_wide_csv, index=False)"
leap_initialisation,codebase/functions/leap_series_comparison.py,2231,write_csv,write,"comparison_summary.to_csv(comparison_summary_csv, index=False)"
leap_initialisation,codebase/functions/leap_series_comparison.py,2232,write_csv,write,"mapping_status.to_csv(mapping_status_csv, index=False)"
leap_initialisation,codebase/functions/leap_series_comparison.py,2233,write_csv,write,"unmatched.to_csv(unmatched_leap_rows_csv, index=False)"
leap_initialisation,codebase/functions/other_loss_own_use_proxy_utils.py,2478,write_excel,write,"with pd.ExcelWriter(_resolve(workbook_path), **writer_kwargs) as writer:"
leap_initialisation,codebase/functions/other_loss_own_use_proxy_utils.py,2479,write_excel,write,"sheet_df.to_excel(writer, sheet_name=output_sheet_name, index=False, header=False)"
leap_initialisation,codebase/functions/other_loss_own_use_proxy_utils.py,2486,write_csv,write,"df.to_csv(path, index=False)"
leap_initialisation,codebase/functions/other_loss_own_use_proxy_utils.py,2490,write_csv,write,"df.to_csv(fallback, index=False)"
leap_initialisation,codebase/functions/patch_baseline_seeds.py,338,read_excel,read,"raw = pd.read_excel(path, sheet_name=sheet, header=None)"
leap_initialisation,codebase/functions/patch_baseline_seeds.py,394,read_excel,read,exceptions = pd.read_excel(
leap_initialisation,codebase/functions/patch_baseline_seeds.py,475,read_excel,read,"raw = pd.read_excel(path, sheet_name=""Export"", header=None)"
leap_initialisation,codebase/functions/patch_baseline_seeds.py,656,read_excel,read,"raw = pd.read_excel(seed_path, sheet_name=""LEAP"", header=None)"
leap_initialisation,codebase/functions/patch_baseline_seeds.py,1155,read_excel,read,"raw = pd.read_excel(seed_path, sheet_name=""LEAP"", header=None)"
leap_initialisation,codebase/functions/patch_baseline_seeds.py,1202,write_csv,write,excluded_rows.to_csv(
leap_initialisation,codebase/functions/patch_baseline_seeds.py,1257,write_excel,write,"with pd.ExcelWriter(seed_path, engine=""openpyxl"") as writer:"
leap_initialisation,codebase/functions/patch_baseline_seeds.py,1258,write_excel,write,"full_df.to_excel(writer, sheet_name=""LEAP"", index=False, header=False)"
leap_initialisation,codebase/functions/patch_baseline_seeds.py,1259,write_excel,write,"viewing_df.to_excel(writer, sheet_name=""FOR_VIEWING"", index=False, header=False)"
leap_initialisation,codebase/functions/supply_assets.py,160,write_csv,write,"projection_diagnostics.to_csv(PROJECTION_DIAGNOSTICS_PATH, index=False)"
leap_initialisation,codebase/functions/supply_conservation.py,212,read_excel,read,"rows = pd.read_excel(path, header=2, usecols=[""Branch Path""])"
leap_initialisation,codebase/functions/supply_conservation.py,242,write_csv,write,"rows.to_csv(path, index=False)"
leap_initialisation,codebase/functions/transformation_analysis_utils.py,1383,read_excel,read,"mapping_df = pd.read_excel(path, sheet_name=""leap_display_names"")"
leap_initialisation,codebase/functions/transformation_analysis_utils.py,1817,write_csv,write,"context.to_csv(output_path, index=False)"
leap_initialisation,codebase/functions/transformation_analysis_utils.py,1855,write_csv,write,"inventory.to_csv(output_path, index=False)"
leap_initialisation,codebase/functions/transformation_analysis_utils.py,1942,write_csv,write,"projection_diagnostics.to_csv(PROJECTION_DIAGNOSTICS_PATH, index=False)"
leap_initialisation,codebase/functions/transformation_fuel_remap.py,265,write_csv,write,"pd.DataFrame(rows).to_csv(report_path, index=False)"
leap_initialisation,codebase/functions/transformation_record_builder.py,2355,write_csv,write,"process_summary.to_csv(process_summary_path, index=False)"
leap_initialisation,codebase/functions/transformation_record_builder.py,2356,write_csv,write,"detail_summary.to_csv(detail_summary_path, index=False)"
leap_initialisation,codebase/mappings/canonical_loaders.py,214,read_excel,read,"frame = pd.read_excel(path, **read_kwargs)"
leap_initialisation,codebase/mappings/hierarchy_subtotal_contract_loader.py,53,read_csv,read,"frame = pd.read_csv(path, dtype=object)"
leap_initialisation,codebase/mapping_code/codebase/mapping_tools/build_dashboard_graph_index.py,429,write_csv,write,"graph_index_df.to_csv(graph_index_path, index=False)"
leap_initialisation,codebase/mapping_code/codebase/mapping_tools/build_dashboard_graph_index.py,430,write_csv,write,"graph_flow_index_df.to_csv(graph_flow_index_path, index=False)"
leap_initialisation,codebase/mapping_code/codebase/mapping_tools/build_dashboard_graph_index.py,431,write_csv,write,"graph_product_index_df.to_csv(graph_product_index_path, index=False)"
leap_initialisation,codebase/mapping_code/codebase/mapping_tools/build_dashboard_graph_index.py,432,write_csv,write,"graph_flow_product_index_df.to_csv(graph_flow_product_index_path, index=False)"
leap_initialisation,codebase/mapping_code/codebase/mapping_tools/convert_leap_combined_esto_to_esto_first.py,182,read_excel,read,"return pd.read_excel(path, sheet_name=sheet_name)"
leap_initialisation,codebase/mapping_code/codebase/mapping_tools/convert_leap_combined_esto_to_esto_first.py,184,read_csv,read,return pd.read_csv(path)
leap_initialisation,codebase/mapping_code/codebase/mapping_tools/convert_leap_combined_esto_to_esto_first.py,711,write_csv,write,"mapping_df.to_csv(output_csv_path, index=False)"
leap_initialisation,codebase/mapping_code/codebase/mapping_tools/convert_leap_combined_esto_to_esto_first.py,712,write_csv,write,"graph_links_df.to_csv(graph_links_csv_path, index=False)"
leap_initialisation,codebase/mapping_code/codebase/mapping_tools/convert_leap_combined_esto_to_esto_first.py,713,write_excel,write,"with pd.ExcelWriter(output_xlsx_path, engine=""openpyxl"") as writer:"
leap_initialisation,codebase/mapping_code/codebase/mapping_tools/convert_leap_combined_esto_to_esto_first.py,714,write_excel,write,"mapping_df.to_excel(writer, sheet_name=""mapping_candidates"", index=False)"
leap_initialisation,codebase/mapping_code/codebase/mapping_tools/convert_leap_combined_esto_to_esto_first.py,715,write_excel,write,"graph_links_df.to_excel(writer, sheet_name=""graph_links"", index=False)"
leap_initialisation,codebase/mapping_code/codebase/mapping_tools/convert_leap_combined_esto_to_esto_first.py,718,write_excel,write,"qa_df.to_excel(writer, sheet_name=sheet_name, index=False)"
leap_initialisation,codebase/mapping_code/codebase/mapping_tools/convert_leap_combined_esto_to_esto_first.py,722,write_csv,write,"qa_df.to_csv(qa_dir / qa_filename, index=False)"
leap_initialisation,codebase/mapping_code/codebase/mapping_tools/convert_leap_combined_esto_to_esto_first.py,736,read_csv,read,graph_flow_product_index_df = pd.read_csv(graph_flow_product_index_path)
leap_initialisation,codebase/mapping_tools/apply_common_esto_structure.py,57,read_excel,read,return pd.read_excel(path)
leap_initialisation,codebase/mapping_tools/apply_common_esto_structure.py,58,read_csv,read,return pd.read_csv(path)
leap_initialisation,codebase/mapping_tools/apply_common_esto_structure.py,219,write_csv,write,"pruned_components_df.to_csv(diagnostics_dir / ""common_esto_components_pruned_not_applicable.csv"", index=False)"
leap_initialisation,codebase/mapping_tools/apply_common_esto_structure.py,357,write_csv,write,"df.to_csv(diagnostics_dir / f""{name}.csv"", index=False)"
leap_initialisation,codebase/mapping_tools/apply_common_esto_structure.py,358,write_excel,write,"with pd.ExcelWriter(diagnostics_dir / ""broad_common_row_diagnostics.xlsx"", engine=""openpyxl"") as writer:"
leap_initialisation,codebase/mapping_tools/apply_common_esto_structure.py,360,write_excel,write,"df.to_excel(writer, sheet_name=name[:31], index=False)"
leap_initialisation,codebase/mapping_tools/apply_common_esto_structure.py,473,write_csv,write,"product_diagnostics_df.to_csv(diagnostics_dir / ""intersecting_common_product_groups.csv"", index=False)"
leap_initialisation,codebase/mapping_tools/apply_common_esto_structure.py,474,write_csv,write,"flow_diagnostics_df.to_csv(diagnostics_dir / ""intersecting_common_flow_groups.csv"", index=False)"
leap_initialisation,codebase/mapping_tools/apply_common_esto_structure.py,475,write_excel,write,"with pd.ExcelWriter(diagnostics_dir / ""intersecting_common_axis_groups.xlsx"", engine=""openpyxl"") as writer:"
leap_initialisation,codebase/mapping_tools/apply_common_esto_structure.py,476,write_excel,write,"product_diagnostics_df.to_excel(writer, sheet_name=""product_group_overlaps"", index=False)"
leap_initialisation,codebase/mapping_tools/apply_common_esto_structure.py,477,write_excel,write,"flow_diagnostics_df.to_excel(writer, sheet_name=""flow_group_overlaps"", index=False)"
leap_initialisation,codebase/mapping_tools/apply_common_esto_structure.py,574,write_csv,write,"df.to_csv(output_path, index=False)"
leap_initialisation,codebase/mapping_tools/apply_common_esto_structure.py,580,write_csv,write,"df.to_csv(fallback_path, index=False)"
leap_initialisation,codebase/mapping_tools/apply_common_esto_structure.py,637,read_csv,read,"common_rows_df = pd.read_csv(common_rows_path, dtype=str).fillna("""")"
leap_initialisation,codebase/mapping_tools/apply_ninth_to_esto_conversion.py,30,read_excel,read,return pd.read_excel(path)
leap_initialisation,codebase/mapping_tools/apply_ninth_to_esto_conversion.py,31,read_csv,read,return pd.read_csv(path)
leap_initialisation,codebase/mapping_tools/apply_ninth_to_esto_conversion.py,36,read_csv,read,relationships_df = pd.read_csv(relationships_path)
leap_initialisation,codebase/mapping_tools/apply_ninth_to_esto_conversion.py,86,write_csv,write,"converted_df.to_csv(output_path, index=False)"
leap_initialisation,codebase/mapping_tools/build_common_esto_structure.py,126,read_excel,read,df = pd.read_excel(path)
leap_initialisation,codebase/mapping_tools/build_common_esto_structure.py,128,read_csv,read,df = pd.read_csv(path)
leap_initialisation,codebase/mapping_tools/build_common_esto_structure.py,231,read_excel,read,"labels_df = pd.read_excel(canonical_mapping_path, sheet_name=""leap_display_names"")"
leap_initialisation,codebase/mapping_tools/build_common_esto_structure.py,945,write_csv,write,"common_rows_df.to_csv(output_dir / ""common_esto_rows.csv"", index=False)"
leap_initialisation,codebase/mapping_tools/build_common_esto_structure.py,946,write_csv,write,"common_rows_df.to_csv(output_dir / ""common_esto_row_components.csv"", index=False)"
leap_initialisation,codebase/mapping_tools/build_common_esto_structure.py,947,write_csv,write,"map_df.to_csv(output_dir / ""esto_to_common_esto_map.csv"", index=False)"
leap_initialisation,codebase/mapping_tools/build_common_esto_structure.py,949,write_csv,write,"df.to_csv(output_dir / f""{name}.csv"", index=False)"
leap_initialisation,codebase/mapping_tools/build_common_esto_structure.py,950,write_excel,write,"with pd.ExcelWriter(output_dir / ""common_esto_rows.xlsx"", engine=""openpyxl"") as writer:"
leap_initialisation,codebase/mapping_tools/build_common_esto_structure.py,951,write_excel,write,"common_rows_df.to_excel(writer, sheet_name=""common_esto_rows"", index=False)"
leap_initialisation,codebase/mapping_tools/build_common_esto_structure.py,952,write_excel,write,"map_df.to_excel(writer, sheet_name=""esto_to_common_esto_map"", index=False)"
leap_initialisation,codebase/mapping_tools/build_common_esto_structure.py,956,write_excel,write,"df.to_excel(writer, sheet_name=sheet_name, index=False)"
leap_initialisation,codebase/mapping_tools/build_common_esto_structure.py,957,write_excel,write,"with pd.ExcelWriter(output_dir / ""common_esto_structure.xlsx"", engine=""openpyxl"") as writer:"
leap_initialisation,codebase/mapping_tools/build_common_esto_structure.py,958,write_excel,write,"common_rows_df.to_excel(writer, sheet_name=""common_esto_rows"", index=False)"
leap_initialisation,codebase/mapping_tools/build_common_esto_structure.py,959,write_excel,write,"map_df.to_excel(writer, sheet_name=""esto_to_common_esto_map"", index=False)"
leap_initialisation,codebase/mapping_tools/build_common_esto_structure.py,963,write_excel,write,"df.to_excel(writer, sheet_name=sheet_name, index=False)"
leap_initialisation,codebase/mapping_tools/build_common_esto_structure.py,1079,read_csv,read,"relationships_df = pd.read_csv(relationships_path, low_memory=False)"
leap_initialisation,codebase/mapping_tools/build_dashboard_graph_index.py,433,write_csv,write,"graph_index_df.to_csv(graph_index_path, index=False)"
leap_initialisation,codebase/mapping_tools/build_dashboard_graph_index.py,434,write_csv,write,"graph_flow_index_df.to_csv(graph_flow_index_path, index=False)"
leap_initialisation,codebase/mapping_tools/build_dashboard_graph_index.py,435,write_csv,write,"graph_product_index_df.to_csv(graph_product_index_path, index=False)"
leap_initialisation,codebase/mapping_tools/build_dashboard_graph_index.py,436,write_csv,write,"graph_flow_product_index_df.to_csv(graph_flow_product_index_path, index=False)"
leap_initialisation,codebase/mapping_tools/build_energy_balance_graph_links.py,355,write_csv,write,"graph_links_df.to_csv(graph_links_path, index=False)"
leap_initialisation,codebase/mapping_tools/build_energy_balance_graph_links.py,356,write_csv,write,"dashboard_df.to_csv(dashboard_relationships_path, index=False)"
leap_initialisation,codebase/mapping_tools/build_energy_balance_graph_links.py,358,write_csv,write,"qa_df.to_csv(qa_dir / QA_FILENAMES[qa_name], index=False)"
leap_initialisation,codebase/mapping_tools/build_energy_balance_graph_links.py,362,write_excel,write,"with pd.ExcelWriter(relationships_workbook_path, engine=""openpyxl"", mode=""a"", if_sheet_exists=""replace"") as writer:"
leap_initialisation,codebase/mapping_tools/build_energy_balance_graph_links.py,363,write_excel,write,"graph_links_df.to_excel(writer, sheet_name=""energy_balance_graph_links"", index=False)"
leap_initialisation,codebase/mapping_tools/build_energy_balance_graph_links.py,364,write_excel,write,"dashboard_df.to_excel(writer, sheet_name=""dashboard_relationships"", index=False)"
leap_initialisation,codebase/mapping_tools/build_energy_balance_graph_links.py,370,write_excel,write,").to_excel(writer, sheet_name=""qa_summary"", index=False)"
leap_initialisation,codebase/mapping_tools/build_energy_balance_graph_links.py,371,write_excel,write,"qa_tables[""relationships_not_used_by_template""].to_excel(writer, sheet_name=""qa_missing"", index=False)"
leap_initialisation,codebase/mapping_tools/build_energy_balance_graph_links.py,372,write_excel,write,"qa_tables[""duplicate_source_relationships""].to_excel(writer, sheet_name=""qa_duplicates"", index=False)"
leap_initialisation,codebase/mapping_tools/build_energy_balance_graph_links.py,373,write_excel,write,"qa_tables[""parent_child_risks""].to_excel(writer, sheet_name=""qa_parent_child_risks"", index=False)"
leap_initialisation,codebase/mapping_tools/build_energy_balance_graph_links.py,387,read_csv,read,relationships_df = pd.read_csv(relationships_path)
leap_initialisation,codebase/mapping_tools/build_energy_balance_graph_links.py,388,read_csv,read,graph_flow_product_index_df = pd.read_csv(graph_flow_product_index_path)
leap_initialisation,codebase/mapping_tools/build_energy_balance_relationships.py,61,write_csv,write,"relationship_df.to_csv(output_csv_path, index=False)"
leap_initialisation,codebase/mapping_tools/build_energy_balance_relationships.py,62,write_csv,write,"relationship_catalogue_df.to_csv(relationship_catalogue_csv_path, index=False)"
leap_initialisation,codebase/mapping_tools/build_energy_balance_relationships.py,63,write_csv,write,"rolled_mapping_rows_df.to_csv(rolled_mapping_rows_csv_path, index=False)"
leap_initialisation,codebase/mapping_tools/build_energy_balance_relationships.py,65,write_csv,write,"qa_df.to_csv(qa_dir / f""{qa_name}.csv"", index=False)"
leap_initialisation,codebase/mapping_tools/build_energy_balance_relationships.py,67,write_excel,write,"with pd.ExcelWriter(output_xlsx_path, engine=""openpyxl"") as writer:"
leap_initialisation,codebase/mapping_tools/build_energy_balance_relationships.py,68,write_excel,write,"relationship_df.to_excel(writer, sheet_name=""energy_balance_relationships"", index=False)"
leap_initialisation,codebase/mapping_tools/build_energy_balance_relationships.py,69,write_excel,write,"relationship_catalogue_df.to_excel(writer, sheet_name=""relationship_catalogue"", index=False)"
leap_initialisation,codebase/mapping_tools/build_energy_balance_relationships.py,70,write_excel,write,"rolled_mapping_rows_df.to_excel(writer, sheet_name=""rolled_mapping_rows"", index=False)"
leap_initialisation,codebase/mapping_tools/build_energy_balance_relationships.py,78,write_excel,write,"qa_df.to_excel(writer, sheet_name=sheet_name, index=False)"
leap_initialisation,codebase/mapping_tools/check_leap_to_esto_conversion_coverage.py,43,read_excel,read,return pd.read_excel(path)
leap_initialisation,codebase/mapping_tools/check_leap_to_esto_conversion_coverage.py,44,read_csv,read,return pd.read_csv(path)
leap_initialisation,codebase/mapping_tools/check_leap_to_esto_conversion_coverage.py,70,read_csv,read,relationships_df = pd.read_csv(relationships_path)
leap_initialisation,codebase/mapping_tools/check_leap_to_esto_conversion_coverage.py,274,write_csv,write,"output_df.to_csv(output_dir / OUTPUT_FILENAMES[name], index=False)"
leap_initialisation,codebase/mapping_tools/convert_leap_combined_esto_to_esto_first.py,217,read_excel,read,"return pd.read_excel(path, sheet_name=sheet_name)"
leap_initialisation,codebase/mapping_tools/convert_leap_combined_esto_to_esto_first.py,219,read_csv,read,return pd.read_csv(path)
leap_initialisation,codebase/mapping_tools/convert_leap_combined_esto_to_esto_first.py,770,write_csv,write,"mapping_df.to_csv(output_csv_path, index=False)"
leap_initialisation,codebase/mapping_tools/convert_leap_combined_esto_to_esto_first.py,771,write_csv,write,"graph_links_df.to_csv(graph_links_csv_path, index=False)"
leap_initialisation,codebase/mapping_tools/convert_leap_combined_esto_to_esto_first.py,772,write_excel,write,"with pd.ExcelWriter(output_xlsx_path, engine=""openpyxl"") as writer:"
leap_initialisation,codebase/mapping_tools/convert_leap_combined_esto_to_esto_first.py,773,write_excel,write,"mapping_df.to_excel(writer, sheet_name=""mapping_candidates"", index=False)"
leap_initialisation,codebase/mapping_tools/convert_leap_combined_esto_to_esto_first.py,774,write_excel,write,"graph_links_df.to_excel(writer, sheet_name=""graph_links"", index=False)"
leap_initialisation,codebase/mapping_tools/convert_leap_combined_esto_to_esto_first.py,777,write_excel,write,"qa_df.to_excel(writer, sheet_name=sheet_name, index=False)"
leap_initialisation,codebase/mapping_tools/convert_leap_combined_esto_to_esto_first.py,781,write_csv,write,"qa_df.to_csv(qa_dir / qa_filename, index=False)"
leap_initialisation,codebase/mapping_tools/convert_leap_combined_esto_to_esto_first.py,795,read_csv,read,graph_flow_product_index_df = pd.read_csv(graph_flow_product_index_path)
leap_initialisation,codebase/mapping_tools/convert_leap_results_to_esto.py,31,read_excel,read,return pd.read_excel(path)
leap_initialisation,codebase/mapping_tools/convert_leap_results_to_esto.py,32,read_csv,read,return pd.read_csv(path)
leap_initialisation,codebase/mapping_tools/convert_leap_results_to_esto.py,37,read_csv,read,relationships_df = pd.read_csv(relationships_path)
leap_initialisation,codebase/mapping_tools/convert_leap_results_to_esto.py,95,write_csv,write,"converted_df.to_csv(output_path, index=False)"
leap_initialisation,codebase/mapping_tools/mapping_rollups.py,435,read_excel,read,"return pd.read_excel(workbook_path, sheet_name=sheet_name, dtype=object).fillna("""")"
leap_initialisation,codebase/mapping_tools/mapping_rollups.py,445,read_excel,read,"frame = pd.read_excel(workbook_path, sheet_name=sheet_name, dtype=object).fillna("""")"
leap_initialisation,codebase/mapping_tools/mapping_rollups.py,457,read_excel,read,"frame = pd.read_excel(workbook_path, sheet_name=""individual_mapping_exceptions"", dtype=object).fillna("""")"
leap_initialisation,codebase/mapping_tools/prepare_new_esto_data.py,679,read_csv,read,"esto_df = pd.read_csv(esto_csv_path, dtype=object, low_memory=False)"
leap_initialisation,codebase/mapping_tools/prepare_new_esto_data.py,680,read_csv,read,"reference_dfs = [pd.read_csv(path, dtype=object, low_memory=False) for path in reference_csv_paths]"
leap_initialisation,codebase/mapping_tools/prepare_new_esto_data.py,681,read_csv,read,"ninth_df = pd.read_csv(ninth_csv_path, dtype=object, low_memory=False) if ninth_csv_path else None"
leap_initialisation,codebase/mapping_tools/prepare_new_esto_data.py,687,write_csv,write,"prepared.to_csv(destination, index=False)"
leap_initialisation,codebase/mapping_tools/update_mapping_cardinality.py,213,read_csv,read,"products = pd.read_csv(path, usecols=[""products""])[""products""].dropna().astype(str).str.strip()"
leap_initialisation,codebase/mapping_tools/update_mapping_cardinality.py,222,read_csv,read,"columns = pd.read_csv(path, nrows=0).columns.tolist()"
leap_initialisation,codebase/mapping_tools/update_mapping_cardinality.py,226,read_csv,read,"data = pd.read_csv(path, usecols=usecols, low_memory=False).fillna("""")"
leap_initialisation,codebase/mapping_tools/update_mapping_cardinality.py,241,read_excel,read,"data = pd.read_excel(path, sheet_name=""Export"", header=2, usecols=[""Branch Path""], dtype=object).fillna("""")"
leap_initialisation,codebase/mapping_tools/update_mapping_cardinality.py,376,read_csv,read,"columns = pd.read_csv(path, nrows=0).columns.tolist()"
leap_initialisation,codebase/mapping_tools/update_mapping_cardinality.py,381,read_csv,read,"data = pd.read_csv(path, usecols=required).fillna("""")"
leap_initialisation,codebase/mapping_tools/update_mapping_cardinality.py,408,read_csv,read,"columns = pd.read_csv(path, nrows=0).columns.tolist()"
leap_initialisation,codebase/mapping_tools/update_mapping_cardinality.py,415,read_csv,read,"data = pd.read_csv(path, usecols=usecols, low_memory=False).fillna("""")"
leap_initialisation,codebase/mapping_tools/update_mapping_cardinality.py,787,read_csv,read,"header = pd.read_csv(source_path, nrows=0)"
leap_initialisation,codebase/mapping_tools/update_mapping_cardinality.py,793,read_csv,read,"data = pd.read_csv(source_path, usecols=usecols).fillna("""")"
leap_initialisation,codebase/mapping_tools/update_mapping_cardinality.py,906,read_csv,read,"header = pd.read_csv(source_path, nrows=0)"
leap_initialisation,codebase/mapping_tools/update_mapping_cardinality.py,914,read_csv,read,"data = pd.read_csv(source_path, usecols=usecols, low_memory=False).fillna("""")"
leap_initialisation,codebase/mapping_tools/update_mapping_cardinality.py,1143,write_csv,write,"qa_df.to_csv(qa_dir / f""{qa_name}.csv"", index=False)"
leap_initialisation,codebase/old_workflows/aperc_reference_aggregation_workflow.py,214,read_excel,read,"df = pd.read_excel(workbook_path, sheet_name=SHEET_7TH, header=None)"
leap_initialisation,codebase/old_workflows/aperc_reference_aggregation_workflow.py,368,read_excel,read,"df = pd.read_excel(workbook_path, sheet_name=SHEET_8TH, header=0)"
leap_initialisation,codebase/old_workflows/aperc_reference_aggregation_workflow.py,459,read_excel,read,"raw = pd.read_excel(workbook_path, sheet_name=SHEET_9TH, header=None)"
leap_initialisation,codebase/old_workflows/aperc_reference_aggregation_workflow.py,536,read_excel,read,"df = pd.read_excel(workbook_path, sheet_name=SHEET_7TH, header=None)"
leap_initialisation,codebase/old_workflows/aperc_reference_aggregation_workflow.py,594,read_excel,read,"df = pd.read_excel(workbook_path, sheet_name=SHEET_8TH, header=0)"
leap_initialisation,codebase/old_workflows/aperc_reference_aggregation_workflow.py,632,read_excel,read,"raw = pd.read_excel(workbook_path, sheet_name=SHEET_9TH, header=None)"
leap_initialisation,codebase/old_workflows/aperc_reference_aggregation_workflow.py,666,read_excel,read,"df = pd.read_excel(workbook_path, sheet_name=SHEET_7TH, header=None)"
leap_initialisation,codebase/old_workflows/aperc_reference_aggregation_workflow.py,726,read_excel,read,"df = pd.read_excel(workbook_path, sheet_name=SHEET_8TH, header=0)"
leap_initialisation,codebase/old_workflows/aperc_reference_aggregation_workflow.py,787,read_csv,read,df = pd.read_csv(path)
leap_initialisation,codebase/old_workflows/aperc_reference_aggregation_workflow.py,789,read_excel,read,"df = pd.read_excel(path, sheet_name=sheet_name)"
leap_initialisation,codebase/old_workflows/aperc_reference_aggregation_workflow.py,2081,write_csv,write,"source_series_long.to_csv(source_long_path, index=False)"
leap_initialisation,codebase/old_workflows/aperc_reference_aggregation_workflow.py,2082,write_csv,write,"total_agg.to_csv(total_agg_path, index=False)"
leap_initialisation,codebase/old_workflows/aperc_reference_aggregation_workflow.py,2083,write_csv,write,"tpes_agg.to_csv(tpes_agg_path, index=False)"
leap_initialisation,codebase/old_workflows/aperc_reference_aggregation_workflow.py,2084,write_csv,write,"fuel_agg.to_csv(fuel_agg_path, index=False)"
leap_initialisation,codebase/old_workflows/aperc_reference_aggregation_workflow.py,2085,write_csv,write,"tpes_fuel_agg.to_csv(tpes_fuel_agg_path, index=False)"
leap_initialisation,codebase/old_workflows/aperc_reference_aggregation_workflow.py,2086,write_csv,write,"notes_df.to_csv(notes_path, index=False)"
leap_initialisation,codebase/old_workflows/full_model_workflow_notebook.py,472,read_excel,read,"raw = pd.read_excel(path, sheet_name=sheet_name, header=None)"
leap_initialisation,codebase/old_workflows/full_model_workflow_notebook.py,1010,write_excel,write,"with pd.ExcelWriter(out_path, engine=""openpyxl"", mode=""w"") as writer:"
leap_initialisation,codebase/old_workflows/full_model_workflow_notebook.py,1011,write_excel,write,leap_preamble.to_excel(
leap_initialisation,codebase/old_workflows/full_model_workflow_notebook.py,1018,write_excel,write,pd.DataFrame([list(leap_data.columns)]).to_excel(
leap_initialisation,codebase/old_workflows/full_model_workflow_notebook.py,1025,write_excel,write,leap_data.to_excel(
leap_initialisation,codebase/old_workflows/full_model_workflow_notebook.py,1032,write_excel,write,viewing_preamble.to_excel(
leap_initialisation,codebase/old_workflows/full_model_workflow_notebook.py,1039,write_excel,write,pd.DataFrame([list(viewing_data.columns)]).to_excel(
leap_initialisation,codebase/old_workflows/full_model_workflow_notebook.py,1046,write_excel,write,viewing_data.to_excel(
leap_initialisation,codebase/old_workflows/leap_balance_mapping_scaffold_workflow.py,247,read_csv,read,esto = pd.read_csv(esto_table_path)
leap_initialisation,codebase/old_workflows/leap_balance_mapping_scaffold_workflow.py,624,read_csv,read,esto = pd.read_csv(esto_table_path)
leap_initialisation,codebase/old_workflows/leap_balance_mapping_scaffold_workflow.py,782,write_excel,write,"with pd.ExcelWriter(OUTPUT_WORKBOOK_PATH, engine=""openpyxl"") as writer:"
leap_initialisation,codebase/old_workflows/leap_balance_mapping_scaffold_workflow.py,783,write_excel,write,"pd.DataFrame([summary]).to_excel(writer, sheet_name=""summary"", index=False)"
leap_initialisation,codebase/old_workflows/leap_balance_mapping_scaffold_workflow.py,784,write_excel,write,"leap_code_map.to_excel(writer, sheet_name=""leap_code_to_esto_pair"", index=False)"
leap_initialisation,codebase/old_workflows/leap_balance_mapping_scaffold_workflow.py,785,write_excel,write,"leap_name_map.to_excel(writer, sheet_name=""leap_name_to_esto_pair"", index=False)"
leap_initialisation,codebase/old_workflows/leap_balance_mapping_scaffold_workflow.py,786,write_excel,write,"leap_code_to_ninth.to_excel(writer, sheet_name=""leap_code_to_ninth_pair"", index=False)"
leap_initialisation,codebase/old_workflows/leap_balance_mapping_scaffold_workflow.py,787,write_excel,write,"leap_name_to_ninth.to_excel(writer, sheet_name=""leap_name_to_ninth_pair"", index=False)"
leap_initialisation,codebase/old_workflows/leap_balance_mapping_scaffold_workflow.py,788,write_excel,write,"unmapped_leap_pairs.to_excel(writer, sheet_name=""unmapped_leap_pairs"", index=False)"
leap_initialisation,codebase/old_workflows/leap_balance_mapping_scaffold_workflow.py,789,write_excel,write,"unmapped_leap_to_ninth.to_excel(writer, sheet_name=""unmapped_leap_to_ninth_pairs"", index=False)"
leap_initialisation,codebase/old_workflows/leap_balance_mapping_scaffold_workflow.py,790,write_excel,write,"ambiguous_name_pairs.to_excel(writer, sheet_name=""ambiguous_name_pairs"", index=False)"
leap_initialisation,codebase/old_workflows/leap_balance_mapping_scaffold_workflow.py,791,write_excel,write,"leap_axis_sectors.to_excel(writer, sheet_name=""leap_axis_sectors"", index=False)"
leap_initialisation,codebase/old_workflows/leap_balance_mapping_scaffold_workflow.py,792,write_excel,write,"leap_axis_fuels.to_excel(writer, sheet_name=""leap_axis_fuels"", index=False)"
leap_initialisation,codebase/old_workflows/leap_balance_mapping_scaffold_workflow.py,793,write_excel,write,"missing_esto_pairs_with_data.to_excel(writer, sheet_name=""missing_esto_with_data"", index=False)"
leap_initialisation,codebase/old_workflows/leap_balance_mapping_scaffold_workflow.py,794,write_excel,write,"mapped_not_in_esto_data.to_excel(writer, sheet_name=""mapped_not_in_esto_data"", index=False)"
leap_initialisation,codebase/old_workflows/leap_balance_mapping_scaffold_workflow.py,795,write_excel,write,"esto_pairs_with_data.to_excel(writer, sheet_name=""esto_pairs_with_data"", index=False)"
leap_initialisation,codebase/old_workflows/leap_balance_mapping_scaffold_workflow.py,800,write_csv,write,"missing_esto_pairs_with_data.to_csv(missing_esto_csv, index=False)"
leap_initialisation,codebase/old_workflows/leap_balance_mapping_scaffold_workflow.py,802,write_csv,write,"unmapped_leap_pairs.to_csv(unmapped_leap_csv, index=False)"
leap_initialisation,codebase/old_workflows/leap_balance_to_esto_long_workflow.py,169,write_csv,write,"conversion[""esto_long""].to_csv(esto_long_path, index=False)"
leap_initialisation,codebase/old_workflows/leap_balance_to_esto_long_workflow.py,170,write_csv,write,"ninth_esto_long.to_csv(ninth_esto_long_path, index=False)"
leap_initialisation,codebase/old_workflows/leap_balance_to_esto_long_workflow.py,171,write_csv,write,"ingestion[""leap_long""].to_csv(leap_long_path, index=False)"
leap_initialisation,codebase/old_workflows/leap_balance_to_esto_long_workflow.py,172,write_csv,write,"mapping_status.to_csv(mapping_status_path, index=False)"
leap_initialisation,codebase/old_workflows/leap_balance_to_esto_long_workflow.py,173,write_csv,write,"comparison_long.to_csv(comparison_long_path, index=False)"
leap_initialisation,codebase/old_workflows/leap_balance_to_esto_long_workflow.py,174,write_csv,write,"ninth_balance.to_csv(ninth_balance_path, index=False)"
leap_initialisation,codebase/old_workflows/leap_balance_to_esto_long_workflow.py,175,write_csv,write,"conversion[""issues""].to_csv(runtime_issues_path, index=False)"
leap_initialisation,codebase/old_workflows/leap_balance_to_esto_long_workflow.py,176,write_csv,write,"conversion[""total_balance_checks""].to_csv(total_balance_checks_path, index=False)"
leap_initialisation,codebase/old_workflows/leap_balance_to_esto_long_workflow.py,177,write_csv,write,"conversion[""override_report""].to_csv(override_report_path, index=False)"
leap_initialisation,codebase/old_workflows/leap_balance_to_esto_long_workflow.py,178,write_csv,write,"conversion[""auto_sheet_rows""].to_csv(auto_sheet_path, index=False)"
leap_initialisation,codebase/old_workflows/leap_balance_to_esto_long_workflow.py,179,write_csv,write,"conversion[""coverage""].to_csv(coverage_path, index=False)"
leap_initialisation,codebase/old_workflows/leap_balance_to_esto_long_workflow.py,180,write_csv,write,"conversion[""unit_diagnostics""].to_csv(unit_diag_path, index=False)"
leap_initialisation,codebase/old_workflows/leap_individual_mapping_scaffold_workflow.py,234,write_excel,write,"with pd.ExcelWriter(out_path, engine=""openpyxl"") as writer:"
leap_initialisation,codebase/old_workflows/leap_individual_mapping_scaffold_workflow.py,235,write_excel,write,"summary.to_excel(writer, sheet_name=""summary"", index=False)"
leap_initialisation,codebase/old_workflows/leap_individual_mapping_scaffold_workflow.py,236,write_excel,write,"leap_sector_to_esto_flow.to_excel(writer, sheet_name=""leap_sector_to_esto_flow"", index=False)"
leap_initialisation,codebase/old_workflows/leap_individual_mapping_scaffold_workflow.py,237,write_excel,write,"leap_fuel_to_esto_product.to_excel(writer, sheet_name=""leap_fuel_to_esto_product"", index=False)"
leap_initialisation,codebase/old_workflows/leap_individual_mapping_scaffold_workflow.py,238,write_excel,write,"sector_flow_final.to_excel(writer, sheet_name=""sector_flow_final"", index=False)"
leap_initialisation,codebase/old_workflows/leap_individual_mapping_scaffold_workflow.py,239,write_excel,write,"fuel_product_final.to_excel(writer, sheet_name=""fuel_product_final"", index=False)"
leap_initialisation,codebase/old_workflows/leap_individual_mapping_scaffold_workflow.py,240,write_excel,write,"leap_sector_to_ninth_sector.to_excel(writer, sheet_name=""leap_sector_to_ninth_sector"", index=False)"
leap_initialisation,codebase/old_workflows/leap_individual_mapping_scaffold_workflow.py,241,write_excel,write,"leap_fuel_to_ninth_fuel.to_excel(writer, sheet_name=""leap_fuel_to_ninth_fuel"", index=False)"
leap_initialisation,codebase/old_workflows/leap_individual_mapping_scaffold_workflow.py,242,write_excel,write,"sector_ninth_final.to_excel(writer, sheet_name=""sector_ninth_final"", index=False)"
leap_initialisation,codebase/old_workflows/leap_individual_mapping_scaffold_workflow.py,243,write_excel,write,"fuel_ninth_final.to_excel(writer, sheet_name=""fuel_ninth_final"", index=False)"
leap_initialisation,codebase/old_workflows/leap_results_extraction_replica_workflow.py,232,read_excel,read,"post = leap_results_workflow.pd.read_excel(probe_workbook, sheet_name=sheet_name, header=None)"
leap_initialisation,codebase/old_workflows/leap_results_extraction_replica_workflow.py,1025,write_excel,write,"with leap_results_workflow.pd.ExcelWriter(out_path, engine=""openpyxl"") as writer:"
leap_initialisation,codebase/old_workflows/leap_results_extraction_replica_workflow.py,1057,write_excel,write,"combined.to_excel(writer, sheet_name=sheet_name, index=False)"
leap_initialisation,codebase/old_workflows/leap_results_extraction_replica_workflow.py,1153,write_csv,write,"fav_df.to_csv(fav_report, index=False)"
leap_initialisation,codebase/old_workflows/leap_results_extraction_replica_workflow.py,1155,write_csv,write,"leap_results_workflow.pd.DataFrame(mismatch_events).to_csv(mismatch_report, index=False)"
leap_initialisation,codebase/old_workflows/leap_results_extraction_replica_workflow.py,1277,write_csv,write,"summary_df.to_csv(summary_csv, index=False)"
leap_initialisation,codebase/old_workflows/leap_results_extraction_replica_workflow.py,1280,write_csv,write,"leap_results_workflow.pd.DataFrame(mismatch_events).to_csv(mismatch_csv, index=False)"
leap_initialisation,codebase/old_workflows/leap_results_variable_probe_workflow.py,173,write_csv,write,"out.to_csv(output_path, index=False)"
leap_initialisation,codebase/old_workflows/leap_results_variable_probe_workflow.py,240,read_excel,read,"df = pd.read_excel(export_path, sheet_name=""LEAP"", header=2)"
leap_initialisation,codebase/old_workflows/leap_results_workflow - LEAP API.py,496,write_csv,write,"audit_df.to_csv(output_csv_path, index=False)"
leap_initialisation,codebase/old_workflows/leap_results_workflow - LEAP API.py,595,read_csv,read,df = pd.read_csv(csv_path)
leap_initialisation,codebase/old_workflows/leap_results_workflow - LEAP API.py,597,write_excel,write,"with pd.ExcelWriter(xlsx_path, engine=""openpyxl"") as writer:"
leap_initialisation,codebase/old_workflows/leap_results_workflow - LEAP API.py,598,write_excel,write,"df.to_excel(writer, sheet_name=sheet_name, index=False)"
leap_initialisation,codebase/old_workflows/leap_results_workflow - LEAP API.py,2099,read_csv,read,df = pd.read_csv(csv_path)
leap_initialisation,codebase/old_workflows/leap_results_workflow - LEAP API.py,2107,write_excel,write,"with pd.ExcelWriter(COMBINED_XLSX_PATH, engine=""openpyxl"") as writer:"
leap_initialisation,codebase/old_workflows/leap_results_workflow - LEAP API.py,2109,write_excel,write,"df.to_excel(writer, sheet_name=sheet_name, index=False)"
leap_initialisation,codebase/old_workflows/leap_results_workflow - LEAP API.py,2535,write_csv,write,"pd.DataFrame(year_axis_audit_rows).to_csv(year_axis_audit_path, index=False)"
leap_initialisation,codebase/old_workflows/leap_results_workflow - LEAP API.py,2539,write_csv,write,"catalog_coverage_df.to_csv(catalog_coverage_path, index=False)"
leap_initialisation,codebase/old_workflows/leap_transformation_losses_own_use_workflow.py,54,read_csv,read,return pd.read_csv(path)
leap_initialisation,codebase/old_workflows/leap_transformation_losses_own_use_workflow.py,74,read_csv,read,"projection_df = pd.read_csv(_resolve(cfg.PROJECTION_TABLE_PATH), low_memory=False)"
leap_initialisation,codebase/old_workflows/leap_transformation_losses_own_use_workflow.py,83,write_csv,write,"merge_df.to_csv(out_path, index=False)"
leap_initialisation,codebase/old_workflows/leap_transformation_losses_own_use_workflow.py,154,read_csv,read,"pd.read_csv(merge_exploration_path),"
leap_initialisation,codebase/old_workflows/synthetic_reference_mapping_suggestions_workflow.py,117,read_csv,read,"return list(pd.read_csv(path, nrows=0).columns)"
leap_initialisation,codebase/old_workflows/synthetic_reference_mapping_suggestions_workflow.py,127,read_csv,read,"return pd.read_csv(ESTO_TABLE_PATH, usecols=usecols)"
leap_initialisation,codebase/old_workflows/synthetic_reference_mapping_suggestions_workflow.py,133,read_csv,read,"return pd.read_csv(NINTH_TABLE_PATH, usecols=usecols, low_memory=False)"
leap_initialisation,codebase/old_workflows/synthetic_reference_mapping_suggestions_workflow.py,283,write_excel,write,"with pd.ExcelWriter(SYNTHETIC_OUTPUT_PATH, engine=""openpyxl"") as writer:"
leap_initialisation,codebase/old_workflows/synthetic_reference_mapping_suggestions_workflow.py,284,write_excel,write,"esto_synth.to_excel(writer, sheet_name=""ESTO Synthetic Rows"", index=False)"
leap_initialisation,codebase/old_workflows/synthetic_reference_mapping_suggestions_workflow.py,285,write_excel,write,"ninth_synth.to_excel(writer, sheet_name=""9th Synthetic Rows"", index=False)"
leap_initialisation,codebase/old_workflows/synthetic_reference_mapping_suggestions_workflow.py,482,write_excel,write,"with pd.ExcelWriter(MAPPING_OUTPUT_PATH, engine=""openpyxl"") as writer:"
leap_initialisation,codebase/old_workflows/synthetic_reference_mapping_suggestions_workflow.py,483,write_excel,write,"codebook_suggestions.to_excel(writer, sheet_name=""code_to_name"", index=False)"
leap_initialisation,codebase/old_workflows/synthetic_reference_mapping_suggestions_workflow.py,484,write_excel,write,"core_pair_suggestions[pair_cols].to_excel(writer, sheet_name=""pair_core_synthetic"", index=False)"
leap_initialisation,codebase/old_workflows/transformation_leap_probe_workflow.py,113,read_excel,read,"df = pd.read_excel(export_path, sheet_name=""LEAP"", header=2)"
leap_initialisation,codebase/old_workflows/transformation_leap_probe_workflow.py,158,read_excel,read,"raw = pd.read_excel(results_path, sheet_name=sheet_name, header=None)"
leap_initialisation,codebase/old_workflows/transformation_leap_probe_workflow.py,181,read_excel,read,"raw = pd.read_excel(results_path, sheet_name=sheet_name, header=None)"
leap_initialisation,codebase/old_workflows/unmet_requirements_results_probe_workflow.py,612,write_csv,write,"df.to_csv(out_path, index=False)"
leap_initialisation,codebase/portable_release/validation.py,782,read_excel,read,"sheet = pd.read_excel(Path(str(mapping_workbook_path)), sheet_name=""leap_combined_esto"")"
leap_initialisation,codebase/scrapbook/aggregated_demand_bridge_jetfuel_test.py,201,write_csv,write,"table.to_csv(OUTPUT_DIR / f""{name}.csv"", index=False)"
leap_initialisation,codebase/scrapbook/build_ninth_sectors_fuel_pairs.py,21,read_csv,read,"df = pd.read_csv(DATA_PATH, low_memory=False, dtype=str).fillna("""")"
leap_initialisation,codebase/scrapbook/build_ninth_sectors_fuel_pairs.py,34,write_csv,write,"mapping.to_csv(OUTPUT_PATH, index=False)"
leap_initialisation,codebase/scrapbook/fill_apec_9th_fuels_template.py,98,read_csv,read,df = pd.read_csv(CSV_PATH)
leap_initialisation,codebase/scrapbook/find_canonical_sector_method_mismatches.py,105,write_csv,write,"exact_to_ancestor.to_csv(exact_path, index=False)"
leap_initialisation,codebase/scrapbook/find_canonical_sector_method_mismatches.py,106,write_csv,write,"broader_exact_like.to_csv(broader_path, index=False)"
leap_initialisation,codebase/scrapbook/full_model_export_comparison_workflow.py,96,read_excel,read,data = pd.read_excel(
leap_initialisation,codebase/scrapbook/full_model_export_comparison_workflow.py,427,write_csv,write,"summary.to_csv(summary_path, index=False, encoding=""utf-8-sig"")"
leap_initialisation,codebase/scrapbook/full_model_export_comparison_workflow.py,428,write_csv,write,"main_issues.to_csv(main_issues_path, index=False, encoding=""utf-8-sig"")"
leap_initialisation,codebase/scrapbook/full_model_export_comparison_workflow.py,429,write_csv,write,"metadata_issues.to_csv(metadata_issues_path, index=False, encoding=""utf-8-sig"")"
leap_initialisation,codebase/scrapbook/full_model_export_comparison_workflow.py,430,write_csv,write,"other_branch_issues.to_csv(other_branch_issues_path, index=False, encoding=""utf-8-sig"")"
leap_initialisation,codebase/scrapbook/full_model_export_comparison_workflow.py,431,write_csv,write,"other_branch_metadata_issues.to_csv(other_branch_metadata_issues_path, index=False, encoding=""utf-8-sig"")"
leap_initialisation,codebase/scrapbook/full_model_export_comparison_workflow.py,432,write_csv,write,"duplicate_keys_old.to_csv(duplicate_old_path, index=False, encoding=""utf-8-sig"")"
leap_initialisation,codebase/scrapbook/full_model_export_comparison_workflow.py,433,write_csv,write,"duplicate_keys_new.to_csv(duplicate_new_path, index=False, encoding=""utf-8-sig"")"
leap_initialisation,codebase/scrapbook/gdp_intensity_comparison_workflow.py,86,read_csv,read,df = pd.read_csv(path)
leap_initialisation,codebase/scrapbook/gdp_intensity_comparison_workflow.py,98,read_csv,read,"f""Available: {pd.read_csv(path)['Scenario'].unique().tolist()}"""
leap_initialisation,codebase/scrapbook/gdp_intensity_comparison_workflow.py,322,write_csv,write,"combined.to_csv(OUTPUT_CSV_PATH, index=False)"
leap_initialisation,codebase/scrapbook/independent_product_flow_mappings.py,144,write_excel,write,"with pd.ExcelWriter(workbook_path, engine=""openpyxl"", mode=""w"") as writer:"
leap_initialisation,codebase/scrapbook/independent_product_flow_mappings.py,146,write_excel,write,"df.to_excel(writer, sheet_name=sheet_name, index=False)"
leap_initialisation,codebase/scrapbook/independent_product_flow_mappings_check.py,234,write_excel,write,"with pd.ExcelWriter(output_path, engine=""openpyxl"", mode=""w"") as writer:"
leap_initialisation,codebase/scrapbook/independent_product_flow_mappings_check.py,236,write_excel,write,"df.to_excel(writer, sheet_name=sheet_name, index=False)"
leap_initialisation,codebase/scrapbook/leap_mapping_drop_duplicate_rows_workflow.py,218,read_excel,read,"frame = pd.read_excel(workbook_path, sheet_name=sheet_name, dtype=object)"
leap_initialisation,codebase/scrapbook/leap_mapping_drop_duplicate_rows_workflow.py,228,write_csv,write,"duplicates.to_csv(output_csv_path, index=False)"
leap_initialisation,codebase/scrapbook/leap_mapping_drop_duplicate_rows_workflow.py,247,read_excel,read,"frame = pd.read_excel(mapping_workbook_path, sheet_name=sheet_name, dtype=object).fillna("""")"
leap_initialisation,codebase/scrapbook/leap_mapping_drop_duplicate_rows_workflow.py,272,read_csv,read,"previous_report = pd.read_csv(duplicate_mappings_csv_path, dtype=object).fillna("""")"
leap_initialisation,codebase/scrapbook/leap_mapping_duplicate_check_workflow.py,121,read_excel,read,"frame = pd.read_excel(mapping_workbook_path, sheet_name=sheet_name, dtype=object)"
leap_initialisation,codebase/scrapbook/leap_mapping_duplicate_check_workflow.py,132,write_excel,write,"with pd.ExcelWriter(output_workbook_path, engine=""openpyxl"") as writer:"
leap_initialisation,codebase/scrapbook/leap_mapping_duplicate_check_workflow.py,133,write_excel,write,"summary.to_excel(writer, sheet_name=""summary"", index=False)"
leap_initialisation,codebase/scrapbook/leap_mapping_duplicate_check_workflow.py,135,write_excel,write,"frame.to_excel(writer, sheet_name=sheet_name, index=False)"
leap_initialisation,codebase/scrapbook/leap_mapping_zero_branch_coverage_workflow.py,108,read_excel,read,"preview = pd.read_excel(path, sheet_name=sheet_name, header=None, nrows=20)"
leap_initialisation,codebase/scrapbook/leap_mapping_zero_branch_coverage_workflow.py,117,read_excel,read,"df = pd.read_excel(path, sheet_name=sheet_name, header=header_row, dtype=str).fillna("""")"
leap_initialisation,codebase/scrapbook/leap_mapping_zero_branch_coverage_workflow.py,333,read_excel,read,"mapping_sheets = pd.read_excel(mapping_workbook_path, sheet_name=None, dtype=str)"
leap_initialisation,codebase/scrapbook/leap_mapping_zero_branch_coverage_workflow.py,409,write_excel,write,with pd.ExcelWriter(output_workbook_path) as writer:
leap_initialisation,codebase/scrapbook/leap_mapping_zero_branch_coverage_workflow.py,410,write_excel,write,"esto_missing_paths.to_excel(writer, sheet_name=""esto_missing_paths"", index=False)"
leap_initialisation,codebase/scrapbook/leap_mapping_zero_branch_coverage_workflow.py,411,write_excel,write,"ninth_missing_paths.to_excel(writer, sheet_name=""ninth_missing_paths"", index=False)"
leap_initialisation,codebase/scrapbook/leap_mapping_zero_branch_coverage_workflow.py,412,write_excel,write,"candidates.drop(columns=[""mapping_key""]).to_excel(writer, sheet_name=""all_branch_candidates"", index=False)"
leap_initialisation,codebase/scrapbook/leap_mapping_zero_branch_coverage_workflow.py,413,write_excel,write,excluded_demand_leaf_candidates.to_excel(
leap_initialisation,codebase/scrapbook/leap_mapping_zero_branch_coverage_workflow.py,418,write_excel,write,"summary.to_excel(writer, sheet_name=""summary"", index=False)"
leap_initialisation,codebase/scrapbook/leap_model_export_missing_esto_fuels_workflow.py,156,read_excel,read,mapping = pd.read_excel(
leap_initialisation,codebase/scrapbook/leap_model_export_missing_esto_fuels_workflow.py,194,read_excel,read,export = pd.read_excel(
leap_initialisation,codebase/scrapbook/leap_model_export_missing_esto_fuels_workflow.py,224,read_csv,read,"esto = pd.read_csv(ESTO_DATA_PATH, dtype={""economy"": str, ""flows"": str, ""products"": str})"
leap_initialisation,codebase/scrapbook/leap_model_export_missing_esto_fuels_workflow.py,486,write_csv,write,"tables[table_key].to_csv(paths[key], index=False)"
leap_initialisation,codebase/scrapbook/leap_model_export_missing_esto_fuels_workflow.py,488,write_excel,write,"with pd.ExcelWriter(paths[""workbook""], engine=""openpyxl"") as writer:"
leap_initialisation,codebase/scrapbook/leap_model_export_missing_esto_fuels_workflow.py,499,write_excel,write,"tables[table_key].to_excel(writer, sheet_name=sheet_name[:31], index=False)"
leap_initialisation,codebase/scrapbook/leap_model_export_missing_esto_fuels_workflow.py,511,write_csv,write,"frame.to_csv(path, index=False)"
leap_initialisation,codebase/scrapbook/leap_model_export_missing_esto_fuels_workflow.py,515,write_csv,write,"frame.to_csv(fallback_path, index=False)"
leap_initialisation,codebase/scrapbook/leap_model_export_missing_esto_fuels_workflow.py,522,write_excel,write,"with pd.ExcelWriter(path, engine=""openpyxl"") as writer:"
leap_initialisation,codebase/scrapbook/leap_model_export_missing_esto_fuels_workflow.py,523,write_excel,write,"frame.to_excel(writer, sheet_name=sheet_name[:31], index=False)"
leap_initialisation,codebase/scrapbook/leap_model_export_missing_esto_fuels_workflow.py,527,write_excel,write,"with pd.ExcelWriter(fallback_path, engine=""openpyxl"") as writer:"
leap_initialisation,codebase/scrapbook/leap_model_export_missing_esto_fuels_workflow.py,528,write_excel,write,"frame.to_excel(writer, sheet_name=sheet_name[:31], index=False)"
leap_initialisation,codebase/scrapbook/leap_template_schema_preview.py,39,read_excel,read,"df = pd.read_excel(template_path, sheet_name=sheet_name, header=header_row)"
leap_initialisation,codebase/scrapbook/loss_own_use_fuel_rankings_workflow.py,150,read_csv,read,"df = pd.read_csv(path, low_memory=False)"
leap_initialisation,codebase/scrapbook/loss_own_use_fuel_rankings_workflow.py,389,write_excel,write,"with pd.ExcelWriter(out, engine=""openpyxl"") as writer:"
leap_initialisation,codebase/scrapbook/loss_own_use_fuel_rankings_workflow.py,390,write_excel,write,"notes_df.to_excel(writer, sheet_name=""Notes"", index=False)"
leap_initialisation,codebase/scrapbook/loss_own_use_fuel_rankings_workflow.py,391,write_excel,write,"summary_df.to_excel(writer, sheet_name=""Summary"", index=False)"
leap_initialisation,codebase/scrapbook/loss_own_use_fuel_rankings_workflow.py,398,write_excel,write,"frame.to_excel(writer, sheet_name=sheet, index=False)"
leap_initialisation,codebase/scrapbook/ninth_end_node_subtotal_mapping_workflow.py,202,read_csv,read,"header = pd.read_csv(DATA_PATH, nrows=0)"
leap_initialisation,codebase/scrapbook/ninth_end_node_subtotal_mapping_workflow.py,213,read_csv,read,"raw = pd.read_csv(DATA_PATH, usecols=keep_cols, low_memory=False)"
leap_initialisation,codebase/scrapbook/ninth_end_node_subtotal_mapping_workflow.py,238,write_csv,write,"pair_summary.to_csv(pair_summary_path, index=False)"
leap_initialisation,codebase/scrapbook/ninth_end_node_subtotal_mapping_workflow.py,239,write_csv,write,"economy_scenario.to_csv(economy_scenario_path, index=False)"
leap_initialisation,codebase/scrapbook/ninth_end_node_subtotal_mapping_workflow.py,240,write_csv,write,"detailed.to_csv(detailed_path, index=False)"
leap_initialisation,codebase/scrapbook/ninth_end_node_subtotal_mapping_workflow.py,241,write_csv,write,"conflicts.to_csv(conflicts_path, index=False)"
leap_initialisation,codebase/scrapbook/ninth_end_node_subtotal_mapping_workflow.py,242,write_excel,write,with pd.ExcelWriter(workbook_path) as writer:
leap_initialisation,codebase/scrapbook/ninth_end_node_subtotal_mapping_workflow.py,243,write_excel,write,"pair_summary.to_excel(writer, sheet_name=""end_node_pair_summary"", index=False)"
leap_initialisation,codebase/scrapbook/ninth_end_node_subtotal_mapping_workflow.py,244,write_excel,write,"economy_scenario.to_excel(writer, sheet_name=""by_economy_scenario"", index=False)"
leap_initialisation,codebase/scrapbook/ninth_end_node_subtotal_mapping_workflow.py,245,write_excel,write,"detailed.to_excel(writer, sheet_name=""full_path_detail"", index=False)"
leap_initialisation,codebase/scrapbook/ninth_end_node_subtotal_mapping_workflow.py,246,write_excel,write,"conflicts.to_excel(writer, sheet_name=""mixed_status_conflicts"", index=False)"
leap_initialisation,codebase/scrapbook/non_energy_aggregated_demand_rows_exploration.py,45,read_csv,read,"frame = pd.read_csv(path, low_memory=False)"
leap_initialisation,codebase/scrapbook/non_energy_aggregated_demand_rows_exploration.py,86,read_csv,read,"frame = pd.read_csv(NINTH_PATH, low_memory=False)"
leap_initialisation,codebase/scrapbook/non_energy_aggregated_demand_rows_exploration.py,162,read_excel,read,fuel_to_esto = pd.read_excel(
leap_initialisation,codebase/scrapbook/non_energy_aggregated_demand_rows_exploration.py,167,read_excel,read,fuel_to_ninth = pd.read_excel(
leap_initialisation,codebase/scrapbook/radar_chart_prc.py,68,read_csv,read,df = pd.read_csv(file_path)
leap_initialisation,codebase/scrapbook/radar_chart_prc.py,437,write_csv,write,"share_table_long.to_csv(out_path, index=False)"
leap_initialisation,codebase/scrapbook/transfers_efficiency_outlier_review.py,188,write_csv,write,"df.to_csv(CSV_PATH, index=False)"
leap_initialisation,codebase/scrapbook/transfers_mapping_exploration.py,925,read_csv,read,df = pd.read_csv(DATA_PATH)
leap_initialisation,codebase/scrapbook/transfers_mapping_exploration.py,955,write_csv,write,"long_df.to_csv(OUTPUT_DIR / ""transfer_category_flags.csv"", index=False)"
leap_initialisation,codebase/scrapbook/transfers_mapping_exploration.py,956,write_csv,write,"io_totals_df.to_csv(OUTPUT_DIR / ""transfer_category_io_totals.csv"", index=False)"
leap_initialisation,codebase/scrapbook/transfers_mapping_exploration.py,959,write_csv,write,"process_config_df.to_csv(process_config_path, index=False)"
leap_initialisation,codebase/scrapbook/transformation_fuel_rankings_workflow.py,160,read_csv,read,"df = pd.read_csv(path, low_memory=False)"
leap_initialisation,codebase/scrapbook/transformation_fuel_rankings_workflow.py,438,write_excel,write,"with pd.ExcelWriter(output_path, engine=""openpyxl"") as writer:"
leap_initialisation,codebase/scrapbook/transformation_fuel_rankings_workflow.py,439,write_excel,write,"notes_df.to_excel(writer, sheet_name=""Notes"", index=False)"
leap_initialisation,codebase/scrapbook/transformation_fuel_rankings_workflow.py,440,write_excel,write,"summary_df.to_excel(writer, sheet_name=""Summary"", index=False)"
leap_initialisation,codebase/scrapbook/transformation_fuel_rankings_workflow.py,445,write_excel,write,"frame.to_excel(writer, sheet_name=_sheet_name(cfg[""label""]), index=False)"
leap_initialisation,codebase/scrapbook/transformation_ungate_equivalence_harness.py,150,read_excel,read,"frame = pd.read_excel(path, sheet_name=""LEAP"", header=2)"
leap_initialisation,codebase/scrapbook/esto_and_9th_labels_to_names_code/build_9th_esto_crosswalk.py,229,write_csv,write,"crosswalk.to_csv(OUTPUT_PATH, index=False)"
leap_initialisation,codebase/scrapbook/esto_and_9th_labels_to_names_code/build_ninth_flattened_pairs.py,114,read_csv,read,"raw_df = pd.read_csv(DATA_PATH, low_memory=False)"
leap_initialisation,codebase/scrapbook/esto_and_9th_labels_to_names_code/build_ninth_flattened_pairs.py,130,write_csv,write,"flattened.to_csv(flattened_path, index=False)"
leap_initialisation,codebase/scrapbook/esto_and_9th_labels_to_names_code/build_ninth_flattened_pairs.py,167,write_csv,write,"combined.to_csv(combined_path, index=False)"
leap_initialisation,codebase/scrapbook/esto_and_9th_labels_to_names_code/build_ninth_flattened_pairs.py,197,write_csv,write,"base_nonzero_pairs.to_csv(base_pair_path, index=False)"
leap_initialisation,codebase/scrapbook/esto_and_9th_labels_to_names_code/build_ninth_pair_to_esto_pair_candidates.py,196,read_csv,read,"ninth_pairs = pd.read_csv(NINTH_PAIR_PATH, dtype=str).fillna("""")"
leap_initialisation,codebase/scrapbook/esto_and_9th_labels_to_names_code/build_ninth_pair_to_esto_pair_candidates.py,202,read_csv,read,"esto_columns = pd.read_csv(ESTO_DATA_PATH, nrows=0).columns.tolist()"
leap_initialisation,codebase/scrapbook/esto_and_9th_labels_to_names_code/build_ninth_pair_to_esto_pair_candidates.py,205,read_csv,read,"esto_raw = pd.read_csv(ESTO_DATA_PATH, usecols=esto_usecols, dtype=str).fillna("""")"
leap_initialisation,codebase/scrapbook/esto_and_9th_labels_to_names_code/build_ninth_pair_to_esto_pair_candidates.py,480,read_csv,read,"ninth_flat = pd.read_csv(NINTH_FLATTENED_PATH, dtype=str).fillna("""")"
leap_initialisation,codebase/scrapbook/esto_and_9th_labels_to_names_code/build_ninth_pair_to_esto_pair_candidates.py,500,read_csv,read,ninth_source = pd.read_csv(
leap_initialisation,codebase/scrapbook/esto_and_9th_labels_to_names_code/build_ninth_pair_to_esto_pair_candidates.py,588,write_csv,write,"df.to_csv(path, index=False)"
leap_initialisation,codebase/scrapbook/esto_and_9th_labels_to_names_code/build_ninth_pair_to_esto_pair_candidates.py,593,write_csv,write,"df.to_csv(fallback, index=False)"
leap_initialisation,codebase/scrapbook/esto_and_9th_labels_to_names_code/build_ninth_pair_to_esto_pair_candidates.py,600,write_csv,write,"df.to_csv(fallback, index=False)"
leap_initialisation,codebase/scrapbook/esto_and_9th_labels_to_names_code/build_ninth_pair_to_esto_pair_candidates.py,612,write_csv,write,").to_csv(ESTO_LABELS_PATH, index=False)"
leap_initialisation,codebase/scrapbook/esto_and_9th_labels_to_names_code/data_manip3.py,49,read_excel,read,"df = pd.read_excel(workbook_path, sheet_name=sheet_name, dtype=str).fillna("""")"
leap_initialisation,codebase/scrapbook/esto_and_9th_labels_to_names_code/data_manip3.py,202,write_csv,write,"df.to_csv(output_path, index=False)"
leap_initialisation,codebase/scrapbook/esto_and_9th_labels_to_names_code/data_manipulations.py,51,read_excel,read,"return pd.read_excel(workbook_path, sheet_name=sheet_name)"
leap_initialisation,codebase/scrapbook/esto_and_9th_labels_to_names_code/data_manipulations.py,152,write_excel,write,with pd.ExcelWriter(
leap_initialisation,codebase/scrapbook/esto_and_9th_labels_to_names_code/data_manipulations.py,155,write_excel,write,"output_df.to_excel(writer, sheet_name=output_sheet, index=False)"
leap_initialisation,codebase/scrapbook/esto_and_9th_labels_to_names_code/manip.py,8,read_csv,read,"new_labels = pd.read_csv(""../../data/temp/new_labels.csv"")[""value""].tolist()"
leap_initialisation,codebase/scrapbook/esto_and_9th_labels_to_names_code/manip.py,9,read_csv,read,"ninth_data = pd.read_csv(""../../data/merged_file_energy_ALL_20251106.csv"")[[""sectors"", ""sub1sectors"", ""sub2sectors"", ""sub3sectors"", ""sub4sectors"", ""fuels"", ""subfuels""]].drop_duplicates()  # Use merged_file_energy_ALL_20251106.csv and merged_file_energy_00_APEC_20251106 for exact 9th edition projection matching."
leap_initialisation,codebase/scrapbook/esto_and_9th_labels_to_names_code/manip.py,42,read_excel,read,"# # unmapped_ninth_data = pd.read_excel(""../data/temp/unmapped.xlsx"")[[""value"",""col""]]"
leap_initialisation,codebase/scrapbook/esto_and_9th_labels_to_names_code/manip.py,43,read_csv,read,"# ninth_data = pd.read_csv(""../data/merged_file_energy_ALL_20251106.csv"")[[""sectors"", ""sub1sectors"", ""sub2sectors"", ""sub3sectors"", ""sub4sectors"", ""fuels"", ""subfuels""]].drop_duplicates()  # Use merged_file_energy_ALL_20251106.csv and merged_file_energy_00_APEC_20251106 for exact 9th edition projection matching."
leap_initialisation,codebase/scrapbook/esto_and_9th_labels_to_names_code/manip.py,129,write_csv,write,"sectors.to_csv(""../../data/temp/unmapped_sectors.csv"", index=False)"
leap_initialisation,codebase/scrapbook/esto_and_9th_labels_to_names_code/manip.py,130,write_csv,write,"fuels.to_csv(""../../data/temp/unmapped_fuels.csv"", index=False)"
leap_initialisation,codebase/scrapbook/esto_and_9th_labels_to_names_code/manip4.py,51,read_excel,read,"df = pd.read_excel(workbook_path, sheet_name=sheet_name, dtype=str).fillna("""")"
leap_initialisation,codebase/scrapbook/esto_and_9th_labels_to_names_code/manip4.py,120,write_csv,write,"df.to_csv(output_path, index=False)"
leap_initialisation,codebase/scrapbook/esto_and_9th_labels_to_names_code/mappings2.py,25,write_csv,write,"df.to_csv('mappings2.csv', index=False)"
leap_initialisation,codebase/scrapbook/esto_and_9th_labels_to_names_code/verification.py,56,read_excel,read,"return pd.read_excel(workbook_path, sheet_name=sheet_name, dtype=str).fillna("""")"
leap_initialisation,codebase/scrapbook/esto_and_9th_labels_to_names_code/verification.py,75,read_excel,read,"return pd.read_excel(workbook_path, sheet_name=sheet_name, dtype=str).fillna("""")"
leap_initialisation,codebase/scrapbook/esto_and_9th_labels_to_names_code/verification.py,215,write_excel,write,with pd.ExcelWriter(
leap_initialisation,codebase/scrapbook/esto_and_9th_labels_to_names_code/verification.py,218,write_excel,write,"output_df.to_excel(writer, sheet_name=sheet_name, index=False)"
leap_initialisation,codebase/scrapbook/esto_and_9th_labels_to_names_code/verification.py,929,read_csv,read,"# a = pd.read_csv(""../../data/00APEC_2024_low.csv"")[['flows', 'products']].drop_duplicates().reset_index(drop=True)"
leap_initialisation,codebase/scrapbook/esto_and_9th_labels_to_names_code/verification.py,933,read_csv,read,"# a = pd.read_csv(""../../data/merged_file_energy_ALL_20251106.csv"")  # Use merged_file_energy_ALL_20251106.csv and merged_file_energy_00_APEC_20251106 for exact 9th edition projection matching."
leap_initialisation,codebase/supply_reconciliation/allocation.py,325,read_csv,read,"existing = pd.read_csv(path, dtype=object).fillna("""")"
leap_initialisation,codebase/supply_reconciliation/allocation.py,332,write_csv,write,"existing.to_csv(path, index=False)"
leap_initialisation,codebase/supply_reconciliation/allocation.py,649,write_csv,write,"_sort_output_frame_for_csv(frame).to_csv(csv_path, index=False)"
leap_initialisation,codebase/supply_reconciliation/balance_tables.py,41,read_excel,read,"raw = pd.read_excel(workbook, sheet_name=REFINERY_RESULTS_SHEET_NAME, header=None)"
leap_initialisation,codebase/supply_reconciliation/balance_tables.py,395,write_csv,write,"table.to_csv(csv_path, index=False)"
leap_initialisation,codebase/supply_reconciliation/balance_tables.py,1566,write_excel,write,"with pd.ExcelWriter(path, engine=""openpyxl"") as writer:"
leap_initialisation,codebase/supply_reconciliation/balance_tables.py,1567,write_excel,write,"table.to_excel(writer, sheet_name=""Balance"", index=False, startrow=2)"
leap_initialisation,codebase/supply_reconciliation/balance_tables.py,1617,write_excel,write,"with pd.ExcelWriter(workbook_path, engine=""openpyxl"") as writer:"
leap_initialisation,codebase/supply_reconciliation/balance_tables.py,1648,write_excel,write,"table.to_excel(writer, sheet_name=balance_sheet_name, index=False, startrow=2)"
leap_initialisation,codebase/supply_reconciliation/balance_tables.py,1649,write_excel,write,"diff_table.to_excel(writer, sheet_name=diff_sheet_name, index=False, startrow=2)"
leap_initialisation,codebase/supply_reconciliation/convergence.py,285,write_csv,write,"per_fuel.to_csv(csv_path, index=False)"
leap_initialisation,codebase/supply_reconciliation/demand_mapping.py,434,write_excel,write,with pd.ExcelWriter(augmented_path) as writer:
leap_initialisation,codebase/supply_reconciliation/demand_mapping.py,435,write_excel,write,"raw_esto.to_excel(writer, sheet_name=DIRECT_DEMAND_ESTO_MAPPING_SHEET, index=False)"
leap_initialisation,codebase/supply_reconciliation/demand_mapping.py,436,write_excel,write,"raw_ninth.to_excel(writer, sheet_name=DIRECT_DEMAND_NINTH_MAPPING_SHEET, index=False)"
leap_initialisation,codebase/supply_reconciliation/demand_mapping.py,513,write_excel,write,with pd.ExcelWriter(augmented_path) as writer:
leap_initialisation,codebase/supply_reconciliation/demand_mapping.py,514,write_excel,write,"augmented_esto.to_excel(writer, sheet_name=DIRECT_DEMAND_ESTO_MAPPING_SHEET, index=False)"
leap_initialisation,codebase/supply_reconciliation/demand_mapping.py,515,write_excel,write,"raw_ninth.to_excel(writer, sheet_name=DIRECT_DEMAND_NINTH_MAPPING_SHEET, index=False)"
leap_initialisation,codebase/supply_reconciliation/demand_mapping.py,1097,read_csv,read,"header = pd.read_csv(projection_path, nrows=0)"
leap_initialisation,codebase/supply_reconciliation/demand_mapping.py,1099,read_csv,read,"return pd.read_csv(projection_path, usecols=usecols, low_memory=False)"
leap_initialisation,codebase/supply_reconciliation/demand_mapping.py,1362,read_excel,read,"ninth = pd.read_excel(workbook, sheet_name=DIRECT_DEMAND_NINTH_MAPPING_SHEET).fillna("""")"
leap_initialisation,codebase/supply_reconciliation/demand_mapping.py,1363,read_excel,read,"esto = pd.read_excel(workbook, sheet_name=DIRECT_DEMAND_ESTO_MAPPING_SHEET).fillna("""")"
leap_initialisation,codebase/supply_reconciliation/history.py,233,read_csv,read,"df = pd.read_csv(path, dtype=object).fillna("""")"
leap_initialisation,codebase/supply_reconciliation/history.py,629,write_csv,write,"df.to_csv(path, index=False)"
leap_initialisation,codebase/supply_reconciliation/history.py,656,write_csv,write,"df.to_csv(path, index=False)"
leap_initialisation,codebase/supply_reconciliation/history.py,672,write_csv,write,"kept.to_csv(path, index=False)"
leap_initialisation,codebase/supply_reconciliation/history.py,721,write_csv,write,"convergence.loc[~remove_mask].to_csv(path, index=False)"
leap_initialisation,codebase/supply_reconciliation/history.py,751,read_csv,read,"df = pd.read_csv(path, nrows=0)"
leap_initialisation,codebase/supply_reconciliation/history.py,752,write_csv,write,"df.to_csv(path, index=False)"
leap_initialisation,codebase/supply_reconciliation/leap_io.py,1083,write_csv,write,excluded_rows.to_csv(
leap_initialisation,codebase/supply_reconciliation/leap_io.py,1133,write_excel,write,"with pd.ExcelWriter(combined_path, engine=""openpyxl"", mode=""w"") as writer:"
leap_initialisation,codebase/supply_reconciliation/leap_io.py,1136,write_excel,write,"leap_df.to_excel(writer, sheet_name=""LEAP"", index=False, header=False)"
leap_initialisation,codebase/supply_reconciliation/leap_io.py,1137,write_excel,write,"viewing_df.to_excel(writer, sheet_name=""FOR_VIEWING"", index=False, header=False)"
leap_initialisation,codebase/supply_reconciliation/leap_io.py,2057,read_csv,read,producer_findings = pd.read_csv(findings_path)
leap_initialisation,codebase/supply_reconciliation/leap_io.py,2196,write_csv,write,excluded_rows.to_csv(
leap_initialisation,codebase/supply_reconciliation/leap_io.py,2218,write_csv,write,"postprocess_audit.to_csv(postprocess_audit_path, index=False)"
leap_initialisation,codebase/supply_reconciliation/leap_io.py,2476,write_csv,write,"consolidated.to_csv(consolidated_path, index=False)"
leap_initialisation,codebase/supply_reconciliation/leap_io.py,2489,write_csv,write,"build_validation_issue_groups(consolidated).to_csv(consolidated_issue_groups_path, index=False)"
leap_initialisation,codebase/supply_reconciliation/leap_io.py,2494,write_csv,write,build_branch_issue_summary(consolidated).to_csv(
leap_initialisation,codebase/supply_reconciliation/leap_io.py,2529,write_excel,write,"with pd.ExcelWriter(out_path, engine=""openpyxl"") as writer:"
leap_initialisation,codebase/supply_reconciliation/leap_io.py,2530,write_excel,write,"leap_df.to_excel(writer, sheet_name=""LEAP"", index=False, header=False)"
leap_initialisation,codebase/supply_reconciliation/leap_io.py,2531,write_excel,write,"viewing_df.to_excel(writer, sheet_name=""FOR_VIEWING"", index=False, header=False)"
leap_initialisation,codebase/supply_reconciliation/leap_io.py,2565,write_excel,write,"with pd.ExcelWriter(out_path, engine=""openpyxl"") as writer:"
leap_initialisation,codebase/supply_reconciliation/leap_io.py,2566,write_excel,write,"leap_df.to_excel(writer, sheet_name=""LEAP"", index=False, header=False)"
leap_initialisation,codebase/supply_reconciliation/leap_io.py,2567,write_excel,write,"viewing_df.to_excel(writer, sheet_name=""FOR_VIEWING"", index=False, header=False)"
leap_initialisation,codebase/supply_reconciliation/leap_io.py,2799,read_excel,read,"raw = pd.read_excel(template, sheet_name=source_sheet, header=None)"
leap_initialisation,codebase/supply_reconciliation/leap_io.py,2824,write_excel,write,"with pd.ExcelWriter(output_path, engine=""openpyxl"") as writer:"
leap_initialisation,codebase/supply_reconciliation/leap_io.py,2825,write_excel,write,"leap_df.to_excel(writer, sheet_name=""LEAP"", index=False, header=False)"
leap_initialisation,codebase/supply_reconciliation/leap_io.py,2826,write_excel,write,"viewing_df.to_excel(writer, sheet_name=""FOR_VIEWING"", index=False, header=False)"
leap_initialisation,codebase/supply_reconciliation/parallel_merge.py,80,read_csv,read,frame = pd.read_csv(path)
leap_initialisation,codebase/supply_reconciliation/parallel_merge.py,106,read_csv,read,return pd.read_csv(path)
leap_initialisation,codebase/supply_reconciliation/parallel_merge.py,183,write_csv,write,"merged.to_csv(output_path, index=False)"
leap_initialisation,codebase/supply_reconciliation/parallel_merge.py,247,write_csv,write,"merged.to_csv(findings_out, index=False)"
leap_initialisation,codebase/supply_reconciliation/parallel_merge.py,250,write_csv,write,"build_validation_issue_groups(merged).to_csv(issue_groups_out, index=False)"
leap_initialisation,codebase/supply_reconciliation/parallel_merge.py,254,write_csv,write,"build_branch_issue_summary(merged).to_csv(branch_summary_out, index=False)"
leap_initialisation,codebase/supply_reconciliation/preflight.py,814,write_csv,write,"_sort_output_frame_for_csv(diagnostics).to_csv(path, index=False)"
leap_initialisation,codebase/supply_reconciliation/preflight.py,913,read_csv,read,"header = pd.read_csv(ninth_source_path, nrows=0)"
leap_initialisation,codebase/supply_reconciliation/preflight.py,941,read_csv,read,for chunk in pd.read_csv(
leap_initialisation,codebase/supply_reconciliation/preflight.py,997,write_csv,write,"compressed[[*ordered_non_year, str(compressed_year)]].to_csv(ninth_out, index=False)"
leap_initialisation,codebase/supply_reconciliation/preflight.py,1000,write_csv,write,").to_csv(abs_diag_out, index=False)"
leap_initialisation,codebase/supply_reconciliation/preflight.py,1455,read_excel,read,"raw = pd.read_excel(_resolve(workbook_path), sheet_name=sheet_name, header=None)"
leap_initialisation,codebase/supply_reconciliation/preflight.py,1637,write_csv,write,"frame.to_csv(diagnostic_path, index=False, header=False)"
leap_initialisation,codebase/supply_reconciliation/preflight.py,1824,read_csv,read,issues = pd.read_csv(report_path)
leap_initialisation,codebase/supply_reconciliation/preflight.py,1830,write_csv,write,"issues.to_csv(report_path, index=False)"
leap_initialisation,codebase/supply_reconciliation/results.py,53,read_excel,read,"raw = pd.read_excel(workbook_path, sheet_name=sheet_name, header=None)"
leap_initialisation,codebase/supply_reconciliation/results.py,189,read_csv,read,table = pd.read_csv(path)
leap_initialisation,codebase/supply_reconciliation/results_saver.py,495,read_excel,read,"raw = pd.read_excel(path, sheet_name=sheet_name, header=None)"
leap_initialisation,codebase/supply_reconciliation/results_saver.py,526,write_excel,write,"with pd.ExcelWriter(path, engine=""openpyxl"", mode=""w"") as writer:"
leap_initialisation,codebase/supply_reconciliation/results_saver.py,528,write_excel,write,"output_sheets[sheet_name].to_excel(writer, sheet_name=sheet_name, index=False, header=False)"
leap_initialisation,codebase/supply_reconciliation/results_saver.py,536,read_excel,read,"raw = pd.read_excel(path, sheet_name=sheet_name, header=None)"
leap_initialisation,codebase/supply_reconciliation/results_saver.py,564,read_csv,read,df = pd.read_csv(path)
leap_initialisation,codebase/supply_reconciliation/results_saver.py,569,read_excel,read,"raw = pd.read_excel(path, sheet_name=sheet_name, header=None)"
leap_initialisation,codebase/supply_reconciliation/results_saver.py,839,write_csv,write,"probe_df.to_csv(out, index=False)"
leap_initialisation,codebase/supply_reconciliation/results_saver.py,881,read_csv,read,probe_df = pd.read_csv(probe_path)
leap_initialisation,codebase/supply_reconciliation/results_saver.py,1138,write_csv,write,"catalog_df.to_csv(catalog_path, index=False)"
leap_initialisation,codebase/supply_reconciliation/results_saver.py,1140,write_csv,write,"catalog_df.to_csv(legacy_catalog_path, index=False)"
leap_initialisation,codebase/supply_reconciliation/results_saver.py,1806,write_csv,write,"reconciliation_table.to_csv(reconciliation_path, index=False)"
leap_initialisation,codebase/supply_reconciliation/results_saver.py,2336,write_csv,write,").to_csv(balance_matching_diagnostics_path, index=False)"
leap_initialisation,codebase/supply_reconciliation/results_saver.py,2347,write_csv,write,").to_csv(balance_demand_issue_path, index=False)"
leap_initialisation,codebase/supply_reconciliation/results_update_preview.py,93,read_csv,read,return pd.read_csv(resolved_path)
leap_initialisation,codebase/supply_reconciliation/results_update_preview.py,100,read_csv,read,rules = pd.read_csv(_resolve(path))
leap_initialisation,codebase/supply_reconciliation/results_update_preview.py,840,write_csv,write,"preview_table.to_csv(resolved_output_path, index=False)"
leap_initialisation,codebase/supply_reconciliation/tables.py,313,read_excel,read,"raw = pd.read_excel(_resolve(path), sheet_name=sheet_name, header=None)"
leap_initialisation,codebase/supply_reconciliation/tables.py,898,read_csv,read,comparison_long = pd.read_csv(comparison_path)
leap_initialisation,codebase/supply_reconciliation/tables.py,904,read_excel,read,"mapping_status = pd.read_excel(mapping_path, sheet_name=""mapping_status"")"
leap_initialisation,codebase/supply_reconciliation/template_compatibility.py,147,write_csv,write,"pd.DataFrame(decisions.values()).sort_values(""economy"").to_csv("
leap_initialisation,codebase/supply_reconciliation/template_compatibility.py,164,read_csv,read,audit = pd.read_csv(resolved_audit_path)
leap_initialisation,codebase/utilities/apec_aggregate_sources.py,42,read_csv,read,"header = pd.read_csv(source, nrows=0)"
leap_initialisation,codebase/utilities/apec_aggregate_sources.py,51,read_csv,read,"frame = pd.read_csv(source, usecols=use_columns, low_memory=False)"
leap_initialisation,codebase/utilities/apec_aggregate_sources.py,70,write_csv,write,"aggregate.to_csv(output, index=False)"
leap_initialisation,codebase/utilities/build_canonical_mapping_views.py,52,write_csv,write,"df.to_csv(path, index=False)"
leap_initialisation,codebase/utilities/energy_balance_template_extractor.py,99,read_excel,read,frame = pd.read_excel(
leap_initialisation,codebase/utilities/energy_balance_template_extractor.py,147,read_excel,read,"frame = pd.read_excel(workbook, sheet_name=sheet_name, dtype=str).fillna("""")"
leap_initialisation,codebase/utilities/energy_balance_template_extractor.py,275,write_csv,write,"conflict_rows.to_csv(output_path, index=False)"
leap_initialisation,codebase/utilities/energy_balance_template_extractor.py,464,read_excel,read,"return pd.read_excel(path, sheet_name=sheet_name, **kwargs)"
leap_initialisation,codebase/utilities/energy_balance_template_extractor.py,978,write_csv,write,"diag.to_csv(diag_path, index=False, encoding=""utf-8-sig"")"
leap_initialisation,codebase/utilities/energy_balance_template_extractor.py,1029,write_csv,write,"warning_export.to_csv(warning_path, index=False, encoding=""utf-8-sig"")"
leap_initialisation,codebase/utilities/energy_balance_template_extractor.py,2174,write_csv,write,"raw_long.to_csv(raw_path, index=False)"
leap_initialisation,codebase/utilities/energy_balance_template_extractor.py,2175,write_csv,write,"mapped_long.to_csv(mapped_path, index=False)"
leap_initialisation,codebase/utilities/energy_balance_template_extractor.py,2176,write_csv,write,"simple_main.to_csv(main_simple_path, index=False)"
leap_initialisation,codebase/utilities/energy_balance_template_extractor.py,2177,write_csv,write,"coverage.to_csv(coverage_path, index=False)"
leap_initialisation,codebase/utilities/energy_balance_template_extractor.py,2178,write_csv,write,"unit_diag.to_csv(unit_diag_path, index=False)"
leap_initialisation,codebase/utilities/energy_balance_template_extractor.py,2179,write_csv,write,"report[""diagnostics""].to_csv(diag_path, index=False)"
leap_initialisation,codebase/utilities/energy_balance_template_extractor.py,2180,write_csv,write,"report[""many_to_many_is_ok_diagnostics""].to_csv(many_to_many_diag_path, index=False)"
leap_initialisation,codebase/utilities/energy_balance_template_extractor.py,2181,write_csv,write,"pd.DataFrame([report[""summary""]]).to_csv(summary_path, index=False)"
leap_initialisation,codebase/utilities/esto_reference_loader.py,80,write_csv,write,"df.to_csv(path, index=False)"
leap_initialisation,codebase/utilities/fuel_catalog_preflight.py,216,read_csv,read,frame = pd.read_csv(cache_path)
leap_initialisation,codebase/utilities/fuel_catalog_preflight.py,223,write_csv,write,"frame.to_csv(cache_path, index=False)"
leap_initialisation,codebase/utilities/fuel_catalog_preflight.py,265,write_csv,write,"catalog_df.to_csv(catalog_file, index=False)"
leap_initialisation,codebase/utilities/fuel_catalog_preflight.py,267,write_csv,write,"registry_df.to_csv(registry_file, index=False)"
leap_initialisation,codebase/utilities/fuel_catalog_preflight.py,674,write_csv,write,"probe_df.to_csv(probe_path_resolved, index=False)"
leap_initialisation,codebase/utilities/fuel_catalog_preflight.py,709,write_csv,write,"registry_df.to_csv(registry_file, index=False)"
leap_initialisation,codebase/utilities/fuel_catalog_preflight.py,713,write_csv,write,"merged_df.to_csv(catalog_path_resolved, index=False)"
leap_initialisation,codebase/utilities/fuel_catalog_preflight.py,964,read_csv,read,df = pd.read_csv(path)
leap_initialisation,codebase/utilities/fuel_catalog_preflight.py,969,read_excel,read,"df = pd.read_excel(path, sheet_name=sheet_name, header=header)"
leap_initialisation,codebase/utilities/fuel_catalog_preflight.py,976,read_excel,read,"raw = pd.read_excel(path, sheet_name=sheet_name, header=None)"
leap_initialisation,codebase/utilities/fuel_catalog_preflight.py,1109,read_csv,read,df = pd.read_csv(path)
leap_initialisation,codebase/utilities/leap_balance_export_resolver.py,811,read_excel,read,"raw = pd.read_excel(workbook, sheet_name=sheet_name, header=None)"
leap_initialisation,codebase/utilities/leap_export_readiness.py,380,write_csv,write,"findings_df.to_csv(findings_path, index=False)"
leap_initialisation,codebase/utilities/leap_export_template_resolver.py,197,read_excel,read,branch_paths = pd.read_excel(
leap_initialisation,codebase/utilities/leap_export_template_resolver.py,279,read_excel,read,"header = pd.read_excel(path, sheet_name=sheet_name, header=2, nrows=0)"
leap_initialisation,codebase/utilities/leap_export_template_resolver.py,458,read_excel,read,"preamble = pd.read_excel(resolved, sheet_name=sheet_name, header=None, nrows=2)"
leap_initialisation,codebase/utilities/leap_results_dashboard_balance.py,439,read_excel,read,"frame = pd.read_excel(workbook, sheet_name=sheet_name, dtype=str).fillna("""")"
leap_initialisation,codebase/utilities/leap_results_dashboard_balance.py,2134,read_excel,read,"mapping = pd.read_excel(mapping_workbook_path, sheet_name=sheet_name, dtype=str).fillna("""")"
leap_initialisation,codebase/utilities/leap_results_dashboard_balance.py,2299,write_excel,write,with pd.ExcelWriter(output_path) as writer:
leap_initialisation,codebase/utilities/leap_results_dashboard_balance.py,2300,write_excel,write,"esto_candidates.to_excel(writer, sheet_name=""esto_missing_paths"", index=False)"
leap_initialisation,codebase/utilities/leap_results_dashboard_balance.py,2301,write_excel,write,"ninth_candidates.to_excel(writer, sheet_name=""ninth_missing_paths"", index=False)"
leap_initialisation,codebase/utilities/leap_results_dashboard_balance.py,2302,write_excel,write,"summary.to_excel(writer, sheet_name=""summary"", index=False)"
leap_initialisation,codebase/utilities/leap_results_dashboard_balance.py,2403,write_excel,write,with pd.ExcelWriter(output_path) as writer:
leap_initialisation,codebase/utilities/leap_results_dashboard_balance.py,2404,write_excel,write,"leap_missing.to_excel(writer, sheet_name=""missing_leap_pairs_nonzero"", index=False)"
leap_initialisation,codebase/utilities/leap_results_dashboard_balance.py,2405,write_excel,write,"ninth_missing.to_excel(writer, sheet_name=""missing_ninth_pairs_nonzero"", index=False)"
leap_initialisation,codebase/utilities/leap_results_dashboard_balance.py,2406,write_excel,write,"esto_missing.to_excel(writer, sheet_name=""missing_esto_pairs_nonzero"", index=False)"
leap_initialisation,codebase/utilities/leap_results_dashboard_balance.py,2407,write_excel,write,"summary.to_excel(writer, sheet_name=""summary"", index=False)"
leap_initialisation,codebase/utilities/leap_results_dashboard_balance.py,2752,read_excel,read,"mapping = pd.read_excel(mapping_workbook_path, sheet_name=sheet_name, dtype=str).fillna("""")"
leap_initialisation,codebase/utilities/leap_results_dashboard_balance.py,3002,read_excel,read,"mapping = pd.read_excel(mapping_workbook_path, sheet_name=mapping_sheet_name, dtype=str).fillna("""")"
leap_initialisation,codebase/utilities/leap_results_dashboard_balance.py,3308,write_excel,write,with pd.ExcelWriter(output_path) as writer:
leap_initialisation,codebase/utilities/leap_results_dashboard_balance.py,3309,write_excel,write,"all_chart_groups_sheet_df.to_excel(writer, sheet_name=""all_chart_groups"", index=False)"
leap_initialisation,codebase/utilities/leap_results_dashboard_balance.py,3310,write_excel,write,"chart_group_exposure.to_excel(writer, sheet_name=""chart_group_exposure"", index=False)"
leap_initialisation,codebase/utilities/leap_results_dashboard_balance.py,3311,write_excel,write,"missing_leap.to_excel(writer, sheet_name=""missing_leap_pairs_nonzero"", index=False)"
leap_initialisation,codebase/utilities/leap_results_dashboard_balance.py,3312,write_excel,write,"missing_ninth.to_excel(writer, sheet_name=""missing_ninth_dashboard_pairs"", index=False)"
leap_initialisation,codebase/utilities/leap_results_dashboard_balance.py,3313,write_excel,write,"missing_esto.to_excel(writer, sheet_name=""missing_esto_dashboard_pairs"", index=False)"
leap_initialisation,codebase/utilities/leap_results_dashboard_balance.py,3314,write_excel,write,"duplicate_ninth.to_excel(writer, sheet_name=""duplicate_ninth_dashboard_pairs"", index=False)"
leap_initialisation,codebase/utilities/leap_results_dashboard_balance.py,3315,write_excel,write,"duplicate_esto.to_excel(writer, sheet_name=""duplicate_esto_dashboard_pairs"", index=False)"
leap_initialisation,codebase/utilities/leap_results_dashboard_balance.py,3316,write_excel,write,"allowed_many_to_one_esto.to_excel(writer, sheet_name=""allowed_many_to_one_esto"", index=False)"
leap_initialisation,codebase/utilities/leap_results_dashboard_balance.py,3317,write_excel,write,"split_components.to_excel(writer, sheet_name=""split_esto_mapping_components"", index=False)"
leap_initialisation,codebase/utilities/leap_results_dashboard_balance.py,3318,write_excel,write,"parent_child_warnings.to_excel(writer, sheet_name=""parent_child_esto_warnings"", index=False)"
leap_initialisation,codebase/utilities/leap_results_dashboard_balance.py,3319,write_excel,write,"summary.to_excel(writer, sheet_name=""summary"", index=False)"
leap_initialisation,codebase/utilities/leap_results_dashboard_balance.py,3372,read_csv,read,"chart_groups = pd.read_csv(chart_path, dtype=str).fillna("""")"
leap_initialisation,codebase/utilities/leap_results_dashboard_balance.py,3914,write_excel,write,with pd.ExcelWriter(output_path) as writer:
leap_initialisation,codebase/utilities/leap_results_dashboard_balance.py,3915,write_excel,write,"empty.to_excel(writer, sheet_name=""missing_exact_9th_pairs"", index=False)"
leap_initialisation,codebase/utilities/leap_results_dashboard_balance.py,3916,write_excel,write,"empty.to_excel(writer, sheet_name=""missing_uncovered_9th_pairs"", index=False)"
leap_initialisation,codebase/utilities/leap_results_dashboard_balance.py,3917,write_excel,write,"empty.to_excel(writer, sheet_name=""all_9th_data_paths"", index=False)"
leap_initialisation,codebase/utilities/leap_results_dashboard_balance.py,3918,write_excel,write,"empty_hierarchy.to_excel(writer, sheet_name=""missing_hierarchy_pairs"", index=False)"
leap_initialisation,codebase/utilities/leap_results_dashboard_balance.py,3919,write_excel,write,"empty_hierarchy.to_excel(writer, sheet_name=""all_hierarchy_pairs"", index=False)"
leap_initialisation,codebase/utilities/leap_results_dashboard_balance.py,4140,write_excel,write,with pd.ExcelWriter(output_path) as writer:
leap_initialisation,codebase/utilities/leap_results_dashboard_balance.py,4141,write_excel,write,"missing_exact.to_excel(writer, sheet_name=""missing_exact_9th_pairs"", index=False)"
leap_initialisation,codebase/utilities/leap_results_dashboard_balance.py,4142,write_excel,write,"missing_uncovered.to_excel(writer, sheet_name=""missing_uncovered_9th_pairs"", index=False)"
leap_initialisation,codebase/utilities/leap_results_dashboard_balance.py,4143,write_excel,write,"all_data.to_excel(writer, sheet_name=""all_9th_data_paths"", index=False)"
leap_initialisation,codebase/utilities/leap_results_dashboard_balance.py,4144,write_excel,write,"missing_hierarchy.to_excel(writer, sheet_name=""missing_hierarchy_pairs"", index=False)"
leap_initialisation,codebase/utilities/leap_results_dashboard_balance.py,4145,write_excel,write,"all_hierarchy.to_excel(writer, sheet_name=""all_hierarchy_pairs"", index=False)"
leap_initialisation,codebase/utilities/leap_results_dashboard_balance.py,4146,write_excel,write,"summary.to_excel(writer, sheet_name=""summary"", index=False)"
leap_initialisation,codebase/utilities/leap_results_dashboard_balance.py,5311,write_csv,write,"df.to_csv(output_path, index=False)"
leap_initialisation,codebase/utilities/leap_results_dashboard_balance.py,7051,write_csv,write,").sort_values([""dashboard_path"", ""template_order"", ""chart_group_key"", ""sheet"", ""measure"", ""fuel"", ""esto_flow"", ""esto_product""]).to_csv(csv_path, index=False)"
leap_initialisation,codebase/utilities/leap_results_dashboard_balance.py,7362,write_csv,write,"exposed_df.to_csv(chart_group_path, index=False)"
leap_initialisation,codebase/utilities/leap_results_dashboard_balance.py,7391,write_csv,write,"all_chart_groups_df.to_csv(all_chart_groups_path, index=False)"
leap_initialisation,codebase/utilities/leap_results_dashboard_balance.py,7444,write_csv,write,"empty_pages_df.to_csv(empty_pages_path, index=False)"
leap_initialisation,codebase/utilities/leap_results_extraction_replica.py,275,read_excel,read,"golden_df = pd.read_excel(_resolve(golden_workbook), sheet_name=sheet_name, header=None)"
leap_initialisation,codebase/utilities/leap_results_extraction_replica.py,304,write_csv,write,"pd.DataFrame([r.__dict__ for r in run_results]).to_csv(report_path, index=False)"
leap_initialisation,codebase/utilities/master_config.py,110,read_excel,read,combined = pd.read_excel(
leap_initialisation,codebase/utilities/master_config.py,141,read_excel,read,"return pd.read_excel(path, **kwargs)"
leap_initialisation,codebase/utilities/master_config.py,217,read_csv,read,"return pd.read_csv(runtime_table, **kwargs)"
leap_initialisation,codebase/utilities/master_config.py,225,read_csv,read,"return pd.read_csv(path, **kwargs)"
leap_initialisation,codebase/utilities/typed_storage.py,15,read_feather_or_arrow,read,import pyarrow.parquet as parquet
leap_initialisation,codebase/utilities/typed_storage.py,43,write_parquet,write,frame.to_parquet(
leap_initialisation,codebase/utilities/workflow_common.py,281,write_csv,write,"df.to_csv(output_path, index=False)"
leap_initialisation,codebase/utilities/workflow_common.py,291,write_csv,write,"df.to_csv(history_path, index=False)"
leap_initialisation,codebase/utilities/workflow_common.py,367,read_csv,read,df = pd.read_csv(f)
leap_initialisation,codebase/utilities/workflow_common.py,669,read_excel,read,df = pd.read_excel(
leap_initialisation,codebase/utilities/workflow_common.py,764,write_csv,write,"pd.DataFrame(rows).to_csv(out_path, index=False)"
leap_initialisation,codebase/utilities/workflow_outputs.py,148,read_csv,read,"return pd.read_csv(path, nrows=0).columns.astype(str).tolist()"
leap_initialisation,codebase/utilities/workflow_outputs.py,154,read_excel,read,"return pd.read_excel(path, sheet_name=first_sheet, nrows=0).columns.astype(str).tolist()"
leap_initialisation,codebase/utilities/workflow_utils.py,180,read_csv,read,"dataframe=pd.read_csv(path, usecols=key.usecols, low_memory=False),"
leap_initialisation,codebase/utilities/workflow_utils.py,214,read_csv,read,"for chunk in pd.read_csv(path, usecols=read_cols, chunksize=chunksize, low_memory=False):"
leap_initialisation,codebase/utilities/workflow_utils.py,225,read_csv,read,"else pd.read_csv(path, usecols=read_cols, nrows=0)"
leap_initialisation,codebase/utilities/leap_results_dashboard_v2/config_loader.py,51,write_csv,write,"conflicts.to_csv(out, index=False)"
leap_initialisation,codebase/utilities/leap_results_dashboard_v2/derived_transformation_metrics.py,280,read_csv,read,df = pd.read_csv(path)
leap_initialisation,codebase/utilities/leap_results_dashboard_v2/derived_transformation_metrics.py,328,read_csv,read,df = pd.read_csv(path)
leap_initialisation,codebase/utilities/leap_results_dashboard_v2/derived_transformation_metrics.py,1182,write_csv,write,"derived_leap_long.to_csv(data_path, index=False)"
leap_initialisation,codebase/utilities/leap_results_dashboard_v2/derived_transformation_metrics.py,1188,write_csv,write,"derived_leap_long.to_csv(fallback_data_path, index=False)"
leap_initialisation,codebase/utilities/leap_results_dashboard_v2/derived_transformation_metrics.py,1192,write_csv,write,"leap_audit.to_csv(leap_audit_path, index=False)"
leap_initialisation,codebase/utilities/leap_results_dashboard_v2/derived_transformation_metrics.py,1196,write_csv,write,"comparison_audit.to_csv(comparison_audit_path, index=False)"
leap_initialisation,codebase/utilities/leap_results_dashboard_v2/derived_transformation_metrics.py,1200,write_csv,write,"summary.to_csv(summary_path, index=False)"
leap_initialisation,codebase/utilities/leap_results_dashboard_v2/leap_loader.py,38,read_csv,read,frame = pd.read_csv(candidate)
leap_initialisation,codebase/utilities/leap_results_dashboard_v2/output_writer.py,36,write_csv,write,"comparison_long.to_csv(comparison_long_path, index=False)"
leap_initialisation,codebase/utilities/leap_results_dashboard_v2/output_writer.py,37,write_csv,write,"comparison_wide.to_csv(comparison_wide_path, index=False)"
leap_initialisation,codebase/utilities/leap_results_dashboard_v2/output_writer.py,39,write_csv,write,"leap_long.to_csv(leap_long_path, index=False)"
leap_initialisation,codebase/utilities/leap_results_dashboard_v2/output_writer.py,53,write_csv,write,"atomic_comparison_long.to_csv(p, index=False)"
leap_initialisation,codebase/utilities/leap_results_dashboard_v2/output_writer.py,57,write_csv,write,"atomic_comparison_wide.to_csv(p, index=False)"
leap_initialisation,codebase/utilities/leap_results_dashboard_v2/output_writer.py,61,write_csv,write,"atomic_mapping_edges.to_csv(p, index=False)"
leap_initialisation,codebase/utilities/leap_results_dashboard_v2/output_writer.py,65,write_csv,write,"atomic_validation_report.to_csv(p, index=False)"
leap_initialisation,codebase/utilities/leap_results_dashboard_v2/shadow_compare.py,11,read_csv,read,return pd.read_csv(path)
leap_initialisation,codebase/utilities/leap_results_dashboard_v2/shadow_compare.py,51,write_csv,write,"diff_rows.to_csv(detail, index=False)"
leap_initialisation,codebase/utilities/leap_results_dashboard_v2/shadow_compare.py,55,write_csv,write,"pd.DataFrame(rows).to_csv(out_path, index=False)"
leap_initialisation,outputs/leap_exports/supply_reconciliation/supporting_files/runtime/managed_runs/build_seed_issue_diagnostics.py,115,read_csv,read,"findings = pd.read_csv(FINDINGS_PATH, dtype=object).fillna("""")"
leap_initialisation,outputs/leap_exports/supply_reconciliation/supporting_files/runtime/managed_runs/build_seed_issue_diagnostics.py,119,read_excel,read,"canonical = pd.read_excel(CANONICAL_EXPORT_PATH, sheet_name=""Export"", header=2, dtype=object).fillna("""")"
leap_initialisation,outputs/leap_exports/supply_reconciliation/supporting_files/runtime/managed_runs/build_seed_issue_diagnostics.py,187,read_excel,read,"source = pd.read_excel(source_path, sheet_name=""LEAP"", header=2, dtype=object).fillna("""")"
leap_initialisation,outputs/leap_exports/supply_reconciliation/supporting_files/runtime/managed_runs/build_seed_issue_diagnostics.py,214,write_csv,write,"frame.to_csv(output_path, index=False, encoding=""utf-8-sig"")"
leap_initialisation,release_build/staging/leap-review-tools-0.1.0/code/leap_dashboard/common_esto_dashboard_data.py,189,read_csv,read,"columns = pd.read_csv(path, nrows=0).columns"
leap_initialisation,release_build/staging/leap-review-tools-0.1.0/code/leap_dashboard/common_esto_dashboard_data.py,299,read_csv,read,wide_df = pd.read_csv(
leap_initialisation,release_build/staging/leap-review-tools-0.1.0/code/leap_dashboard/common_esto_dashboard_data.py,346,read_csv,read,df = pd.read_csv(
leap_initialisation,release_build/staging/leap-review-tools-0.1.0/code/leap_dashboard/common_esto_dashboard_data.py,480,read_csv,read,"frame = pd.read_csv(member_path, dtype=str, keep_default_na=False, low_memory=False)"
leap_initialisation,release_build/staging/leap-review-tools-0.1.0/code/leap_dashboard/common_esto_dashboard_data.py,664,read_csv,read,"sample_df = pd.read_csv(path, nrows=0, low_memory=False)"
leap_initialisation,release_build/staging/leap-review-tools-0.1.0/code/leap_dashboard/common_esto_dashboard_data.py,692,read_csv,read,"common_rows = pd.read_csv(common_rows_path, low_memory=False).fillna("""")"
leap_initialisation,release_build/staging/leap-review-tools-0.1.0/code/leap_dashboard/common_esto_dashboard_portable.py,180,write_csv,write,"sign_summary_df.to_csv(layout[""supporting""] / ""sign_semantics_summary.csv"", index=False)"
leap_initialisation,release_build/staging/leap-review-tools-0.1.0/code/leap_dashboard/common_esto_dashboard_renderer.py,3950,write_csv,write,"page_summary_df.to_csv(layout[""supporting""] / ""page_assignment_summary.csv"", index=False)"
leap_initialisation,release_build/staging/leap-review-tools-0.1.0/code/leap_dashboard/common_esto_dashboard_renderer.py,4224,write_csv,write,"manifest_df.to_csv(layout[""supporting""] / ""chart_manifest.csv"", index=False)"
leap_initialisation,release_build/staging/leap-review-tools-0.1.0/code/leap_initialisation/codebase/functions/analysis_input_write_dispatcher.py,166,read_excel,read,"raw = pd.read_excel(path, sheet_name=sheet_name, header=None)"
leap_initialisation,release_build/staging/leap-review-tools-0.1.0/code/leap_initialisation/codebase/functions/analysis_input_write_dispatcher.py,193,write_excel,write,"with pd.ExcelWriter(path, **writer_kwargs) as writer:"
leap_initialisation,release_build/staging/leap-review-tools-0.1.0/code/leap_initialisation/codebase/functions/analysis_input_write_dispatcher.py,194,write_excel,write,"output.to_excel(writer, sheet_name=sheet_name, index=False, header=False)"
leap_initialisation,release_build/staging/leap-review-tools-0.1.0/code/leap_initialisation/codebase/functions/baseline_seed_balance_diagnostics.py,401,read_csv,read,rules = pd.read_csv(_resolve(path))
leap_initialisation,release_build/staging/leap-review-tools-0.1.0/code/leap_initialisation/codebase/functions/baseline_seed_balance_diagnostics.py,1164,write_excel,write,with pd.ExcelWriter(output_path) as writer:
leap_initialisation,release_build/staging/leap-review-tools-0.1.0/code/leap_initialisation/codebase/functions/baseline_seed_balance_diagnostics.py,1165,write_excel,write,"esto_mapping.to_excel(writer, sheet_name=""leap_combined_esto"", index=False)"
leap_initialisation,release_build/staging/leap-review-tools-0.1.0/code/leap_initialisation/codebase/functions/baseline_seed_balance_diagnostics.py,1166,write_excel,write,pd.DataFrame(columns=ninth_columns).to_excel(
leap_initialisation,release_build/staging/leap-review-tools-0.1.0/code/leap_initialisation/codebase/functions/baseline_seed_balance_diagnostics.py,3015,write_csv,write,"differences.to_csv(differences_path, index=False)"
leap_initialisation,release_build/staging/leap-review-tools-0.1.0/code/leap_initialisation/codebase/functions/baseline_seed_balance_diagnostics.py,3021,write_csv,write,"mapping_issues.to_csv(mapping_issues_path, index=False)"
leap_initialisation,release_build/staging/leap-review-tools-0.1.0/code/leap_initialisation/codebase/functions/baseline_seed_balance_diagnostics.py,3031,write_csv,write,"ignored_rows.to_csv(ignored_rows_path, index=False)"
leap_initialisation,release_build/staging/leap-review-tools-0.1.0/code/leap_initialisation/codebase/functions/baseline_seed_balance_diagnostics.py,3041,write_csv,write,"projection_diagnostics.to_csv(projection_diagnostics_path, index=False)"
leap_initialisation,release_build/staging/leap-review-tools-0.1.0/code/leap_initialisation/codebase/functions/baseline_seed_balance_diagnostics.py,3050,write_csv,write,"review.to_csv(review_path, index=False)"
leap_initialisation,release_build/staging/leap-review-tools-0.1.0/code/leap_initialisation/codebase/functions/baseline_seed_validation.py,1646,read_excel,read,data = pd.read_excel(
leap_initialisation,release_build/staging/leap-review-tools-0.1.0/code/leap_initialisation/codebase/functions/baseline_seed_validation.py,1666,read_excel,read,data = pd.read_excel(
leap_initialisation,release_build/staging/leap-review-tools-0.1.0/code/leap_initialisation/codebase/functions/baseline_seed_validation.py,2186,write_csv,write,"filter_actionable_findings(result.findings).to_csv(findings_path, index=False)"
leap_initialisation,release_build/staging/leap-review-tools-0.1.0/code/leap_initialisation/codebase/functions/baseline_seed_validation.py,2187,write_csv,write,"result.duplicate_groups.to_csv(duplicates_path, index=False)"
leap_initialisation,release_build/staging/leap-review-tools-0.1.0/code/leap_initialisation/codebase/functions/baseline_seed_validation.py,2189,write_csv,write,"build_validation_issue_groups(actionable_findings).to_csv(issue_groups_path, index=False)"
leap_initialisation,release_build/staging/leap-review-tools-0.1.0/code/leap_initialisation/codebase/functions/baseline_seed_validation.py,2190,write_csv,write,"build_branch_issue_summary(actionable_findings).to_csv(branch_issue_summary_path, index=False)"
leap_initialisation,release_build/staging/leap-review-tools-0.1.0/code/leap_initialisation/codebase/functions/leap_core.py,522,write_excel,write,"with pd.ExcelWriter(filename, engine='openpyxl') as writer:"
leap_initialisation,release_build/staging/leap-review-tools-0.1.0/code/leap_initialisation/codebase/functions/leap_core.py,523,write_excel,write,"export_df.to_excel(writer, sheet_name='All_Data', index=False)"
leap_initialisation,release_build/staging/leap-review-tools-0.1.0/code/leap_initialisation/codebase/functions/leap_core.py,1774,read_excel,read,"return pd.read_excel(path, sheet_name=sheet_name, header=header_guess)"
leap_initialisation,release_build/staging/leap-review-tools-0.1.0/code/leap_initialisation/codebase/functions/leap_core.py,1997,read_excel,read,"return pd.read_excel(path, sheet_name=sheet_name, header=header_guess)"
leap_initialisation,release_build/staging/leap-review-tools-0.1.0/code/leap_initialisation/codebase/functions/leap_excel_io.py,137,read_excel,read,"raw = pd.read_excel(resolved, sheet_name=sheet_name, header=None)"
leap_initialisation,release_build/staging/leap-review-tools-0.1.0/code/leap_initialisation/codebase/functions/leap_excel_io.py,196,read_excel,read,"raw = pd.read_excel(path, sheet_name=sheet_name, header=None)"
leap_initialisation,release_build/staging/leap-review-tools-0.1.0/code/leap_initialisation/codebase/functions/leap_excel_io.py,220,write_excel,write,"with pd.ExcelWriter(path, **writer_kwargs) as writer:"
leap_initialisation,release_build/staging/leap-review-tools-0.1.0/code/leap_initialisation/codebase/functions/leap_excel_io.py,221,write_excel,write,"output.to_excel(writer, sheet_name=sheet_name, index=False, header=False)"
leap_initialisation,release_build/staging/leap-review-tools-0.1.0/code/leap_initialisation/codebase/functions/leap_excel_io.py,302,read_excel,read,"reference = pd.read_excel(path, sheet_name=sheet_name, header=2)"
leap_initialisation,release_build/staging/leap-review-tools-0.1.0/code/leap_initialisation/codebase/functions/leap_excel_io.py,369,write_excel,write,"instructions.to_excel(writer, sheet_name=""Instructions"", index=False)"
leap_initialisation,release_build/staging/leap-review-tools-0.1.0/code/leap_initialisation/codebase/functions/leap_excel_io.py,816,write_csv,write,"diagnostic.to_csv(diagnostic_path, index=False)"
leap_initialisation,release_build/staging/leap-review-tools-0.1.0/code/leap_initialisation/codebase/functions/leap_excel_io.py,835,write_excel,write,"with pd.ExcelWriter(out_path, engine=""openpyxl"") as writer:"
leap_initialisation,release_build/staging/leap-review-tools-0.1.0/code/leap_initialisation/codebase/functions/leap_excel_io.py,836,write_excel,write,"export_df_for_viewing2.to_excel(writer, sheet_name=""FOR_VIEWING"", index=False, header=False, startrow=0)"
leap_initialisation,release_build/staging/leap-review-tools-0.1.0/code/leap_initialisation/codebase/functions/leap_excel_io.py,837,write_excel,write,"leap_export_df2.to_excel(writer, sheet_name=""LEAP"", index=False, header=False, startrow=0)"
leap_initialisation,release_build/staging/leap-review-tools-0.1.0/code/leap_initialisation/codebase/functions/leap_excel_io.py,895,read_excel,read,"import_df = pd.read_excel(import_filename, sheet_name='Export', header=2)"
leap_initialisation,release_build/staging/leap-review-tools-0.1.0/code/leap_initialisation/codebase/functions/leap_excel_io.py,1275,read_csv,read,energy_df = pd.read_csv(source_path)
leap_initialisation,release_build/staging/leap-review-tools-0.1.0/code/leap_initialisation/codebase/functions/leap_excel_io.py,1277,read_excel,read,energy_df = pd.read_excel(source_path)
leap_initialisation,release_build/staging/leap-review-tools-0.1.0/code/leap_initialisation/codebase/functions/leap_excel_io.py,1359,write_excel,write,"with pd.ExcelWriter(leap_export_filename, engine=""openpyxl"", mode=""w"") as writer:"
leap_initialisation,release_build/staging/leap-review-tools-0.1.0/code/leap_initialisation/codebase/functions/leap_excel_io.py,1360,write_excel,write,"export_df.to_excel(writer, sheet_name=sheet_name, index=False)"
leap_initialisation,release_build/staging/leap-review-tools-0.1.0/code/leap_initialisation/codebase/functions/transformation_analysis_utils.py,1374,read_excel,read,"mapping_df = pd.read_excel(path, sheet_name=""leap_display_names"")"
leap_initialisation,release_build/staging/leap-review-tools-0.1.0/code/leap_initialisation/codebase/functions/transformation_analysis_utils.py,1808,write_csv,write,"context.to_csv(output_path, index=False)"
leap_initialisation,release_build/staging/leap-review-tools-0.1.0/code/leap_initialisation/codebase/functions/transformation_analysis_utils.py,1900,write_csv,write,"projection_diagnostics.to_csv(PROJECTION_DIAGNOSTICS_PATH, index=False)"
leap_initialisation,release_build/staging/leap-review-tools-0.1.0/code/leap_initialisation/codebase/functions/transformation_record_builder.py,2328,write_csv,write,"process_summary.to_csv(process_summary_path, index=False)"
leap_initialisation,release_build/staging/leap-review-tools-0.1.0/code/leap_initialisation/codebase/functions/transformation_record_builder.py,2329,write_csv,write,"detail_summary.to_csv(detail_summary_path, index=False)"
leap_initialisation,release_build/staging/leap-review-tools-0.1.0/code/leap_initialisation/codebase/mappings/canonical_loaders.py,210,read_excel,read,"frame = pd.read_excel(path, **read_kwargs)"
leap_initialisation,release_build/staging/leap-review-tools-0.1.0/code/leap_initialisation/codebase/portable_release/validation.py,736,read_excel,read,"sheet = pd.read_excel(Path(str(mapping_workbook_path)), sheet_name=""leap_combined_esto"")"
leap_initialisation,release_build/staging/leap-review-tools-0.1.0/code/leap_initialisation/codebase/utilities/energy_balance_template_extractor.py,75,read_excel,read,frame = pd.read_excel(
leap_initialisation,release_build/staging/leap-review-tools-0.1.0/code/leap_initialisation/codebase/utilities/energy_balance_template_extractor.py,123,read_excel,read,"frame = pd.read_excel(workbook, sheet_name=sheet_name, dtype=str).fillna("""")"
leap_initialisation,release_build/staging/leap-review-tools-0.1.0/code/leap_initialisation/codebase/utilities/energy_balance_template_extractor.py,251,write_csv,write,"conflict_rows.to_csv(output_path, index=False)"
leap_initialisation,release_build/staging/leap-review-tools-0.1.0/code/leap_initialisation/codebase/utilities/energy_balance_template_extractor.py,440,read_excel,read,"return pd.read_excel(path, sheet_name=sheet_name, **kwargs)"
leap_initialisation,release_build/staging/leap-review-tools-0.1.0/code/leap_initialisation/codebase/utilities/energy_balance_template_extractor.py,954,write_csv,write,"diag.to_csv(diag_path, index=False, encoding=""utf-8-sig"")"
leap_initialisation,release_build/staging/leap-review-tools-0.1.0/code/leap_initialisation/codebase/utilities/energy_balance_template_extractor.py,1005,write_csv,write,"warning_export.to_csv(warning_path, index=False, encoding=""utf-8-sig"")"
leap_initialisation,release_build/staging/leap-review-tools-0.1.0/code/leap_initialisation/codebase/utilities/energy_balance_template_extractor.py,2150,write_csv,write,"raw_long.to_csv(raw_path, index=False)"
leap_initialisation,release_build/staging/leap-review-tools-0.1.0/code/leap_initialisation/codebase/utilities/energy_balance_template_extractor.py,2151,write_csv,write,"mapped_long.to_csv(mapped_path, index=False)"
leap_initialisation,release_build/staging/leap-review-tools-0.1.0/code/leap_initialisation/codebase/utilities/energy_balance_template_extractor.py,2152,write_csv,write,"simple_main.to_csv(main_simple_path, index=False)"
leap_initialisation,release_build/staging/leap-review-tools-0.1.0/code/leap_initialisation/codebase/utilities/energy_balance_template_extractor.py,2153,write_csv,write,"coverage.to_csv(coverage_path, index=False)"
leap_initialisation,release_build/staging/leap-review-tools-0.1.0/code/leap_initialisation/codebase/utilities/energy_balance_template_extractor.py,2154,write_csv,write,"unit_diag.to_csv(unit_diag_path, index=False)"
leap_initialisation,release_build/staging/leap-review-tools-0.1.0/code/leap_initialisation/codebase/utilities/energy_balance_template_extractor.py,2155,write_csv,write,"report[""diagnostics""].to_csv(diag_path, index=False)"
leap_initialisation,release_build/staging/leap-review-tools-0.1.0/code/leap_initialisation/codebase/utilities/energy_balance_template_extractor.py,2156,write_csv,write,"report[""many_to_many_is_ok_diagnostics""].to_csv(many_to_many_diag_path, index=False)"
leap_initialisation,release_build/staging/leap-review-tools-0.1.0/code/leap_initialisation/codebase/utilities/energy_balance_template_extractor.py,2157,write_csv,write,"pd.DataFrame([report[""summary""]]).to_csv(summary_path, index=False)"
leap_initialisation,release_build/staging/leap-review-tools-0.1.0/code/leap_initialisation/codebase/utilities/esto_reference_loader.py,73,write_csv,write,"df.to_csv(path, index=False)"
leap_initialisation,release_build/staging/leap-review-tools-0.1.0/code/leap_initialisation/codebase/utilities/esto_reference_loader.py,200,write_csv,write,"esto_df.to_csv(esto_cache, index=False)"
leap_initialisation,release_build/staging/leap-review-tools-0.1.0/code/leap_initialisation/codebase/utilities/esto_reference_loader.py,201,write_csv,write,"ninth_df.to_csv(ninth_cache, index=False)"
leap_initialisation,release_build/staging/leap-review-tools-0.1.0/code/leap_initialisation/codebase/utilities/fuel_catalog_preflight.py,216,read_csv,read,frame = pd.read_csv(cache_path)
leap_initialisation,release_build/staging/leap-review-tools-0.1.0/code/leap_initialisation/codebase/utilities/fuel_catalog_preflight.py,223,write_csv,write,"frame.to_csv(cache_path, index=False)"
leap_initialisation,release_build/staging/leap-review-tools-0.1.0/code/leap_initialisation/codebase/utilities/fuel_catalog_preflight.py,265,write_csv,write,"catalog_df.to_csv(catalog_file, index=False)"
leap_initialisation,release_build/staging/leap-review-tools-0.1.0/code/leap_initialisation/codebase/utilities/fuel_catalog_preflight.py,267,write_csv,write,"registry_df.to_csv(registry_file, index=False)"
leap_initialisation,release_build/staging/leap-review-tools-0.1.0/code/leap_initialisation/codebase/utilities/fuel_catalog_preflight.py,674,write_csv,write,"probe_df.to_csv(probe_path_resolved, index=False)"
leap_initialisation,release_build/staging/leap-review-tools-0.1.0/code/leap_initialisation/codebase/utilities/fuel_catalog_preflight.py,709,write_csv,write,"registry_df.to_csv(registry_file, index=False)"
leap_initialisation,release_build/staging/leap-review-tools-0.1.0/code/leap_initialisation/codebase/utilities/fuel_catalog_preflight.py,713,write_csv,write,"merged_df.to_csv(catalog_path_resolved, index=False)"
leap_initialisation,release_build/staging/leap-review-tools-0.1.0/code/leap_initialisation/codebase/utilities/fuel_catalog_preflight.py,964,read_csv,read,df = pd.read_csv(path)
leap_initialisation,release_build/staging/leap-review-tools-0.1.0/code/leap_initialisation/codebase/utilities/fuel_catalog_preflight.py,969,read_excel,read,"df = pd.read_excel(path, sheet_name=sheet_name, header=header)"
leap_initialisation,release_build/staging/leap-review-tools-0.1.0/code/leap_initialisation/codebase/utilities/fuel_catalog_preflight.py,976,read_excel,read,"raw = pd.read_excel(path, sheet_name=sheet_name, header=None)"
leap_initialisation,release_build/staging/leap-review-tools-0.1.0/code/leap_initialisation/codebase/utilities/fuel_catalog_preflight.py,1109,read_csv,read,df = pd.read_csv(path)
leap_initialisation,release_build/staging/leap-review-tools-0.1.0/code/leap_initialisation/codebase/utilities/leap_balance_export_resolver.py,627,read_excel,read,"raw = pd.read_excel(workbook, sheet_name=sheet_name, header=None)"
leap_initialisation,release_build/staging/leap-review-tools-0.1.0/code/leap_initialisation/codebase/utilities/leap_results_dashboard_balance.py,439,read_excel,read,"frame = pd.read_excel(workbook, sheet_name=sheet_name, dtype=str).fillna("""")"
leap_initialisation,release_build/staging/leap-review-tools-0.1.0/code/leap_initialisation/codebase/utilities/leap_results_dashboard_balance.py,2134,read_excel,read,"mapping = pd.read_excel(mapping_workbook_path, sheet_name=sheet_name, dtype=str).fillna("""")"
leap_initialisation,release_build/staging/leap-review-tools-0.1.0/code/leap_initialisation/codebase/utilities/leap_results_dashboard_balance.py,2299,write_excel,write,with pd.ExcelWriter(output_path) as writer:
leap_initialisation,release_build/staging/leap-review-tools-0.1.0/code/leap_initialisation/codebase/utilities/leap_results_dashboard_balance.py,2300,write_excel,write,"esto_candidates.to_excel(writer, sheet_name=""esto_missing_paths"", index=False)"
leap_initialisation,release_build/staging/leap-review-tools-0.1.0/code/leap_initialisation/codebase/utilities/leap_results_dashboard_balance.py,2301,write_excel,write,"ninth_candidates.to_excel(writer, sheet_name=""ninth_missing_paths"", index=False)"
leap_initialisation,release_build/staging/leap-review-tools-0.1.0/code/leap_initialisation/codebase/utilities/leap_results_dashboard_balance.py,2302,write_excel,write,"summary.to_excel(writer, sheet_name=""summary"", index=False)"
leap_initialisation,release_build/staging/leap-review-tools-0.1.0/code/leap_initialisation/codebase/utilities/leap_results_dashboard_balance.py,2403,write_excel,write,with pd.ExcelWriter(output_path) as writer:
leap_initialisation,release_build/staging/leap-review-tools-0.1.0/code/leap_initialisation/codebase/utilities/leap_results_dashboard_balance.py,2404,write_excel,write,"leap_missing.to_excel(writer, sheet_name=""missing_leap_pairs_nonzero"", index=False)"
leap_initialisation,release_build/staging/leap-review-tools-0.1.0/code/leap_initialisation/codebase/utilities/leap_results_dashboard_balance.py,2405,write_excel,write,"ninth_missing.to_excel(writer, sheet_name=""missing_ninth_pairs_nonzero"", index=False)"
leap_initialisation,release_build/staging/leap-review-tools-0.1.0/code/leap_initialisation/codebase/utilities/leap_results_dashboard_balance.py,2406,write_excel,write,"esto_missing.to_excel(writer, sheet_name=""missing_esto_pairs_nonzero"", index=False)"
leap_initialisation,release_build/staging/leap-review-tools-0.1.0/code/leap_initialisation/codebase/utilities/leap_results_dashboard_balance.py,2407,write_excel,write,"summary.to_excel(writer, sheet_name=""summary"", index=False)"
leap_initialisation,release_build/staging/leap-review-tools-0.1.0/code/leap_initialisation/codebase/utilities/leap_results_dashboard_balance.py,2752,read_excel,read,"mapping = pd.read_excel(mapping_workbook_path, sheet_name=sheet_name, dtype=str).fillna("""")"
leap_initialisation,release_build/staging/leap-review-tools-0.1.0/code/leap_initialisation/codebase/utilities/leap_results_dashboard_balance.py,3002,read_excel,read,"mapping = pd.read_excel(mapping_workbook_path, sheet_name=mapping_sheet_name, dtype=str).fillna("""")"
leap_initialisation,release_build/staging/leap-review-tools-0.1.0/code/leap_initialisation/codebase/utilities/leap_results_dashboard_balance.py,3308,write_excel,write,with pd.ExcelWriter(output_path) as writer:
leap_initialisation,release_build/staging/leap-review-tools-0.1.0/code/leap_initialisation/codebase/utilities/leap_results_dashboard_balance.py,3309,write_excel,write,"all_chart_groups_sheet_df.to_excel(writer, sheet_name=""all_chart_groups"", index=False)"
leap_initialisation,release_build/staging/leap-review-tools-0.1.0/code/leap_initialisation/codebase/utilities/leap_results_dashboard_balance.py,3310,write_excel,write,"chart_group_exposure.to_excel(writer, sheet_name=""chart_group_exposure"", index=False)"
leap_initialisation,release_build/staging/leap-review-tools-0.1.0/code/leap_initialisation/codebase/utilities/leap_results_dashboard_balance.py,3311,write_excel,write,"missing_leap.to_excel(writer, sheet_name=""missing_leap_pairs_nonzero"", index=False)"
leap_initialisation,release_build/staging/leap-review-tools-0.1.0/code/leap_initialisation/codebase/utilities/leap_results_dashboard_balance.py,3312,write_excel,write,"missing_ninth.to_excel(writer, sheet_name=""missing_ninth_dashboard_pairs"", index=False)"
leap_initialisation,release_build/staging/leap-review-tools-0.1.0/code/leap_initialisation/codebase/utilities/leap_results_dashboard_balance.py,3313,write_excel,write,"missing_esto.to_excel(writer, sheet_name=""missing_esto_dashboard_pairs"", index=False)"
leap_initialisation,release_build/staging/leap-review-tools-0.1.0/code/leap_initialisation/codebase/utilities/leap_results_dashboard_balance.py,3314,write_excel,write,"duplicate_ninth.to_excel(writer, sheet_name=""duplicate_ninth_dashboard_pairs"", index=False)"
leap_initialisation,release_build/staging/leap-review-tools-0.1.0/code/leap_initialisation/codebase/utilities/leap_results_dashboard_balance.py,3315,write_excel,write,"duplicate_esto.to_excel(writer, sheet_name=""duplicate_esto_dashboard_pairs"", index=False)"
leap_initialisation,release_build/staging/leap-review-tools-0.1.0/code/leap_initialisation/codebase/utilities/leap_results_dashboard_balance.py,3316,write_excel,write,"allowed_many_to_one_esto.to_excel(writer, sheet_name=""allowed_many_to_one_esto"", index=False)"
leap_initialisation,release_build/staging/leap-review-tools-0.1.0/code/leap_initialisation/codebase/utilities/leap_results_dashboard_balance.py,3317,write_excel,write,"split_components.to_excel(writer, sheet_name=""split_esto_mapping_components"", index=False)"
leap_initialisation,release_build/staging/leap-review-tools-0.1.0/code/leap_initialisation/codebase/utilities/leap_results_dashboard_balance.py,3318,write_excel,write,"parent_child_warnings.to_excel(writer, sheet_name=""parent_child_esto_warnings"", index=False)"
leap_initialisation,release_build/staging/leap-review-tools-0.1.0/code/leap_initialisation/codebase/utilities/leap_results_dashboard_balance.py,3319,write_excel,write,"summary.to_excel(writer, sheet_name=""summary"", index=False)"
leap_initialisation,release_build/staging/leap-review-tools-0.1.0/code/leap_initialisation/codebase/utilities/leap_results_dashboard_balance.py,3372,read_csv,read,"chart_groups = pd.read_csv(chart_path, dtype=str).fillna("""")"
leap_initialisation,release_build/staging/leap-review-tools-0.1.0/code/leap_initialisation/codebase/utilities/leap_results_dashboard_balance.py,3914,write_excel,write,with pd.ExcelWriter(output_path) as writer:
leap_initialisation,release_build/staging/leap-review-tools-0.1.0/code/leap_initialisation/codebase/utilities/leap_results_dashboard_balance.py,3915,write_excel,write,"empty.to_excel(writer, sheet_name=""missing_exact_9th_pairs"", index=False)"
leap_initialisation,release_build/staging/leap-review-tools-0.1.0/code/leap_initialisation/codebase/utilities/leap_results_dashboard_balance.py,3916,write_excel,write,"empty.to_excel(writer, sheet_name=""missing_uncovered_9th_pairs"", index=False)"
leap_initialisation,release_build/staging/leap-review-tools-0.1.0/code/leap_initialisation/codebase/utilities/leap_results_dashboard_balance.py,3917,write_excel,write,"empty.to_excel(writer, sheet_name=""all_9th_data_paths"", index=False)"
leap_initialisation,release_build/staging/leap-review-tools-0.1.0/code/leap_initialisation/codebase/utilities/leap_results_dashboard_balance.py,3918,write_excel,write,"empty_hierarchy.to_excel(writer, sheet_name=""missing_hierarchy_pairs"", index=False)"
leap_initialisation,release_build/staging/leap-review-tools-0.1.0/code/leap_initialisation/codebase/utilities/leap_results_dashboard_balance.py,3919,write_excel,write,"empty_hierarchy.to_excel(writer, sheet_name=""all_hierarchy_pairs"", index=False)"
leap_initialisation,release_build/staging/leap-review-tools-0.1.0/code/leap_initialisation/codebase/utilities/leap_results_dashboard_balance.py,4140,write_excel,write,with pd.ExcelWriter(output_path) as writer:
leap_initialisation,release_build/staging/leap-review-tools-0.1.0/code/leap_initialisation/codebase/utilities/leap_results_dashboard_balance.py,4141,write_excel,write,"missing_exact.to_excel(writer, sheet_name=""missing_exact_9th_pairs"", index=False)"
leap_initialisation,release_build/staging/leap-review-tools-0.1.0/code/leap_initialisation/codebase/utilities/leap_results_dashboard_balance.py,4142,write_excel,write,"missing_uncovered.to_excel(writer, sheet_name=""missing_uncovered_9th_pairs"", index=False)"
leap_initialisation,release_build/staging/leap-review-tools-0.1.0/code/leap_initialisation/codebase/utilities/leap_results_dashboard_balance.py,4143,write_excel,write,"all_data.to_excel(writer, sheet_name=""all_9th_data_paths"", index=False)"
leap_initialisation,release_build/staging/leap-review-tools-0.1.0/code/leap_initialisation/codebase/utilities/leap_results_dashboard_balance.py,4144,write_excel,write,"missing_hierarchy.to_excel(writer, sheet_name=""missing_hierarchy_pairs"", index=False)"
leap_initialisation,release_build/staging/leap-review-tools-0.1.0/code/leap_initialisation/codebase/utilities/leap_results_dashboard_balance.py,4145,write_excel,write,"all_hierarchy.to_excel(writer, sheet_name=""all_hierarchy_pairs"", index=False)"
leap_initialisation,release_build/staging/leap-review-tools-0.1.0/code/leap_initialisation/codebase/utilities/leap_results_dashboard_balance.py,4146,write_excel,write,"summary.to_excel(writer, sheet_name=""summary"", index=False)"
leap_initialisation,release_build/staging/leap-review-tools-0.1.0/code/leap_initialisation/codebase/utilities/leap_results_dashboard_balance.py,5311,write_csv,write,"df.to_csv(output_path, index=False)"
leap_initialisation,release_build/staging/leap-review-tools-0.1.0/code/leap_initialisation/codebase/utilities/leap_results_dashboard_balance.py,7051,write_csv,write,").sort_values([""dashboard_path"", ""template_order"", ""chart_group_key"", ""sheet"", ""measure"", ""fuel"", ""esto_flow"", ""esto_product""]).to_csv(csv_path, index=False)"
leap_initialisation,release_build/staging/leap-review-tools-0.1.0/code/leap_initialisation/codebase/utilities/leap_results_dashboard_balance.py,7362,write_csv,write,"exposed_df.to_csv(chart_group_path, index=False)"
leap_initialisation,release_build/staging/leap-review-tools-0.1.0/code/leap_initialisation/codebase/utilities/leap_results_dashboard_balance.py,7391,write_csv,write,"all_chart_groups_df.to_csv(all_chart_groups_path, index=False)"
leap_initialisation,release_build/staging/leap-review-tools-0.1.0/code/leap_initialisation/codebase/utilities/leap_results_dashboard_balance.py,7444,write_csv,write,"empty_pages_df.to_csv(empty_pages_path, index=False)"
leap_initialisation,release_build/staging/leap-review-tools-0.1.0/code/leap_initialisation/codebase/utilities/master_config.py,107,read_excel,read,combined = pd.read_excel(
leap_initialisation,release_build/staging/leap-review-tools-0.1.0/code/leap_initialisation/codebase/utilities/master_config.py,138,read_excel,read,"return pd.read_excel(path, **kwargs)"
leap_initialisation,release_build/staging/leap-review-tools-0.1.0/code/leap_initialisation/codebase/utilities/master_config.py,214,read_csv,read,"return pd.read_csv(runtime_table, **kwargs)"
leap_initialisation,release_build/staging/leap-review-tools-0.1.0/code/leap_initialisation/codebase/utilities/master_config.py,222,read_csv,read,"return pd.read_csv(path, **kwargs)"
leap_initialisation,release_build/staging/leap-review-tools-0.1.0/code/leap_initialisation/codebase/utilities/workflow_common.py,281,write_csv,write,"df.to_csv(output_path, index=False)"
leap_initialisation,release_build/staging/leap-review-tools-0.1.0/code/leap_initialisation/codebase/utilities/workflow_common.py,291,write_csv,write,"df.to_csv(history_path, index=False)"
leap_initialisation,release_build/staging/leap-review-tools-0.1.0/code/leap_initialisation/codebase/utilities/workflow_common.py,367,read_csv,read,df = pd.read_csv(f)
leap_initialisation,release_build/staging/leap-review-tools-0.1.0/code/leap_initialisation/codebase/utilities/workflow_common.py,754,read_excel,read,df = pd.read_excel(
leap_initialisation,release_build/staging/leap-review-tools-0.1.0/code/leap_initialisation/codebase/utilities/workflow_common.py,849,write_csv,write,"pd.DataFrame(rows).to_csv(out_path, index=False)"
leap_initialisation,release_build/staging/leap-review-tools-0.1.0/code/leap_initialisation/codebase/utilities/workflow_outputs.py,148,read_csv,read,"return pd.read_csv(path, nrows=0).columns.astype(str).tolist()"
leap_initialisation,release_build/staging/leap-review-tools-0.1.0/code/leap_initialisation/codebase/utilities/workflow_outputs.py,154,read_excel,read,"return pd.read_excel(path, sheet_name=first_sheet, nrows=0).columns.astype(str).tolist()"
leap_initialisation,release_build/staging/leap-review-tools-0.1.0/code/leap_initialisation/codebase/utilities/leap_results_dashboard_v2/config_loader.py,51,write_csv,write,"conflicts.to_csv(out, index=False)"
leap_initialisation,release_build/staging/leap-review-tools-0.1.0/code/leap_initialisation/codebase/utilities/leap_results_dashboard_v2/shadow_compare.py,11,read_csv,read,return pd.read_csv(path)
leap_initialisation,release_build/staging/leap-review-tools-0.1.0/code/leap_initialisation/codebase/utilities/leap_results_dashboard_v2/shadow_compare.py,51,write_csv,write,"diff_rows.to_csv(detail, index=False)"
leap_initialisation,release_build/staging/leap-review-tools-0.1.0/code/leap_initialisation/codebase/utilities/leap_results_dashboard_v2/shadow_compare.py,55,write_csv,write,"pd.DataFrame(rows).to_csv(out_path, index=False)"
leap_initialisation,release_build/staging/leap-review-tools-0.1.0/code/leap_mappings/mapping_tools/source_branch_preflight.py,101,read_csv,read,"rules_df = pd.read_csv(path, dtype=object).fillna("""")"
leap_initialisation,release_build/staging/leap-review-tools-0.1.0/code/leap_mappings/mapping_tools/source_branch_preflight.py,440,write_csv,write,"fallback_audit_df.to_csv(audit_output_dir / ""leap_source_branch_fallback_audit.csv"", index=False)"
leap_initialisation,release_build/staging/leap-review-tools-0.1.0/code/leap_mappings/mapping_tools/source_branch_preflight.py,441,write_csv,write,all_demand_warnings_df.to_csv(
leap_initialisation,release_build/staging/leap-review-tools-0.1.0/code/leap_mappings_worker/codebase/mapping_issue_exceptions.py,50,read_excel,read,"source_df = pd.read_excel(workbook_path, sheet_name=sheet_name, dtype=object)"
leap_initialisation,release_build/staging/leap-review-tools-0.1.0/code/leap_mappings_worker/codebase/mapping_issue_exceptions.py,98,read_excel,read,"sheet = pd.read_excel(workbook_path, sheet_name=sheet_name, dtype=str).fillna("""")"
leap_initialisation,release_build/staging/leap-review-tools-0.1.0/code/leap_mappings_worker/codebase/portable_mapping_chain.py,192,read_csv,read,"esto_df = pd.read_csv(esto_table, dtype=object)"
leap_initialisation,release_build/staging/leap-review-tools-0.1.0/code/leap_mappings_worker/codebase/portable_mapping_chain.py,208,write_csv,write,"esto_out.to_csv(prepared, index=False)"
leap_initialisation,release_build/staging/leap-review-tools-0.1.0/code/leap_mappings_worker/codebase/mapping_tools/apply_common_esto_structure.py,197,read_excel,read,return pd.read_excel(path)
leap_initialisation,release_build/staging/leap-review-tools-0.1.0/code/leap_mappings_worker/codebase/mapping_tools/apply_common_esto_structure.py,198,read_csv,read,return pd.read_csv(
leap_initialisation,release_build/staging/leap-review-tools-0.1.0/code/leap_mappings_worker/codebase/mapping_tools/apply_common_esto_structure.py,900,write_csv,write,"pruned_components_df.to_csv(diagnostics_dir / ""common_esto_components_pruned_not_applicable.csv"", index=False)"
leap_initialisation,release_build/staging/leap-review-tools-0.1.0/code/leap_mappings_worker/codebase/mapping_tools/apply_common_esto_structure.py,917,write_csv,write,"relevance_df.to_csv(diagnostics_dir / ""common_esto_component_relevance.csv"", index=False)"
leap_initialisation,release_build/staging/leap-review-tools-0.1.0/code/leap_mappings_worker/codebase/mapping_tools/apply_common_esto_structure.py,918,write_csv,write,"pruned_components_df.to_csv(output_dir / ""qa_common_esto_existing_components_without_relevance.csv"", index=False)"
leap_initialisation,release_build/staging/leap-review-tools-0.1.0/code/leap_mappings_worker/codebase/mapping_tools/apply_common_esto_structure.py,919,write_csv,write,"leap_branch_audit_df.to_csv(output_dir / ""qa_nonzero_unmapped_leap_branches.csv"", index=False)"
leap_initialisation,release_build/staging/leap-review-tools-0.1.0/code/leap_mappings_worker/codebase/mapping_tools/apply_common_esto_structure.py,920,write_csv,write,"actionable_partial_df.to_csv(output_dir / ""qa_common_esto_unresolved_partial_coverage.csv"", index=False)"
leap_initialisation,release_build/staging/leap-review-tools-0.1.0/code/leap_mappings_worker/codebase/mapping_tools/apply_common_esto_structure.py,921,write_csv,write,"inactive_partial_df.to_csv(output_dir / ""qa_common_esto_partial_coverage_components_without_relevance.csv"", index=False)"
leap_initialisation,release_build/staging/leap-review-tools-0.1.0/code/leap_mappings_worker/codebase/mapping_tools/apply_common_esto_structure.py,1160,write_csv,write,lineage_chunk_df.to_csv(
leap_initialisation,release_build/staging/leap-review-tools-0.1.0/code/leap_mappings_worker/codebase/mapping_tools/apply_common_esto_structure.py,1199,write_csv,write,").to_csv(lineage_handle, index=False)"
leap_initialisation,release_build/staging/leap-review-tools-0.1.0/code/leap_mappings_worker/codebase/mapping_tools/apply_common_esto_structure.py,1287,write_csv,write,"df.to_csv(diagnostics_dir / f""{name}.csv"", index=False)"
leap_initialisation,release_build/staging/leap-review-tools-0.1.0/code/leap_mappings_worker/codebase/mapping_tools/apply_common_esto_structure.py,1288,write_excel,write,"with pd.ExcelWriter(diagnostics_dir / ""broad_common_row_diagnostics.xlsx"", engine=""openpyxl"") as writer:"
leap_initialisation,release_build/staging/leap-review-tools-0.1.0/code/leap_mappings_worker/codebase/mapping_tools/apply_common_esto_structure.py,1290,write_excel,write,"df.to_excel(writer, sheet_name=name[:31], index=False)"
leap_initialisation,release_build/staging/leap-review-tools-0.1.0/code/leap_mappings_worker/codebase/mapping_tools/apply_common_esto_structure.py,1412,write_csv,write,"product_diagnostics_df.to_csv(diagnostics_dir / ""intersecting_common_product_groups.csv"", index=False)"
leap_initialisation,release_build/staging/leap-review-tools-0.1.0/code/leap_mappings_worker/codebase/mapping_tools/apply_common_esto_structure.py,1413,write_csv,write,"flow_diagnostics_df.to_csv(diagnostics_dir / ""intersecting_common_flow_groups.csv"", index=False)"
leap_initialisation,release_build/staging/leap-review-tools-0.1.0/code/leap_mappings_worker/codebase/mapping_tools/apply_common_esto_structure.py,1414,write_excel,write,"with pd.ExcelWriter(diagnostics_dir / ""intersecting_common_axis_groups.xlsx"", engine=""openpyxl"") as writer:"
leap_initialisation,release_build/staging/leap-review-tools-0.1.0/code/leap_mappings_worker/codebase/mapping_tools/apply_common_esto_structure.py,1415,write_excel,write,"product_diagnostics_df.to_excel(writer, sheet_name=""product_group_overlaps"", index=False)"
leap_initialisation,release_build/staging/leap-review-tools-0.1.0/code/leap_mappings_worker/codebase/mapping_tools/apply_common_esto_structure.py,1416,write_excel,write,"flow_diagnostics_df.to_excel(writer, sheet_name=""flow_group_overlaps"", index=False)"
leap_initialisation,release_build/staging/leap-review-tools-0.1.0/code/leap_mappings_worker/codebase/mapping_tools/apply_common_esto_structure.py,1651,write_csv,write,"df.to_csv(output_path, index=False)"
leap_initialisation,release_build/staging/leap-review-tools-0.1.0/code/leap_mappings_worker/codebase/mapping_tools/apply_common_esto_structure.py,1657,write_csv,write,"df.to_csv(fallback_path, index=False)"
leap_initialisation,release_build/staging/leap-review-tools-0.1.0/code/leap_mappings_worker/codebase/mapping_tools/apply_common_esto_structure.py,1803,write_csv,write,"status_df.to_csv(output_dir / ""common_esto_output_status.csv"", index=False)"
leap_initialisation,release_build/staging/leap-review-tools-0.1.0/code/leap_mappings_worker/codebase/mapping_tools/apply_common_esto_structure.py,1860,write_csv,write,"status_df.to_csv(output_dir / ""common_esto_output_status.csv"", index=False)"
leap_initialisation,release_build/staging/leap-review-tools-0.1.0/code/leap_mappings_worker/codebase/mapping_tools/apply_common_esto_structure.py,1919,read_csv,read,"common_rows_df = pd.read_csv(common_rows_path, dtype=str).fillna("""")"
leap_initialisation,release_build/staging/leap-review-tools-0.1.0/code/leap_mappings_worker/codebase/mapping_tools/apply_common_esto_structure.py,2010,read_csv,read,"common_rows_df = pd.read_csv(common_rows_path, dtype=str).fillna("""")"
leap_initialisation,release_build/staging/leap-review-tools-0.1.0/code/leap_mappings_worker/codebase/mapping_tools/apply_common_esto_structure.py,2047,read_csv,read,raw_source_df = pd.read_csv(
leap_initialisation,release_build/staging/leap-review-tools-0.1.0/code/leap_mappings_worker/codebase/mapping_tools/apply_common_esto_structure.py,2051,read_excel,read,direct_mapping_df = pd.read_excel(
leap_initialisation,release_build/staging/leap-review-tools-0.1.0/code/leap_mappings_worker/codebase/mapping_tools/apply_common_esto_structure.py,2055,read_excel,read,bridge_mapping_df = pd.read_excel(
leap_initialisation,release_build/staging/leap-review-tools-0.1.0/code/leap_mappings_worker/codebase/mapping_tools/apply_common_esto_structure.py,2059,read_excel,read,bridge_target_mapping_df = pd.read_excel(
leap_initialisation,release_build/staging/leap-review-tools-0.1.0/code/leap_mappings_worker/codebase/mapping_tools/apply_common_esto_structure.py,2155,read_csv,read,"structural_partial_df = pd.read_csv(structural_partial_coverage_path, low_memory=False)"
leap_initialisation,release_build/staging/leap-review-tools-0.1.0/code/leap_mappings_worker/codebase/mapping_tools/build_dataset_tree_structure.py,127,read_excel,read,"rules = pd.read_excel(workbook_path, sheet_name=""esto_rollup_rules"", dtype=object)"
leap_initialisation,release_build/staging/leap-review-tools-0.1.0/code/leap_mappings_worker/codebase/mapping_tools/build_dataset_tree_structure.py,285,read_csv,read,"df = pd.read_csv(data_csv_path, dtype=object)"
leap_initialisation,release_build/staging/leap-review-tools-0.1.0/code/leap_mappings_worker/codebase/mapping_tools/build_dataset_tree_structure.py,516,read_csv,read,"df = data_df.copy() if data_df is not None else pd.read_csv(data_csv_path, dtype=object)"
leap_initialisation,release_build/staging/leap-review-tools-0.1.0/code/leap_mappings_worker/codebase/mapping_tools/build_dataset_tree_structure.py,534,read_excel,read,"esto_df  = pd.read_excel(workbook_path, sheet_name=""leap_combined_esto"",  dtype=object)"
leap_initialisation,release_build/staging/leap-review-tools-0.1.0/code/leap_mappings_worker/codebase/mapping_tools/build_dataset_tree_structure.py,535,read_excel,read,"ninth_df = pd.read_excel(workbook_path, sheet_name=""leap_combined_ninth"", dtype=object)"
leap_initialisation,release_build/staging/leap-review-tools-0.1.0/code/leap_mappings_worker/codebase/mapping_tools/build_dataset_tree_structure.py,604,read_csv,read,"df = pd.read_csv(common_rows_path, dtype=object)"
leap_initialisation,release_build/staging/leap-review-tools-0.1.0/code/leap_mappings_worker/codebase/mapping_tools/build_dataset_tree_structure.py,676,read_csv,read,"data = pd.read_csv(data_csv_path, dtype=object)"
leap_initialisation,release_build/staging/leap-review-tools-0.1.0/code/leap_mappings_worker/codebase/mapping_tools/build_dataset_tree_structure.py,935,read_excel,read,"pairs = pd.read_excel(Path(workbook_path), sheet_name=""ninth_pairs_to_esto_pairs"", dtype=object)"
leap_initialisation,release_build/staging/leap-review-tools-0.1.0/code/leap_mappings_worker/codebase/mapping_tools/build_dataset_tree_structure.py,1151,read_csv,read,"df = data_df.copy() if data_df is not None else pd.read_csv(data_csv_path, dtype=object)"
leap_initialisation,release_build/staging/leap-review-tools-0.1.0/code/leap_mappings_worker/codebase/mapping_tools/build_dataset_tree_structure.py,1165,read_excel,read,"pairs = pd.read_excel(workbook_path, sheet_name=""ninth_pairs_to_esto_pairs"", dtype=object)"
leap_initialisation,release_build/staging/leap-review-tools-0.1.0/code/leap_mappings_worker/codebase/mapping_tools/build_dataset_tree_structure.py,1339,read_excel,read,"pairs = pd.read_excel(workbook_path, sheet_name=""ninth_pairs_to_esto_pairs"", dtype=object).fillna("""")"
leap_initialisation,release_build/staging/leap-review-tools-0.1.0/code/leap_mappings_worker/codebase/mapping_tools/build_dataset_tree_structure.py,1350,read_csv,read,"common_rows = pd.read_csv(common_rows_path, dtype=object).fillna("""")"
leap_initialisation,release_build/staging/leap-review-tools-0.1.0/code/leap_mappings_worker/codebase/mapping_tools/build_dataset_tree_structure.py,1414,read_csv,read,"df = data_df.copy() if data_df is not None else pd.read_csv(data_csv_path, dtype=object)"
leap_initialisation,release_build/staging/leap-review-tools-0.1.0/code/leap_mappings_worker/codebase/mapping_tools/build_dataset_tree_structure.py,1454,read_excel,read,"pairs = pd.read_excel(workbook_path, sheet_name=""ninth_pairs_to_esto_pairs"", dtype=object)"
leap_initialisation,release_build/staging/leap-review-tools-0.1.0/code/leap_mappings_worker/codebase/mapping_tools/build_dataset_tree_structure.py,1472,read_csv,read,"common_rows = pd.read_csv(common_rows_path, dtype=object)"
leap_initialisation,release_build/staging/leap-review-tools-0.1.0/code/leap_mappings_worker/codebase/mapping_tools/build_dataset_tree_structure.py,1599,read_excel,read,"pairs = pd.read_excel(workbook_path, sheet_name=""ninth_pairs_to_esto_pairs"", dtype=object).fillna("""")"
leap_initialisation,release_build/staging/leap-review-tools-0.1.0/code/leap_mappings_worker/codebase/mapping_tools/build_dataset_tree_structure.py,1601,read_csv,read,"common_rows = pd.read_csv(common_rows_path, dtype=object).fillna("""")"
leap_initialisation,release_build/staging/leap-review-tools-0.1.0/code/leap_mappings_worker/codebase/mapping_tools/build_dataset_tree_structure.py,1661,read_csv,read,"df = data_df.copy() if data_df is not None else pd.read_csv(data_csv_path, dtype=object)"
leap_initialisation,release_build/staging/leap-review-tools-0.1.0/code/leap_mappings_worker/codebase/mapping_tools/build_dataset_tree_structure.py,1697,read_excel,read,"pairs = pd.read_excel(workbook_path, sheet_name=""ninth_pairs_to_esto_pairs"", dtype=object)"
leap_initialisation,release_build/staging/leap-review-tools-0.1.0/code/leap_mappings_worker/codebase/mapping_tools/build_dataset_tree_structure.py,1709,read_csv,read,"common_rows = pd.read_csv(common_rows_path, dtype=object)"
leap_initialisation,release_build/staging/leap-review-tools-0.1.0/code/leap_mappings_worker/codebase/mapping_tools/build_dataset_tree_structure.py,1798,read_csv,read,"leap_df = pd.concat([pd.read_csv(path, dtype=object) for path in available], ignore_index=True)"
leap_initialisation,release_build/staging/leap-review-tools-0.1.0/code/leap_mappings_worker/codebase/mapping_tools/build_dataset_tree_structure.py,1805,read_excel,read,"esto_map = pd.read_excel(workbook_path, sheet_name=""leap_combined_esto"", dtype=object).fillna("""")"
leap_initialisation,release_build/staging/leap-review-tools-0.1.0/code/leap_mappings_worker/codebase/mapping_tools/build_dataset_tree_structure.py,1812,read_csv,read,"esto_flows = set(pd.read_csv(esto_data_path, usecols=[""flows""], dtype=object)[""flows""].dropna().map(_str))"
leap_initialisation,release_build/staging/leap-review-tools-0.1.0/code/leap_mappings_worker/codebase/mapping_tools/build_dataset_tree_structure.py,1958,read_csv,read,"[pd.read_csv(p, dtype=object) for p in available], ignore_index=True"
leap_initialisation,release_build/staging/leap-review-tools-0.1.0/code/leap_mappings_worker/codebase/mapping_tools/build_dataset_tree_structure.py,1967,read_excel,read,"esto_map = pd.read_excel(workbook_path, sheet_name=""leap_combined_esto"", dtype=object)"
leap_initialisation,release_build/staging/leap-review-tools-0.1.0/code/leap_mappings_worker/codebase/mapping_tools/build_dataset_tree_structure.py,1981,read_csv,read,"pd.read_csv(esto_data_path, usecols=[""flows""], dtype=object)[""flows""]"
leap_initialisation,release_build/staging/leap-review-tools-0.1.0/code/leap_mappings_worker/codebase/mapping_tools/build_dataset_tree_structure.py,2266,read_csv,read,"data = pd.read_csv(data_csv_path, dtype=object)"
leap_initialisation,release_build/staging/leap-review-tools-0.1.0/code/leap_mappings_worker/codebase/mapping_tools/build_dataset_tree_structure.py,2481,read_csv,read,"data = pd.read_csv(comparison_data_path, dtype=object)"
leap_initialisation,release_build/staging/leap-review-tools-0.1.0/code/leap_mappings_worker/codebase/mapping_tools/build_dataset_tree_structure.py,2782,write_csv,write,"all_trees.to_csv(all_trees_path, index=False)"
leap_initialisation,release_build/staging/leap-review-tools-0.1.0/code/leap_mappings_worker/codebase/mapping_tools/build_dataset_tree_structure.py,2792,write_csv,write,"esto_validation.to_csv(esto_val_path, index=False)"
leap_initialisation,release_build/staging/leap-review-tools-0.1.0/code/leap_mappings_worker/codebase/mapping_tools/build_dataset_tree_structure.py,2808,write_csv,write,"ninth_validation.to_csv(ninth_val_path, index=False)"
leap_initialisation,release_build/staging/leap-review-tools-0.1.0/code/leap_mappings_worker/codebase/mapping_tools/build_dataset_tree_structure.py,2822,write_csv,write,"leap_validation.to_csv(leap_val_path, index=False)"
leap_initialisation,release_build/staging/leap-review-tools-0.1.0/code/leap_mappings_worker/codebase/mapping_tools/build_dataset_tree_structure.py,2839,write_csv,write,"common_validation.to_csv(common_val_path, index=False)"
leap_initialisation,release_build/staging/leap-review-tools-0.1.0/code/leap_mappings_worker/codebase/mapping_tools/build_dataset_tree_structure.py,2843,write_csv,write,"common_validation.to_csv(common_val_path, index=False)"
leap_initialisation,release_build/staging/leap-review-tools-0.1.0/code/leap_mappings_worker/codebase/mapping_tools/build_dataset_tree_structure.py,2884,write_csv,write,"common_validation.to_csv(common_val_path, index=False)"
leap_initialisation,release_build/staging/leap-review-tools-0.1.0/code/leap_mappings_worker/codebase/mapping_tools/build_dataset_tree_structure.py,2898,write_csv,write,"non_esto_edges.to_csv(non_esto_edges_path, index=False)"
leap_initialisation,release_build/staging/leap-review-tools-0.1.0/code/leap_mappings_worker/codebase/mapping_tools/build_dataset_tree_structure.py,2909,write_csv,write,"df.to_csv(path, index=False)"
leap_initialisation,release_build/staging/leap-review-tools-0.1.0/code/leap_mappings_worker/codebase/mapping_tools/common_esto_output_contract.py,311,write_csv,write,"fact_df.to_csv(staged_fact, index=False, compression={""method"": ""gzip"", ""mtime"": 0})"
leap_initialisation,release_build/staging/leap-review-tools-0.1.0/code/leap_mappings_worker/codebase/mapping_tools/common_esto_output_contract.py,312,write_csv,write,"metadata_df.to_csv(staged_metadata, index=False)"
leap_initialisation,release_build/staging/leap-review-tools-0.1.0/code/leap_mappings_worker/codebase/mapping_tools/convert_leap_results_to_esto.py,58,read_excel,read,return pd.read_excel(path)
leap_initialisation,release_build/staging/leap-review-tools-0.1.0/code/leap_mappings_worker/codebase/mapping_tools/convert_leap_results_to_esto.py,59,read_csv,read,return pd.read_csv(path)
leap_initialisation,release_build/staging/leap-review-tools-0.1.0/code/leap_mappings_worker/codebase/mapping_tools/convert_leap_results_to_esto.py,64,read_csv,read,relationships_df = pd.read_csv(relationships_path)
leap_initialisation,release_build/staging/leap-review-tools-0.1.0/code/leap_mappings_worker/codebase/mapping_tools/convert_leap_results_to_esto.py,227,read_excel,read,rollup_rules_df = pd.read_excel(
leap_initialisation,release_build/staging/leap-review-tools-0.1.0/code/leap_mappings_worker/codebase/mapping_tools/convert_leap_results_to_esto.py,268,write_csv,write,"converted_df.to_csv(output_path, index=False)"
leap_initialisation,release_build/staging/leap-review-tools-0.1.0/code/leap_mappings_worker/codebase/mapping_tools/convert_leap_results_to_esto.py,271,write_csv,write,"lineage_df.to_csv(lineage_output_path, index=False)"
leap_initialisation,release_build/staging/leap-review-tools-0.1.0/code/leap_mappings_worker/codebase/mapping_tools/convert_leap_results_to_esto.py,276,write_csv,write,"rollup_audit_df.to_csv(rollup_audit_path, index=False)"
leap_initialisation,release_build/staging/leap-review-tools-0.1.0/code/leap_mappings_worker/codebase/mapping_tools/dataset_registry.py,83,read_csv,read,"frame = pd.read_csv(path, dtype=str, keep_default_na=False)"
leap_initialisation,release_build/staging/leap-review-tools-0.1.0/code/leap_mappings_worker/codebase/mapping_tools/diagnostic_adapter_registry.py,68,read_csv,read,"frame = pd.read_csv(registry_path, dtype=str, keep_default_na=False)"
leap_initialisation,release_build/staging/leap-review-tools-0.1.0/code/leap_mappings_worker/codebase/mapping_tools/esto_exact_rows.py,118,read_csv,read,"df = pd.read_csv(data_path, dtype=object)"
leap_initialisation,release_build/staging/leap-review-tools-0.1.0/code/leap_mappings_worker/codebase/mapping_tools/esto_exact_rows.py,123,read_csv,read,"relationships_df = pd.read_csv(relationships_path, dtype=object).fillna("""")"
leap_initialisation,release_build/staging/leap-review-tools-0.1.0/code/leap_mappings_worker/codebase/mapping_tools/esto_exact_rows.py,126,read_excel,read,leap_rollup_rules_df = pd.read_excel(
leap_initialisation,release_build/staging/leap-review-tools-0.1.0/code/leap_mappings_worker/codebase/mapping_tools/esto_exact_rows.py,150,read_excel,read,"esto_rollup_rules_raw = pd.read_excel(mapping_workbook_path, sheet_name=""esto_rollup_rules"", dtype=object).fillna("""")"
leap_initialisation,release_build/staging/leap-review-tools-0.1.0/code/leap_mappings_worker/codebase/mapping_tools/esto_exact_rows.py,234,write_csv,write,"long_df.to_csv(output_path, index=False)"
leap_initialisation,release_build/staging/leap-review-tools-0.1.0/code/leap_mappings_worker/codebase/mapping_tools/hierarchy_subtotal_adapters.py,178,read_excel,read,"sheet: _active(pd.read_excel(workbook_path, sheet_name=sheet, dtype=object))"
leap_initialisation,release_build/staging/leap-review-tools-0.1.0/code/leap_mappings_worker/codebase/mapping_tools/hierarchy_subtotal_adapters.py,253,read_csv,read,"data = data_df.copy() if data_df is not None else pd.read_csv(data_path, dtype=object)"
leap_initialisation,release_build/staging/leap-review-tools-0.1.0/code/leap_mappings_worker/codebase/mapping_tools/hierarchy_subtotal_adapters.py,330,read_excel,read,"frame = pd.read_excel(new_branch_inventory_path, sheet_name=sheet, dtype=object)"
leap_initialisation,release_build/staging/leap-review-tools-0.1.0/code/leap_mappings_worker/codebase/mapping_tools/hierarchy_subtotal_adapters.py,433,read_csv,read,"tree = pd.read_csv(tree_path, dtype=object)"
leap_initialisation,release_build/staging/leap-review-tools-0.1.0/code/leap_mappings_worker/codebase/mapping_tools/hierarchy_subtotal_adapters.py,450,read_excel,read,rules = pd.read_excel(
leap_initialisation,release_build/staging/leap-review-tools-0.1.0/code/leap_mappings_worker/codebase/mapping_tools/hierarchy_subtotal_adapters.py,495,read_csv,read,"source = pd.read_csv(tree_path, dtype=object)"
leap_initialisation,release_build/staging/leap-review-tools-0.1.0/code/leap_mappings_worker/codebase/mapping_tools/hierarchy_subtotal_adapters.py,574,read_csv,read,common_rows = pd.read_csv(
leap_initialisation,release_build/staging/leap-review-tools-0.1.0/code/leap_mappings_worker/codebase/mapping_tools/hierarchy_subtotal_adapters.py,625,read_csv,read,"hierarchy = pd.read_csv(hierarchy_path, dtype=object, keep_default_na=False)"
leap_initialisation,release_build/staging/leap-review-tools-0.1.0/code/leap_mappings_worker/codebase/mapping_tools/hierarchy_subtotal_adapters.py,687,read_csv,read,"values = pd.read_csv(values_path, dtype=object)"
leap_initialisation,release_build/staging/leap-review-tools-0.1.0/code/leap_mappings_worker/codebase/mapping_tools/hierarchy_subtotal_adapters.py,921,read_csv,read,"header = pd.read_csv(data_path, nrows=0)"
leap_initialisation,release_build/staging/leap-review-tools-0.1.0/code/leap_mappings_worker/codebase/mapping_tools/hierarchy_subtotal_adapters.py,937,read_csv,read,"data = pd.read_csv(data_path, usecols=use_columns, dtype=object)"
leap_initialisation,release_build/staging/leap-review-tools-0.1.0/code/leap_mappings_worker/codebase/mapping_tools/hierarchy_subtotal_adapters.py,1079,read_csv,read,"header = pd.read_csv(data_path, nrows=0)"
leap_initialisation,release_build/staging/leap-review-tools-0.1.0/code/leap_mappings_worker/codebase/mapping_tools/hierarchy_subtotal_adapters.py,1086,read_csv,read,data = pd.read_csv(
leap_initialisation,release_build/staging/leap-review-tools-0.1.0/code/leap_mappings_worker/codebase/mapping_tools/hierarchy_subtotal_adapters.py,1196,read_csv,read,"validation = pd.read_csv(validation_path, dtype=object)"
leap_initialisation,release_build/staging/leap-review-tools-0.1.0/code/leap_mappings_worker/codebase/mapping_tools/hierarchy_subtotal_contract.py,72,write_csv,write,"return frame.to_csv(index=False, lineterminator=""\n"").encode(""utf-8"")"
leap_initialisation,release_build/staging/leap-review-tools-0.1.0/code/leap_mappings_worker/codebase/mapping_tools/hierarchy_subtotal_contract.py,647,read_csv,read,"frame = pd.read_csv(member_path, dtype=object)"
leap_initialisation,release_build/staging/leap-review-tools-0.1.0/code/leap_mappings_worker/codebase/mapping_tools/mapping_candidate_generation.py,141,read_csv,read,"header = pd.read_csv(ninth_csv_path, nrows=0).columns.tolist()"
leap_initialisation,release_build/staging/leap-review-tools-0.1.0/code/leap_mappings_worker/codebase/mapping_tools/mapping_candidate_generation.py,147,read_csv,read,"raw_df = pd.read_csv(ninth_csv_path, usecols=required_columns + projection_columns, dtype=object)"
leap_initialisation,release_build/staging/leap-review-tools-0.1.0/code/leap_mappings_worker/codebase/mapping_tools/mapping_sheet_registry.py,75,read_csv,read,"frame = pd.read_csv(registry_path, dtype=str, keep_default_na=False)"
leap_initialisation,release_build/staging/leap-review-tools-0.1.0/code/leap_mappings_worker/codebase/mapping_tools/non_expanding_rollups.py,138,read_excel,read,"rules_df = pd.read_excel(workbook_path, sheet_name=sheet_name, dtype=object).fillna("""")"
leap_initialisation,release_build/staging/leap-review-tools-0.1.0/code/leap_mappings_worker/codebase/mapping_tools/non_expanding_rollups.py,182,read_excel,read,"rules_df = pd.read_excel(workbook_path, sheet_name=sheet_name, dtype=object).fillna("""")"
leap_initialisation,release_build/staging/leap-review-tools-0.1.0/code/leap_mappings_worker/codebase/mapping_tools/non_expanding_rollups.py,218,read_excel,read,rules_df = pd.read_excel(
leap_initialisation,release_build/staging/leap-review-tools-0.1.0/code/leap_mappings_worker/codebase/mapping_tools/non_expanding_rollups.py,555,read_csv,read,existing = pd.read_csv(qa_path)
leap_initialisation,release_build/staging/leap-review-tools-0.1.0/code/leap_mappings_worker/codebase/mapping_tools/non_expanding_rollups.py,566,write_csv,write,"combined.to_csv(qa_path, index=False)"
leap_initialisation,release_build/staging/leap-review-tools-0.1.0/code/leap_mappings_worker/codebase/mapping_tools/parse_leap_balance_export.py,406,write_csv,write,"combined.to_csv(output_path, index=False)"
leap_initialisation,release_build/staging/leap-review-tools-0.1.0/code/leap_mappings_worker/codebase/mapping_tools/rollup_sheet_registry.py,96,read_csv,read,"frame = pd.read_csv(registry_path, dtype=str, keep_default_na=False)"
leap_initialisation,release_build/staging/leap-review-tools-0.1.0/code/leap_mappings_worker/codebase/mapping_tools/rollup_sheet_registry.py,179,read_excel,read,rules = pd.read_excel(
leap_initialisation,release_build/staging/leap-review-tools-0.1.0/code/leap_mappings_worker/codebase/mapping_tools/source_branch_preflight.py,101,read_csv,read,"rules_df = pd.read_csv(path, dtype=object).fillna("""")"
leap_initialisation,release_build/staging/leap-review-tools-0.1.0/code/leap_mappings_worker/codebase/mapping_tools/source_branch_preflight.py,440,write_csv,write,"fallback_audit_df.to_csv(audit_output_dir / ""leap_source_branch_fallback_audit.csv"", index=False)"
leap_initialisation,release_build/staging/leap-review-tools-0.1.0/code/leap_mappings_worker/codebase/mapping_tools/source_branch_preflight.py,441,write_csv,write,all_demand_warnings_df.to_csv(
leap_initialisation,release_build/staging/leap-review-tools-0.1.0/code/leap_mappings_worker/codebase/mapping_tools/target_share_allocation.py,191,read_csv,read,"df = pd.read_csv(esto_csv_path, dtype=object)"
leap_initialisation,release_build/staging/leap-review-tools-0.1.0/code/leap_mappings_worker/codebase/mapping_tools/value_adapter_registry.py,75,read_csv,read,"frame = pd.read_csv(registry_path, dtype=str, keep_default_na=False)"
leap_initialisation,release_build/staging/leap-review-tools-0.1.0/code/leap_mappings_worker/codebase/mapping_tools/value_adapter_registry.py,227,read_csv,read,"values = pd.read_csv(input_path, dtype=object)"
leap_initialisation,release_build/staging/leap-review-tools-0.1.0/code/leap_mappings_worker/codebase/mapping_tools/value_adapter_registry.py,246,write_csv,write,"values.to_csv(output_path, index=False)"
leap_initialisation,release_build/staging/leap-review-tools-0.1.0/code/leap_mappings_worker/codebase/utilities/leap_balance_export_resolver.py,387,read_excel,read,"raw = pd.read_excel(workbook, sheet_name=sheet_name, header=None)"
leap_initialisation,release_build/staging/leap-review-tools-0.1.0/code/leap_mappings_worker/codebase/utilities/master_config.py,79,read_excel,read,"return pd.read_excel(MASTER_CONFIG_PATH, sheet_name=sheet_name, **kwargs)"
leap_initialisation,release_build/staging/leap-review-tools-0.1.0/code/leap_mappings_worker/codebase/utilities/master_config.py,101,read_excel,read,"return pd.read_excel(path, **kwargs)"
leap_initialisation,release_build/staging/leap-review-tools-0.1.0/code/leap_mappings_worker/codebase/utilities/master_config.py,104,read_csv,read,"return pd.read_csv(path, **kwargs)"
leap_initialisation,release_build/staging/leap-review-tools-0.2.0/code/leap_dashboard/common_esto_dashboard_data.py,189,read_csv,read,"columns = pd.read_csv(path, nrows=0).columns"
leap_initialisation,release_build/staging/leap-review-tools-0.2.0/code/leap_dashboard/common_esto_dashboard_data.py,299,read_csv,read,wide_df = pd.read_csv(
leap_initialisation,release_build/staging/leap-review-tools-0.2.0/code/leap_dashboard/common_esto_dashboard_data.py,346,read_csv,read,df = pd.read_csv(
leap_initialisation,release_build/staging/leap-review-tools-0.2.0/code/leap_dashboard/common_esto_dashboard_data.py,480,read_csv,read,"frame = pd.read_csv(member_path, dtype=str, keep_default_na=False, low_memory=False)"
leap_initialisation,release_build/staging/leap-review-tools-0.2.0/code/leap_dashboard/common_esto_dashboard_data.py,664,read_csv,read,"sample_df = pd.read_csv(path, nrows=0, low_memory=False)"
leap_initialisation,release_build/staging/leap-review-tools-0.2.0/code/leap_dashboard/common_esto_dashboard_data.py,692,read_csv,read,"common_rows = pd.read_csv(common_rows_path, low_memory=False).fillna("""")"
leap_initialisation,release_build/staging/leap-review-tools-0.2.0/code/leap_dashboard/common_esto_dashboard_portable.py,180,write_csv,write,"sign_summary_df.to_csv(layout[""supporting""] / ""sign_semantics_summary.csv"", index=False)"
leap_initialisation,release_build/staging/leap-review-tools-0.2.0/code/leap_dashboard/common_esto_dashboard_renderer.py,3950,write_csv,write,"page_summary_df.to_csv(layout[""supporting""] / ""page_assignment_summary.csv"", index=False)"
leap_initialisation,release_build/staging/leap-review-tools-0.2.0/code/leap_dashboard/common_esto_dashboard_renderer.py,4224,write_csv,write,"manifest_df.to_csv(layout[""supporting""] / ""chart_manifest.csv"", index=False)"
leap_initialisation,release_build/staging/leap-review-tools-0.2.0/code/leap_initialisation/codebase/functions/analysis_input_write_dispatcher.py,166,read_excel,read,"raw = pd.read_excel(path, sheet_name=sheet_name, header=None)"
leap_initialisation,release_build/staging/leap-review-tools-0.2.0/code/leap_initialisation/codebase/functions/analysis_input_write_dispatcher.py,193,write_excel,write,"with pd.ExcelWriter(path, **writer_kwargs) as writer:"
leap_initialisation,release_build/staging/leap-review-tools-0.2.0/code/leap_initialisation/codebase/functions/analysis_input_write_dispatcher.py,194,write_excel,write,"output.to_excel(writer, sheet_name=sheet_name, index=False, header=False)"
leap_initialisation,release_build/staging/leap-review-tools-0.2.0/code/leap_initialisation/codebase/functions/baseline_seed_balance_diagnostics.py,401,read_csv,read,rules = pd.read_csv(_resolve(path))
leap_initialisation,release_build/staging/leap-review-tools-0.2.0/code/leap_initialisation/codebase/functions/baseline_seed_balance_diagnostics.py,1164,write_excel,write,with pd.ExcelWriter(output_path) as writer:
leap_initialisation,release_build/staging/leap-review-tools-0.2.0/code/leap_initialisation/codebase/functions/baseline_seed_balance_diagnostics.py,1165,write_excel,write,"esto_mapping.to_excel(writer, sheet_name=""leap_combined_esto"", index=False)"
leap_initialisation,release_build/staging/leap-review-tools-0.2.0/code/leap_initialisation/codebase/functions/baseline_seed_balance_diagnostics.py,1166,write_excel,write,pd.DataFrame(columns=ninth_columns).to_excel(
leap_initialisation,release_build/staging/leap-review-tools-0.2.0/code/leap_initialisation/codebase/functions/baseline_seed_balance_diagnostics.py,3015,write_csv,write,"differences.to_csv(differences_path, index=False)"
leap_initialisation,release_build/staging/leap-review-tools-0.2.0/code/leap_initialisation/codebase/functions/baseline_seed_balance_diagnostics.py,3021,write_csv,write,"mapping_issues.to_csv(mapping_issues_path, index=False)"
leap_initialisation,release_build/staging/leap-review-tools-0.2.0/code/leap_initialisation/codebase/functions/baseline_seed_balance_diagnostics.py,3031,write_csv,write,"ignored_rows.to_csv(ignored_rows_path, index=False)"
leap_initialisation,release_build/staging/leap-review-tools-0.2.0/code/leap_initialisation/codebase/functions/baseline_seed_balance_diagnostics.py,3041,write_csv,write,"projection_diagnostics.to_csv(projection_diagnostics_path, index=False)"
leap_initialisation,release_build/staging/leap-review-tools-0.2.0/code/leap_initialisation/codebase/functions/baseline_seed_balance_diagnostics.py,3050,write_csv,write,"review.to_csv(review_path, index=False)"
leap_initialisation,release_build/staging/leap-review-tools-0.2.0/code/leap_initialisation/codebase/functions/baseline_seed_validation.py,1646,read_excel,read,data = pd.read_excel(
leap_initialisation,release_build/staging/leap-review-tools-0.2.0/code/leap_initialisation/codebase/functions/baseline_seed_validation.py,1666,read_excel,read,data = pd.read_excel(
leap_initialisation,release_build/staging/leap-review-tools-0.2.0/code/leap_initialisation/codebase/functions/baseline_seed_validation.py,2186,write_csv,write,"filter_actionable_findings(result.findings).to_csv(findings_path, index=False)"
leap_initialisation,release_build/staging/leap-review-tools-0.2.0/code/leap_initialisation/codebase/functions/baseline_seed_validation.py,2187,write_csv,write,"result.duplicate_groups.to_csv(duplicates_path, index=False)"
leap_initialisation,release_build/staging/leap-review-tools-0.2.0/code/leap_initialisation/codebase/functions/baseline_seed_validation.py,2189,write_csv,write,"build_validation_issue_groups(actionable_findings).to_csv(issue_groups_path, index=False)"
leap_initialisation,release_build/staging/leap-review-tools-0.2.0/code/leap_initialisation/codebase/functions/baseline_seed_validation.py,2190,write_csv,write,"build_branch_issue_summary(actionable_findings).to_csv(branch_issue_summary_path, index=False)"
leap_initialisation,release_build/staging/leap-review-tools-0.2.0/code/leap_initialisation/codebase/functions/leap_core.py,522,write_excel,write,"with pd.ExcelWriter(filename, engine='openpyxl') as writer:"
leap_initialisation,release_build/staging/leap-review-tools-0.2.0/code/leap_initialisation/codebase/functions/leap_core.py,523,write_excel,write,"export_df.to_excel(writer, sheet_name='All_Data', index=False)"
leap_initialisation,release_build/staging/leap-review-tools-0.2.0/code/leap_initialisation/codebase/functions/leap_core.py,1774,read_excel,read,"return pd.read_excel(path, sheet_name=sheet_name, header=header_guess)"
leap_initialisation,release_build/staging/leap-review-tools-0.2.0/code/leap_initialisation/codebase/functions/leap_core.py,1997,read_excel,read,"return pd.read_excel(path, sheet_name=sheet_name, header=header_guess)"
leap_initialisation,release_build/staging/leap-review-tools-0.2.0/code/leap_initialisation/codebase/functions/leap_excel_io.py,137,read_excel,read,"raw = pd.read_excel(resolved, sheet_name=sheet_name, header=None)"
leap_initialisation,release_build/staging/leap-review-tools-0.2.0/code/leap_initialisation/codebase/functions/leap_excel_io.py,196,read_excel,read,"raw = pd.read_excel(path, sheet_name=sheet_name, header=None)"
leap_initialisation,release_build/staging/leap-review-tools-0.2.0/code/leap_initialisation/codebase/functions/leap_excel_io.py,220,write_excel,write,"with pd.ExcelWriter(path, **writer_kwargs) as writer:"
leap_initialisation,release_build/staging/leap-review-tools-0.2.0/code/leap_initialisation/codebase/functions/leap_excel_io.py,221,write_excel,write,"output.to_excel(writer, sheet_name=sheet_name, index=False, header=False)"
leap_initialisation,release_build/staging/leap-review-tools-0.2.0/code/leap_initialisation/codebase/functions/leap_excel_io.py,302,read_excel,read,"reference = pd.read_excel(path, sheet_name=sheet_name, header=2)"
leap_initialisation,release_build/staging/leap-review-tools-0.2.0/code/leap_initialisation/codebase/functions/leap_excel_io.py,369,write_excel,write,"instructions.to_excel(writer, sheet_name=""Instructions"", index=False)"
leap_initialisation,release_build/staging/leap-review-tools-0.2.0/code/leap_initialisation/codebase/functions/leap_excel_io.py,816,write_csv,write,"diagnostic.to_csv(diagnostic_path, index=False)"
leap_initialisation,release_build/staging/leap-review-tools-0.2.0/code/leap_initialisation/codebase/functions/leap_excel_io.py,835,write_excel,write,"with pd.ExcelWriter(out_path, engine=""openpyxl"") as writer:"
leap_initialisation,release_build/staging/leap-review-tools-0.2.0/code/leap_initialisation/codebase/functions/leap_excel_io.py,836,write_excel,write,"export_df_for_viewing2.to_excel(writer, sheet_name=""FOR_VIEWING"", index=False, header=False, startrow=0)"
leap_initialisation,release_build/staging/leap-review-tools-0.2.0/code/leap_initialisation/codebase/functions/leap_excel_io.py,837,write_excel,write,"leap_export_df2.to_excel(writer, sheet_name=""LEAP"", index=False, header=False, startrow=0)"
leap_initialisation,release_build/staging/leap-review-tools-0.2.0/code/leap_initialisation/codebase/functions/leap_excel_io.py,895,read_excel,read,"import_df = pd.read_excel(import_filename, sheet_name='Export', header=2)"
leap_initialisation,release_build/staging/leap-review-tools-0.2.0/code/leap_initialisation/codebase/functions/leap_excel_io.py,1275,read_csv,read,energy_df = pd.read_csv(source_path)
leap_initialisation,release_build/staging/leap-review-tools-0.2.0/code/leap_initialisation/codebase/functions/leap_excel_io.py,1277,read_excel,read,energy_df = pd.read_excel(source_path)
leap_initialisation,release_build/staging/leap-review-tools-0.2.0/code/leap_initialisation/codebase/functions/leap_excel_io.py,1359,write_excel,write,"with pd.ExcelWriter(leap_export_filename, engine=""openpyxl"", mode=""w"") as writer:"
leap_initialisation,release_build/staging/leap-review-tools-0.2.0/code/leap_initialisation/codebase/functions/leap_excel_io.py,1360,write_excel,write,"export_df.to_excel(writer, sheet_name=sheet_name, index=False)"
leap_initialisation,release_build/staging/leap-review-tools-0.2.0/code/leap_initialisation/codebase/functions/transformation_analysis_utils.py,1374,read_excel,read,"mapping_df = pd.read_excel(path, sheet_name=""leap_display_names"")"
leap_initialisation,release_build/staging/leap-review-tools-0.2.0/code/leap_initialisation/codebase/functions/transformation_analysis_utils.py,1808,write_csv,write,"context.to_csv(output_path, index=False)"
leap_initialisation,release_build/staging/leap-review-tools-0.2.0/code/leap_initialisation/codebase/functions/transformation_analysis_utils.py,1900,write_csv,write,"projection_diagnostics.to_csv(PROJECTION_DIAGNOSTICS_PATH, index=False)"
leap_initialisation,release_build/staging/leap-review-tools-0.2.0/code/leap_initialisation/codebase/functions/transformation_record_builder.py,2328,write_csv,write,"process_summary.to_csv(process_summary_path, index=False)"
leap_initialisation,release_build/staging/leap-review-tools-0.2.0/code/leap_initialisation/codebase/functions/transformation_record_builder.py,2329,write_csv,write,"detail_summary.to_csv(detail_summary_path, index=False)"
leap_initialisation,release_build/staging/leap-review-tools-0.2.0/code/leap_initialisation/codebase/mappings/canonical_loaders.py,210,read_excel,read,"frame = pd.read_excel(path, **read_kwargs)"
leap_initialisation,release_build/staging/leap-review-tools-0.2.0/code/leap_initialisation/codebase/portable_release/validation.py,736,read_excel,read,"sheet = pd.read_excel(Path(str(mapping_workbook_path)), sheet_name=""leap_combined_esto"")"
leap_initialisation,release_build/staging/leap-review-tools-0.2.0/code/leap_initialisation/codebase/utilities/energy_balance_template_extractor.py,75,read_excel,read,frame = pd.read_excel(
leap_initialisation,release_build/staging/leap-review-tools-0.2.0/code/leap_initialisation/codebase/utilities/energy_balance_template_extractor.py,123,read_excel,read,"frame = pd.read_excel(workbook, sheet_name=sheet_name, dtype=str).fillna("""")"
leap_initialisation,release_build/staging/leap-review-tools-0.2.0/code/leap_initialisation/codebase/utilities/energy_balance_template_extractor.py,251,write_csv,write,"conflict_rows.to_csv(output_path, index=False)"
leap_initialisation,release_build/staging/leap-review-tools-0.2.0/code/leap_initialisation/codebase/utilities/energy_balance_template_extractor.py,440,read_excel,read,"return pd.read_excel(path, sheet_name=sheet_name, **kwargs)"
leap_initialisation,release_build/staging/leap-review-tools-0.2.0/code/leap_initialisation/codebase/utilities/energy_balance_template_extractor.py,954,write_csv,write,"diag.to_csv(diag_path, index=False, encoding=""utf-8-sig"")"
leap_initialisation,release_build/staging/leap-review-tools-0.2.0/code/leap_initialisation/codebase/utilities/energy_balance_template_extractor.py,1005,write_csv,write,"warning_export.to_csv(warning_path, index=False, encoding=""utf-8-sig"")"
leap_initialisation,release_build/staging/leap-review-tools-0.2.0/code/leap_initialisation/codebase/utilities/energy_balance_template_extractor.py,2150,write_csv,write,"raw_long.to_csv(raw_path, index=False)"
leap_initialisation,release_build/staging/leap-review-tools-0.2.0/code/leap_initialisation/codebase/utilities/energy_balance_template_extractor.py,2151,write_csv,write,"mapped_long.to_csv(mapped_path, index=False)"
leap_initialisation,release_build/staging/leap-review-tools-0.2.0/code/leap_initialisation/codebase/utilities/energy_balance_template_extractor.py,2152,write_csv,write,"simple_main.to_csv(main_simple_path, index=False)"
leap_initialisation,release_build/staging/leap-review-tools-0.2.0/code/leap_initialisation/codebase/utilities/energy_balance_template_extractor.py,2153,write_csv,write,"coverage.to_csv(coverage_path, index=False)"
leap_initialisation,release_build/staging/leap-review-tools-0.2.0/code/leap_initialisation/codebase/utilities/energy_balance_template_extractor.py,2154,write_csv,write,"unit_diag.to_csv(unit_diag_path, index=False)"
leap_initialisation,release_build/staging/leap-review-tools-0.2.0/code/leap_initialisation/codebase/utilities/energy_balance_template_extractor.py,2155,write_csv,write,"report[""diagnostics""].to_csv(diag_path, index=False)"
leap_initialisation,release_build/staging/leap-review-tools-0.2.0/code/leap_initialisation/codebase/utilities/energy_balance_template_extractor.py,2156,write_csv,write,"report[""many_to_many_is_ok_diagnostics""].to_csv(many_to_many_diag_path, index=False)"
leap_initialisation,release_build/staging/leap-review-tools-0.2.0/code/leap_initialisation/codebase/utilities/energy_balance_template_extractor.py,2157,write_csv,write,"pd.DataFrame([report[""summary""]]).to_csv(summary_path, index=False)"
leap_initialisation,release_build/staging/leap-review-tools-0.2.0/code/leap_initialisation/codebase/utilities/esto_reference_loader.py,73,write_csv,write,"df.to_csv(path, index=False)"
leap_initialisation,release_build/staging/leap-review-tools-0.2.0/code/leap_initialisation/codebase/utilities/esto_reference_loader.py,200,write_csv,write,"esto_df.to_csv(esto_cache, index=False)"
leap_initialisation,release_build/staging/leap-review-tools-0.2.0/code/leap_initialisation/codebase/utilities/esto_reference_loader.py,201,write_csv,write,"ninth_df.to_csv(ninth_cache, index=False)"
leap_initialisation,release_build/staging/leap-review-tools-0.2.0/code/leap_initialisation/codebase/utilities/fuel_catalog_preflight.py,216,read_csv,read,frame = pd.read_csv(cache_path)
leap_initialisation,release_build/staging/leap-review-tools-0.2.0/code/leap_initialisation/codebase/utilities/fuel_catalog_preflight.py,223,write_csv,write,"frame.to_csv(cache_path, index=False)"
leap_initialisation,release_build/staging/leap-review-tools-0.2.0/code/leap_initialisation/codebase/utilities/fuel_catalog_preflight.py,265,write_csv,write,"catalog_df.to_csv(catalog_file, index=False)"
leap_initialisation,release_build/staging/leap-review-tools-0.2.0/code/leap_initialisation/codebase/utilities/fuel_catalog_preflight.py,267,write_csv,write,"registry_df.to_csv(registry_file, index=False)"
leap_initialisation,release_build/staging/leap-review-tools-0.2.0/code/leap_initialisation/codebase/utilities/fuel_catalog_preflight.py,674,write_csv,write,"probe_df.to_csv(probe_path_resolved, index=False)"
leap_initialisation,release_build/staging/leap-review-tools-0.2.0/code/leap_initialisation/codebase/utilities/fuel_catalog_preflight.py,709,write_csv,write,"registry_df.to_csv(registry_file, index=False)"
leap_initialisation,release_build/staging/leap-review-tools-0.2.0/code/leap_initialisation/codebase/utilities/fuel_catalog_preflight.py,713,write_csv,write,"merged_df.to_csv(catalog_path_resolved, index=False)"
leap_initialisation,release_build/staging/leap-review-tools-0.2.0/code/leap_initialisation/codebase/utilities/fuel_catalog_preflight.py,964,read_csv,read,df = pd.read_csv(path)
leap_initialisation,release_build/staging/leap-review-tools-0.2.0/code/leap_initialisation/codebase/utilities/fuel_catalog_preflight.py,969,read_excel,read,"df = pd.read_excel(path, sheet_name=sheet_name, header=header)"
leap_initialisation,release_build/staging/leap-review-tools-0.2.0/code/leap_initialisation/codebase/utilities/fuel_catalog_preflight.py,976,read_excel,read,"raw = pd.read_excel(path, sheet_name=sheet_name, header=None)"
leap_initialisation,release_build/staging/leap-review-tools-0.2.0/code/leap_initialisation/codebase/utilities/fuel_catalog_preflight.py,1109,read_csv,read,df = pd.read_csv(path)
leap_initialisation,release_build/staging/leap-review-tools-0.2.0/code/leap_initialisation/codebase/utilities/leap_balance_export_resolver.py,627,read_excel,read,"raw = pd.read_excel(workbook, sheet_name=sheet_name, header=None)"
leap_initialisation,release_build/staging/leap-review-tools-0.2.0/code/leap_initialisation/codebase/utilities/leap_results_dashboard_balance.py,439,read_excel,read,"frame = pd.read_excel(workbook, sheet_name=sheet_name, dtype=str).fillna("""")"
leap_initialisation,release_build/staging/leap-review-tools-0.2.0/code/leap_initialisation/codebase/utilities/leap_results_dashboard_balance.py,2134,read_excel,read,"mapping = pd.read_excel(mapping_workbook_path, sheet_name=sheet_name, dtype=str).fillna("""")"
leap_initialisation,release_build/staging/leap-review-tools-0.2.0/code/leap_initialisation/codebase/utilities/leap_results_dashboard_balance.py,2299,write_excel,write,with pd.ExcelWriter(output_path) as writer:
leap_initialisation,release_build/staging/leap-review-tools-0.2.0/code/leap_initialisation/codebase/utilities/leap_results_dashboard_balance.py,2300,write_excel,write,"esto_candidates.to_excel(writer, sheet_name=""esto_missing_paths"", index=False)"
leap_initialisation,release_build/staging/leap-review-tools-0.2.0/code/leap_initialisation/codebase/utilities/leap_results_dashboard_balance.py,2301,write_excel,write,"ninth_candidates.to_excel(writer, sheet_name=""ninth_missing_paths"", index=False)"
leap_initialisation,release_build/staging/leap-review-tools-0.2.0/code/leap_initialisation/codebase/utilities/leap_results_dashboard_balance.py,2302,write_excel,write,"summary.to_excel(writer, sheet_name=""summary"", index=False)"
leap_initialisation,release_build/staging/leap-review-tools-0.2.0/code/leap_initialisation/codebase/utilities/leap_results_dashboard_balance.py,2403,write_excel,write,with pd.ExcelWriter(output_path) as writer:
leap_initialisation,release_build/staging/leap-review-tools-0.2.0/code/leap_initialisation/codebase/utilities/leap_results_dashboard_balance.py,2404,write_excel,write,"leap_missing.to_excel(writer, sheet_name=""missing_leap_pairs_nonzero"", index=False)"
leap_initialisation,release_build/staging/leap-review-tools-0.2.0/code/leap_initialisation/codebase/utilities/leap_results_dashboard_balance.py,2405,write_excel,write,"ninth_missing.to_excel(writer, sheet_name=""missing_ninth_pairs_nonzero"", index=False)"
leap_initialisation,release_build/staging/leap-review-tools-0.2.0/code/leap_initialisation/codebase/utilities/leap_results_dashboard_balance.py,2406,write_excel,write,"esto_missing.to_excel(writer, sheet_name=""missing_esto_pairs_nonzero"", index=False)"
leap_initialisation,release_build/staging/leap-review-tools-0.2.0/code/leap_initialisation/codebase/utilities/leap_results_dashboard_balance.py,2407,write_excel,write,"summary.to_excel(writer, sheet_name=""summary"", index=False)"
leap_initialisation,release_build/staging/leap-review-tools-0.2.0/code/leap_initialisation/codebase/utilities/leap_results_dashboard_balance.py,2752,read_excel,read,"mapping = pd.read_excel(mapping_workbook_path, sheet_name=sheet_name, dtype=str).fillna("""")"
leap_initialisation,release_build/staging/leap-review-tools-0.2.0/code/leap_initialisation/codebase/utilities/leap_results_dashboard_balance.py,3002,read_excel,read,"mapping = pd.read_excel(mapping_workbook_path, sheet_name=mapping_sheet_name, dtype=str).fillna("""")"
leap_initialisation,release_build/staging/leap-review-tools-0.2.0/code/leap_initialisation/codebase/utilities/leap_results_dashboard_balance.py,3308,write_excel,write,with pd.ExcelWriter(output_path) as writer:
leap_initialisation,release_build/staging/leap-review-tools-0.2.0/code/leap_initialisation/codebase/utilities/leap_results_dashboard_balance.py,3309,write_excel,write,"all_chart_groups_sheet_df.to_excel(writer, sheet_name=""all_chart_groups"", index=False)"
leap_initialisation,release_build/staging/leap-review-tools-0.2.0/code/leap_initialisation/codebase/utilities/leap_results_dashboard_balance.py,3310,write_excel,write,"chart_group_exposure.to_excel(writer, sheet_name=""chart_group_exposure"", index=False)"
leap_initialisation,release_build/staging/leap-review-tools-0.2.0/code/leap_initialisation/codebase/utilities/leap_results_dashboard_balance.py,3311,write_excel,write,"missing_leap.to_excel(writer, sheet_name=""missing_leap_pairs_nonzero"", index=False)"
leap_initialisation,release_build/staging/leap-review-tools-0.2.0/code/leap_initialisation/codebase/utilities/leap_results_dashboard_balance.py,3312,write_excel,write,"missing_ninth.to_excel(writer, sheet_name=""missing_ninth_dashboard_pairs"", index=False)"
leap_initialisation,release_build/staging/leap-review-tools-0.2.0/code/leap_initialisation/codebase/utilities/leap_results_dashboard_balance.py,3313,write_excel,write,"missing_esto.to_excel(writer, sheet_name=""missing_esto_dashboard_pairs"", index=False)"
leap_initialisation,release_build/staging/leap-review-tools-0.2.0/code/leap_initialisation/codebase/utilities/leap_results_dashboard_balance.py,3314,write_excel,write,"duplicate_ninth.to_excel(writer, sheet_name=""duplicate_ninth_dashboard_pairs"", index=False)"
leap_initialisation,release_build/staging/leap-review-tools-0.2.0/code/leap_initialisation/codebase/utilities/leap_results_dashboard_balance.py,3315,write_excel,write,"duplicate_esto.to_excel(writer, sheet_name=""duplicate_esto_dashboard_pairs"", index=False)"
leap_initialisation,release_build/staging/leap-review-tools-0.2.0/code/leap_initialisation/codebase/utilities/leap_results_dashboard_balance.py,3316,write_excel,write,"allowed_many_to_one_esto.to_excel(writer, sheet_name=""allowed_many_to_one_esto"", index=False)"
leap_initialisation,release_build/staging/leap-review-tools-0.2.0/code/leap_initialisation/codebase/utilities/leap_results_dashboard_balance.py,3317,write_excel,write,"split_components.to_excel(writer, sheet_name=""split_esto_mapping_components"", index=False)"
leap_initialisation,release_build/staging/leap-review-tools-0.2.0/code/leap_initialisation/codebase/utilities/leap_results_dashboard_balance.py,3318,write_excel,write,"parent_child_warnings.to_excel(writer, sheet_name=""parent_child_esto_warnings"", index=False)"
leap_initialisation,release_build/staging/leap-review-tools-0.2.0/code/leap_initialisation/codebase/utilities/leap_results_dashboard_balance.py,3319,write_excel,write,"summary.to_excel(writer, sheet_name=""summary"", index=False)"
leap_initialisation,release_build/staging/leap-review-tools-0.2.0/code/leap_initialisation/codebase/utilities/leap_results_dashboard_balance.py,3372,read_csv,read,"chart_groups = pd.read_csv(chart_path, dtype=str).fillna("""")"
leap_initialisation,release_build/staging/leap-review-tools-0.2.0/code/leap_initialisation/codebase/utilities/leap_results_dashboard_balance.py,3914,write_excel,write,with pd.ExcelWriter(output_path) as writer:
leap_initialisation,release_build/staging/leap-review-tools-0.2.0/code/leap_initialisation/codebase/utilities/leap_results_dashboard_balance.py,3915,write_excel,write,"empty.to_excel(writer, sheet_name=""missing_exact_9th_pairs"", index=False)"
leap_initialisation,release_build/staging/leap-review-tools-0.2.0/code/leap_initialisation/codebase/utilities/leap_results_dashboard_balance.py,3916,write_excel,write,"empty.to_excel(writer, sheet_name=""missing_uncovered_9th_pairs"", index=False)"
leap_initialisation,release_build/staging/leap-review-tools-0.2.0/code/leap_initialisation/codebase/utilities/leap_results_dashboard_balance.py,3917,write_excel,write,"empty.to_excel(writer, sheet_name=""all_9th_data_paths"", index=False)"
leap_initialisation,release_build/staging/leap-review-tools-0.2.0/code/leap_initialisation/codebase/utilities/leap_results_dashboard_balance.py,3918,write_excel,write,"empty_hierarchy.to_excel(writer, sheet_name=""missing_hierarchy_pairs"", index=False)"
leap_initialisation,release_build/staging/leap-review-tools-0.2.0/code/leap_initialisation/codebase/utilities/leap_results_dashboard_balance.py,3919,write_excel,write,"empty_hierarchy.to_excel(writer, sheet_name=""all_hierarchy_pairs"", index=False)"
leap_initialisation,release_build/staging/leap-review-tools-0.2.0/code/leap_initialisation/codebase/utilities/leap_results_dashboard_balance.py,4140,write_excel,write,with pd.ExcelWriter(output_path) as writer:
leap_initialisation,release_build/staging/leap-review-tools-0.2.0/code/leap_initialisation/codebase/utilities/leap_results_dashboard_balance.py,4141,write_excel,write,"missing_exact.to_excel(writer, sheet_name=""missing_exact_9th_pairs"", index=False)"
leap_initialisation,release_build/staging/leap-review-tools-0.2.0/code/leap_initialisation/codebase/utilities/leap_results_dashboard_balance.py,4142,write_excel,write,"missing_uncovered.to_excel(writer, sheet_name=""missing_uncovered_9th_pairs"", index=False)"
leap_initialisation,release_build/staging/leap-review-tools-0.2.0/code/leap_initialisation/codebase/utilities/leap_results_dashboard_balance.py,4143,write_excel,write,"all_data.to_excel(writer, sheet_name=""all_9th_data_paths"", index=False)"
leap_initialisation,release_build/staging/leap-review-tools-0.2.0/code/leap_initialisation/codebase/utilities/leap_results_dashboard_balance.py,4144,write_excel,write,"missing_hierarchy.to_excel(writer, sheet_name=""missing_hierarchy_pairs"", index=False)"
leap_initialisation,release_build/staging/leap-review-tools-0.2.0/code/leap_initialisation/codebase/utilities/leap_results_dashboard_balance.py,4145,write_excel,write,"all_hierarchy.to_excel(writer, sheet_name=""all_hierarchy_pairs"", index=False)"
leap_initialisation,release_build/staging/leap-review-tools-0.2.0/code/leap_initialisation/codebase/utilities/leap_results_dashboard_balance.py,4146,write_excel,write,"summary.to_excel(writer, sheet_name=""summary"", index=False)"
leap_initialisation,release_build/staging/leap-review-tools-0.2.0/code/leap_initialisation/codebase/utilities/leap_results_dashboard_balance.py,5311,write_csv,write,"df.to_csv(output_path, index=False)"
leap_initialisation,release_build/staging/leap-review-tools-0.2.0/code/leap_initialisation/codebase/utilities/leap_results_dashboard_balance.py,7051,write_csv,write,").sort_values([""dashboard_path"", ""template_order"", ""chart_group_key"", ""sheet"", ""measure"", ""fuel"", ""esto_flow"", ""esto_product""]).to_csv(csv_path, index=False)"
leap_initialisation,release_build/staging/leap-review-tools-0.2.0/code/leap_initialisation/codebase/utilities/leap_results_dashboard_balance.py,7362,write_csv,write,"exposed_df.to_csv(chart_group_path, index=False)"
leap_initialisation,release_build/staging/leap-review-tools-0.2.0/code/leap_initialisation/codebase/utilities/leap_results_dashboard_balance.py,7391,write_csv,write,"all_chart_groups_df.to_csv(all_chart_groups_path, index=False)"
leap_initialisation,release_build/staging/leap-review-tools-0.2.0/code/leap_initialisation/codebase/utilities/leap_results_dashboard_balance.py,7444,write_csv,write,"empty_pages_df.to_csv(empty_pages_path, index=False)"
leap_initialisation,release_build/staging/leap-review-tools-0.2.0/code/leap_initialisation/codebase/utilities/master_config.py,107,read_excel,read,combined = pd.read_excel(
leap_initialisation,release_build/staging/leap-review-tools-0.2.0/code/leap_initialisation/codebase/utilities/master_config.py,138,read_excel,read,"return pd.read_excel(path, **kwargs)"
leap_initialisation,release_build/staging/leap-review-tools-0.2.0/code/leap_initialisation/codebase/utilities/master_config.py,214,read_csv,read,"return pd.read_csv(runtime_table, **kwargs)"
leap_initialisation,release_build/staging/leap-review-tools-0.2.0/code/leap_initialisation/codebase/utilities/master_config.py,222,read_csv,read,"return pd.read_csv(path, **kwargs)"
leap_initialisation,release_build/staging/leap-review-tools-0.2.0/code/leap_initialisation/codebase/utilities/workflow_common.py,281,write_csv,write,"df.to_csv(output_path, index=False)"
leap_initialisation,release_build/staging/leap-review-tools-0.2.0/code/leap_initialisation/codebase/utilities/workflow_common.py,291,write_csv,write,"df.to_csv(history_path, index=False)"
leap_initialisation,release_build/staging/leap-review-tools-0.2.0/code/leap_initialisation/codebase/utilities/workflow_common.py,367,read_csv,read,df = pd.read_csv(f)
leap_initialisation,release_build/staging/leap-review-tools-0.2.0/code/leap_initialisation/codebase/utilities/workflow_common.py,754,read_excel,read,df = pd.read_excel(
leap_initialisation,release_build/staging/leap-review-tools-0.2.0/code/leap_initialisation/codebase/utilities/workflow_common.py,849,write_csv,write,"pd.DataFrame(rows).to_csv(out_path, index=False)"
leap_initialisation,release_build/staging/leap-review-tools-0.2.0/code/leap_initialisation/codebase/utilities/workflow_outputs.py,148,read_csv,read,"return pd.read_csv(path, nrows=0).columns.astype(str).tolist()"
leap_initialisation,release_build/staging/leap-review-tools-0.2.0/code/leap_initialisation/codebase/utilities/workflow_outputs.py,154,read_excel,read,"return pd.read_excel(path, sheet_name=first_sheet, nrows=0).columns.astype(str).tolist()"
leap_initialisation,release_build/staging/leap-review-tools-0.2.0/code/leap_initialisation/codebase/utilities/leap_results_dashboard_v2/config_loader.py,51,write_csv,write,"conflicts.to_csv(out, index=False)"
leap_initialisation,release_build/staging/leap-review-tools-0.2.0/code/leap_initialisation/codebase/utilities/leap_results_dashboard_v2/shadow_compare.py,11,read_csv,read,return pd.read_csv(path)
leap_initialisation,release_build/staging/leap-review-tools-0.2.0/code/leap_initialisation/codebase/utilities/leap_results_dashboard_v2/shadow_compare.py,51,write_csv,write,"diff_rows.to_csv(detail, index=False)"
leap_initialisation,release_build/staging/leap-review-tools-0.2.0/code/leap_initialisation/codebase/utilities/leap_results_dashboard_v2/shadow_compare.py,55,write_csv,write,"pd.DataFrame(rows).to_csv(out_path, index=False)"
leap_initialisation,release_build/staging/leap-review-tools-0.2.0/code/leap_mappings/mapping_tools/source_branch_preflight.py,101,read_csv,read,"rules_df = pd.read_csv(path, dtype=object).fillna("""")"
leap_initialisation,release_build/staging/leap-review-tools-0.2.0/code/leap_mappings/mapping_tools/source_branch_preflight.py,440,write_csv,write,"fallback_audit_df.to_csv(audit_output_dir / ""leap_source_branch_fallback_audit.csv"", index=False)"
leap_initialisation,release_build/staging/leap-review-tools-0.2.0/code/leap_mappings/mapping_tools/source_branch_preflight.py,441,write_csv,write,all_demand_warnings_df.to_csv(
leap_initialisation,release_build/staging/leap-review-tools-0.2.0/code/leap_mappings_worker/codebase/mapping_issue_exceptions.py,50,read_excel,read,"source_df = pd.read_excel(workbook_path, sheet_name=sheet_name, dtype=object)"
leap_initialisation,release_build/staging/leap-review-tools-0.2.0/code/leap_mappings_worker/codebase/mapping_issue_exceptions.py,98,read_excel,read,"sheet = pd.read_excel(workbook_path, sheet_name=sheet_name, dtype=str).fillna("""")"
leap_initialisation,release_build/staging/leap-review-tools-0.2.0/code/leap_mappings_worker/codebase/portable_mapping_chain.py,192,read_csv,read,"esto_df = pd.read_csv(esto_table, dtype=object)"
leap_initialisation,release_build/staging/leap-review-tools-0.2.0/code/leap_mappings_worker/codebase/portable_mapping_chain.py,208,write_csv,write,"esto_out.to_csv(prepared, index=False)"
leap_initialisation,release_build/staging/leap-review-tools-0.2.0/code/leap_mappings_worker/codebase/mapping_tools/apply_common_esto_structure.py,197,read_excel,read,return pd.read_excel(path)
leap_initialisation,release_build/staging/leap-review-tools-0.2.0/code/leap_mappings_worker/codebase/mapping_tools/apply_common_esto_structure.py,198,read_csv,read,return pd.read_csv(
leap_initialisation,release_build/staging/leap-review-tools-0.2.0/code/leap_mappings_worker/codebase/mapping_tools/apply_common_esto_structure.py,900,write_csv,write,"pruned_components_df.to_csv(diagnostics_dir / ""common_esto_components_pruned_not_applicable.csv"", index=False)"
leap_initialisation,release_build/staging/leap-review-tools-0.2.0/code/leap_mappings_worker/codebase/mapping_tools/apply_common_esto_structure.py,917,write_csv,write,"relevance_df.to_csv(diagnostics_dir / ""common_esto_component_relevance.csv"", index=False)"
leap_initialisation,release_build/staging/leap-review-tools-0.2.0/code/leap_mappings_worker/codebase/mapping_tools/apply_common_esto_structure.py,918,write_csv,write,"pruned_components_df.to_csv(output_dir / ""qa_common_esto_existing_components_without_relevance.csv"", index=False)"
leap_initialisation,release_build/staging/leap-review-tools-0.2.0/code/leap_mappings_worker/codebase/mapping_tools/apply_common_esto_structure.py,919,write_csv,write,"leap_branch_audit_df.to_csv(output_dir / ""qa_nonzero_unmapped_leap_branches.csv"", index=False)"
leap_initialisation,release_build/staging/leap-review-tools-0.2.0/code/leap_mappings_worker/codebase/mapping_tools/apply_common_esto_structure.py,920,write_csv,write,"actionable_partial_df.to_csv(output_dir / ""qa_common_esto_unresolved_partial_coverage.csv"", index=False)"
leap_initialisation,release_build/staging/leap-review-tools-0.2.0/code/leap_mappings_worker/codebase/mapping_tools/apply_common_esto_structure.py,921,write_csv,write,"inactive_partial_df.to_csv(output_dir / ""qa_common_esto_partial_coverage_components_without_relevance.csv"", index=False)"
leap_initialisation,release_build/staging/leap-review-tools-0.2.0/code/leap_mappings_worker/codebase/mapping_tools/apply_common_esto_structure.py,1160,write_csv,write,lineage_chunk_df.to_csv(
leap_initialisation,release_build/staging/leap-review-tools-0.2.0/code/leap_mappings_worker/codebase/mapping_tools/apply_common_esto_structure.py,1199,write_csv,write,").to_csv(lineage_handle, index=False)"
leap_initialisation,release_build/staging/leap-review-tools-0.2.0/code/leap_mappings_worker/codebase/mapping_tools/apply_common_esto_structure.py,1287,write_csv,write,"df.to_csv(diagnostics_dir / f""{name}.csv"", index=False)"
leap_initialisation,release_build/staging/leap-review-tools-0.2.0/code/leap_mappings_worker/codebase/mapping_tools/apply_common_esto_structure.py,1288,write_excel,write,"with pd.ExcelWriter(diagnostics_dir / ""broad_common_row_diagnostics.xlsx"", engine=""openpyxl"") as writer:"
leap_initialisation,release_build/staging/leap-review-tools-0.2.0/code/leap_mappings_worker/codebase/mapping_tools/apply_common_esto_structure.py,1290,write_excel,write,"df.to_excel(writer, sheet_name=name[:31], index=False)"
leap_initialisation,release_build/staging/leap-review-tools-0.2.0/code/leap_mappings_worker/codebase/mapping_tools/apply_common_esto_structure.py,1412,write_csv,write,"product_diagnostics_df.to_csv(diagnostics_dir / ""intersecting_common_product_groups.csv"", index=False)"
leap_initialisation,release_build/staging/leap-review-tools-0.2.0/code/leap_mappings_worker/codebase/mapping_tools/apply_common_esto_structure.py,1413,write_csv,write,"flow_diagnostics_df.to_csv(diagnostics_dir / ""intersecting_common_flow_groups.csv"", index=False)"
leap_initialisation,release_build/staging/leap-review-tools-0.2.0/code/leap_mappings_worker/codebase/mapping_tools/apply_common_esto_structure.py,1414,write_excel,write,"with pd.ExcelWriter(diagnostics_dir / ""intersecting_common_axis_groups.xlsx"", engine=""openpyxl"") as writer:"
leap_initialisation,release_build/staging/leap-review-tools-0.2.0/code/leap_mappings_worker/codebase/mapping_tools/apply_common_esto_structure.py,1415,write_excel,write,"product_diagnostics_df.to_excel(writer, sheet_name=""product_group_overlaps"", index=False)"
leap_initialisation,release_build/staging/leap-review-tools-0.2.0/code/leap_mappings_worker/codebase/mapping_tools/apply_common_esto_structure.py,1416,write_excel,write,"flow_diagnostics_df.to_excel(writer, sheet_name=""flow_group_overlaps"", index=False)"
leap_initialisation,release_build/staging/leap-review-tools-0.2.0/code/leap_mappings_worker/codebase/mapping_tools/apply_common_esto_structure.py,1651,write_csv,write,"df.to_csv(output_path, index=False)"
leap_initialisation,release_build/staging/leap-review-tools-0.2.0/code/leap_mappings_worker/codebase/mapping_tools/apply_common_esto_structure.py,1657,write_csv,write,"df.to_csv(fallback_path, index=False)"
leap_initialisation,release_build/staging/leap-review-tools-0.2.0/code/leap_mappings_worker/codebase/mapping_tools/apply_common_esto_structure.py,1803,write_csv,write,"status_df.to_csv(output_dir / ""common_esto_output_status.csv"", index=False)"
leap_initialisation,release_build/staging/leap-review-tools-0.2.0/code/leap_mappings_worker/codebase/mapping_tools/apply_common_esto_structure.py,1860,write_csv,write,"status_df.to_csv(output_dir / ""common_esto_output_status.csv"", index=False)"
leap_initialisation,release_build/staging/leap-review-tools-0.2.0/code/leap_mappings_worker/codebase/mapping_tools/apply_common_esto_structure.py,1919,read_csv,read,"common_rows_df = pd.read_csv(common_rows_path, dtype=str).fillna("""")"
leap_initialisation,release_build/staging/leap-review-tools-0.2.0/code/leap_mappings_worker/codebase/mapping_tools/apply_common_esto_structure.py,2010,read_csv,read,"common_rows_df = pd.read_csv(common_rows_path, dtype=str).fillna("""")"
leap_initialisation,release_build/staging/leap-review-tools-0.2.0/code/leap_mappings_worker/codebase/mapping_tools/apply_common_esto_structure.py,2047,read_csv,read,raw_source_df = pd.read_csv(
leap_initialisation,release_build/staging/leap-review-tools-0.2.0/code/leap_mappings_worker/codebase/mapping_tools/apply_common_esto_structure.py,2051,read_excel,read,direct_mapping_df = pd.read_excel(
leap_initialisation,release_build/staging/leap-review-tools-0.2.0/code/leap_mappings_worker/codebase/mapping_tools/apply_common_esto_structure.py,2055,read_excel,read,bridge_mapping_df = pd.read_excel(
leap_initialisation,release_build/staging/leap-review-tools-0.2.0/code/leap_mappings_worker/codebase/mapping_tools/apply_common_esto_structure.py,2059,read_excel,read,bridge_target_mapping_df = pd.read_excel(
leap_initialisation,release_build/staging/leap-review-tools-0.2.0/code/leap_mappings_worker/codebase/mapping_tools/apply_common_esto_structure.py,2155,read_csv,read,"structural_partial_df = pd.read_csv(structural_partial_coverage_path, low_memory=False)"
leap_initialisation,release_build/staging/leap-review-tools-0.2.0/code/leap_mappings_worker/codebase/mapping_tools/build_dataset_tree_structure.py,127,read_excel,read,"rules = pd.read_excel(workbook_path, sheet_name=""esto_rollup_rules"", dtype=object)"
leap_initialisation,release_build/staging/leap-review-tools-0.2.0/code/leap_mappings_worker/codebase/mapping_tools/build_dataset_tree_structure.py,285,read_csv,read,"df = pd.read_csv(data_csv_path, dtype=object)"
leap_initialisation,release_build/staging/leap-review-tools-0.2.0/code/leap_mappings_worker/codebase/mapping_tools/build_dataset_tree_structure.py,516,read_csv,read,"df = data_df.copy() if data_df is not None else pd.read_csv(data_csv_path, dtype=object)"
leap_initialisation,release_build/staging/leap-review-tools-0.2.0/code/leap_mappings_worker/codebase/mapping_tools/build_dataset_tree_structure.py,534,read_excel,read,"esto_df  = pd.read_excel(workbook_path, sheet_name=""leap_combined_esto"",  dtype=object)"
leap_initialisation,release_build/staging/leap-review-tools-0.2.0/code/leap_mappings_worker/codebase/mapping_tools/build_dataset_tree_structure.py,535,read_excel,read,"ninth_df = pd.read_excel(workbook_path, sheet_name=""leap_combined_ninth"", dtype=object)"
leap_initialisation,release_build/staging/leap-review-tools-0.2.0/code/leap_mappings_worker/codebase/mapping_tools/build_dataset_tree_structure.py,604,read_csv,read,"df = pd.read_csv(common_rows_path, dtype=object)"
leap_initialisation,release_build/staging/leap-review-tools-0.2.0/code/leap_mappings_worker/codebase/mapping_tools/build_dataset_tree_structure.py,676,read_csv,read,"data = pd.read_csv(data_csv_path, dtype=object)"
leap_initialisation,release_build/staging/leap-review-tools-0.2.0/code/leap_mappings_worker/codebase/mapping_tools/build_dataset_tree_structure.py,935,read_excel,read,"pairs = pd.read_excel(Path(workbook_path), sheet_name=""ninth_pairs_to_esto_pairs"", dtype=object)"
leap_initialisation,release_build/staging/leap-review-tools-0.2.0/code/leap_mappings_worker/codebase/mapping_tools/build_dataset_tree_structure.py,1151,read_csv,read,"df = data_df.copy() if data_df is not None else pd.read_csv(data_csv_path, dtype=object)"
leap_initialisation,release_build/staging/leap-review-tools-0.2.0/code/leap_mappings_worker/codebase/mapping_tools/build_dataset_tree_structure.py,1165,read_excel,read,"pairs = pd.read_excel(workbook_path, sheet_name=""ninth_pairs_to_esto_pairs"", dtype=object)"
leap_initialisation,release_build/staging/leap-review-tools-0.2.0/code/leap_mappings_worker/codebase/mapping_tools/build_dataset_tree_structure.py,1339,read_excel,read,"pairs = pd.read_excel(workbook_path, sheet_name=""ninth_pairs_to_esto_pairs"", dtype=object).fillna("""")"
leap_initialisation,release_build/staging/leap-review-tools-0.2.0/code/leap_mappings_worker/codebase/mapping_tools/build_dataset_tree_structure.py,1350,read_csv,read,"common_rows = pd.read_csv(common_rows_path, dtype=object).fillna("""")"
leap_initialisation,release_build/staging/leap-review-tools-0.2.0/code/leap_mappings_worker/codebase/mapping_tools/build_dataset_tree_structure.py,1414,read_csv,read,"df = data_df.copy() if data_df is not None else pd.read_csv(data_csv_path, dtype=object)"
leap_initialisation,release_build/staging/leap-review-tools-0.2.0/code/leap_mappings_worker/codebase/mapping_tools/build_dataset_tree_structure.py,1454,read_excel,read,"pairs = pd.read_excel(workbook_path, sheet_name=""ninth_pairs_to_esto_pairs"", dtype=object)"
leap_initialisation,release_build/staging/leap-review-tools-0.2.0/code/leap_mappings_worker/codebase/mapping_tools/build_dataset_tree_structure.py,1472,read_csv,read,"common_rows = pd.read_csv(common_rows_path, dtype=object)"
leap_initialisation,release_build/staging/leap-review-tools-0.2.0/code/leap_mappings_worker/codebase/mapping_tools/build_dataset_tree_structure.py,1599,read_excel,read,"pairs = pd.read_excel(workbook_path, sheet_name=""ninth_pairs_to_esto_pairs"", dtype=object).fillna("""")"
leap_initialisation,release_build/staging/leap-review-tools-0.2.0/code/leap_mappings_worker/codebase/mapping_tools/build_dataset_tree_structure.py,1601,read_csv,read,"common_rows = pd.read_csv(common_rows_path, dtype=object).fillna("""")"
leap_initialisation,release_build/staging/leap-review-tools-0.2.0/code/leap_mappings_worker/codebase/mapping_tools/build_dataset_tree_structure.py,1661,read_csv,read,"df = data_df.copy() if data_df is not None else pd.read_csv(data_csv_path, dtype=object)"
leap_initialisation,release_build/staging/leap-review-tools-0.2.0/code/leap_mappings_worker/codebase/mapping_tools/build_dataset_tree_structure.py,1697,read_excel,read,"pairs = pd.read_excel(workbook_path, sheet_name=""ninth_pairs_to_esto_pairs"", dtype=object)"
leap_initialisation,release_build/staging/leap-review-tools-0.2.0/code/leap_mappings_worker/codebase/mapping_tools/build_dataset_tree_structure.py,1709,read_csv,read,"common_rows = pd.read_csv(common_rows_path, dtype=object)"
leap_initialisation,release_build/staging/leap-review-tools-0.2.0/code/leap_mappings_worker/codebase/mapping_tools/build_dataset_tree_structure.py,1798,read_csv,read,"leap_df = pd.concat([pd.read_csv(path, dtype=object) for path in available], ignore_index=True)"
leap_initialisation,release_build/staging/leap-review-tools-0.2.0/code/leap_mappings_worker/codebase/mapping_tools/build_dataset_tree_structure.py,1805,read_excel,read,"esto_map = pd.read_excel(workbook_path, sheet_name=""leap_combined_esto"", dtype=object).fillna("""")"
leap_initialisation,release_build/staging/leap-review-tools-0.2.0/code/leap_mappings_worker/codebase/mapping_tools/build_dataset_tree_structure.py,1812,read_csv,read,"esto_flows = set(pd.read_csv(esto_data_path, usecols=[""flows""], dtype=object)[""flows""].dropna().map(_str))"
leap_initialisation,release_build/staging/leap-review-tools-0.2.0/code/leap_mappings_worker/codebase/mapping_tools/build_dataset_tree_structure.py,1958,read_csv,read,"[pd.read_csv(p, dtype=object) for p in available], ignore_index=True"
leap_initialisation,release_build/staging/leap-review-tools-0.2.0/code/leap_mappings_worker/codebase/mapping_tools/build_dataset_tree_structure.py,1967,read_excel,read,"esto_map = pd.read_excel(workbook_path, sheet_name=""leap_combined_esto"", dtype=object)"
leap_initialisation,release_build/staging/leap-review-tools-0.2.0/code/leap_mappings_worker/codebase/mapping_tools/build_dataset_tree_structure.py,1981,read_csv,read,"pd.read_csv(esto_data_path, usecols=[""flows""], dtype=object)[""flows""]"
leap_initialisation,release_build/staging/leap-review-tools-0.2.0/code/leap_mappings_worker/codebase/mapping_tools/build_dataset_tree_structure.py,2266,read_csv,read,"data = pd.read_csv(data_csv_path, dtype=object)"
leap_initialisation,release_build/staging/leap-review-tools-0.2.0/code/leap_mappings_worker/codebase/mapping_tools/build_dataset_tree_structure.py,2481,read_csv,read,"data = pd.read_csv(comparison_data_path, dtype=object)"
leap_initialisation,release_build/staging/leap-review-tools-0.2.0/code/leap_mappings_worker/codebase/mapping_tools/build_dataset_tree_structure.py,2782,write_csv,write,"all_trees.to_csv(all_trees_path, index=False)"
leap_initialisation,release_build/staging/leap-review-tools-0.2.0/code/leap_mappings_worker/codebase/mapping_tools/build_dataset_tree_structure.py,2792,write_csv,write,"esto_validation.to_csv(esto_val_path, index=False)"
leap_initialisation,release_build/staging/leap-review-tools-0.2.0/code/leap_mappings_worker/codebase/mapping_tools/build_dataset_tree_structure.py,2808,write_csv,write,"ninth_validation.to_csv(ninth_val_path, index=False)"
leap_initialisation,release_build/staging/leap-review-tools-0.2.0/code/leap_mappings_worker/codebase/mapping_tools/build_dataset_tree_structure.py,2822,write_csv,write,"leap_validation.to_csv(leap_val_path, index=False)"
leap_initialisation,release_build/staging/leap-review-tools-0.2.0/code/leap_mappings_worker/codebase/mapping_tools/build_dataset_tree_structure.py,2839,write_csv,write,"common_validation.to_csv(common_val_path, index=False)"
leap_initialisation,release_build/staging/leap-review-tools-0.2.0/code/leap_mappings_worker/codebase/mapping_tools/build_dataset_tree_structure.py,2843,write_csv,write,"common_validation.to_csv(common_val_path, index=False)"
leap_initialisation,release_build/staging/leap-review-tools-0.2.0/code/leap_mappings_worker/codebase/mapping_tools/build_dataset_tree_structure.py,2884,write_csv,write,"common_validation.to_csv(common_val_path, index=False)"
leap_initialisation,release_build/staging/leap-review-tools-0.2.0/code/leap_mappings_worker/codebase/mapping_tools/build_dataset_tree_structure.py,2898,write_csv,write,"non_esto_edges.to_csv(non_esto_edges_path, index=False)"
leap_initialisation,release_build/staging/leap-review-tools-0.2.0/code/leap_mappings_worker/codebase/mapping_tools/build_dataset_tree_structure.py,2909,write_csv,write,"df.to_csv(path, index=False)"
leap_initialisation,release_build/staging/leap-review-tools-0.2.0/code/leap_mappings_worker/codebase/mapping_tools/common_esto_output_contract.py,311,write_csv,write,"fact_df.to_csv(staged_fact, index=False, compression={""method"": ""gzip"", ""mtime"": 0})"
leap_initialisation,release_build/staging/leap-review-tools-0.2.0/code/leap_mappings_worker/codebase/mapping_tools/common_esto_output_contract.py,312,write_csv,write,"metadata_df.to_csv(staged_metadata, index=False)"
leap_initialisation,release_build/staging/leap-review-tools-0.2.0/code/leap_mappings_worker/codebase/mapping_tools/convert_leap_results_to_esto.py,58,read_excel,read,return pd.read_excel(path)
leap_initialisation,release_build/staging/leap-review-tools-0.2.0/code/leap_mappings_worker/codebase/mapping_tools/convert_leap_results_to_esto.py,59,read_csv,read,return pd.read_csv(path)
leap_initialisation,release_build/staging/leap-review-tools-0.2.0/code/leap_mappings_worker/codebase/mapping_tools/convert_leap_results_to_esto.py,64,read_csv,read,relationships_df = pd.read_csv(relationships_path)
leap_initialisation,release_build/staging/leap-review-tools-0.2.0/code/leap_mappings_worker/codebase/mapping_tools/convert_leap_results_to_esto.py,227,read_excel,read,rollup_rules_df = pd.read_excel(
leap_initialisation,release_build/staging/leap-review-tools-0.2.0/code/leap_mappings_worker/codebase/mapping_tools/convert_leap_results_to_esto.py,268,write_csv,write,"converted_df.to_csv(output_path, index=False)"
leap_initialisation,release_build/staging/leap-review-tools-0.2.0/code/leap_mappings_worker/codebase/mapping_tools/convert_leap_results_to_esto.py,271,write_csv,write,"lineage_df.to_csv(lineage_output_path, index=False)"
leap_initialisation,release_build/staging/leap-review-tools-0.2.0/code/leap_mappings_worker/codebase/mapping_tools/convert_leap_results_to_esto.py,276,write_csv,write,"rollup_audit_df.to_csv(rollup_audit_path, index=False)"
leap_initialisation,release_build/staging/leap-review-tools-0.2.0/code/leap_mappings_worker/codebase/mapping_tools/dataset_registry.py,83,read_csv,read,"frame = pd.read_csv(path, dtype=str, keep_default_na=False)"
leap_initialisation,release_build/staging/leap-review-tools-0.2.0/code/leap_mappings_worker/codebase/mapping_tools/diagnostic_adapter_registry.py,68,read_csv,read,"frame = pd.read_csv(registry_path, dtype=str, keep_default_na=False)"
leap_initialisation,release_build/staging/leap-review-tools-0.2.0/code/leap_mappings_worker/codebase/mapping_tools/esto_exact_rows.py,118,read_csv,read,"df = pd.read_csv(data_path, dtype=object)"
leap_initialisation,release_build/staging/leap-review-tools-0.2.0/code/leap_mappings_worker/codebase/mapping_tools/esto_exact_rows.py,123,read_csv,read,"relationships_df = pd.read_csv(relationships_path, dtype=object).fillna("""")"
leap_initialisation,release_build/staging/leap-review-tools-0.2.0/code/leap_mappings_worker/codebase/mapping_tools/esto_exact_rows.py,126,read_excel,read,leap_rollup_rules_df = pd.read_excel(
leap_initialisation,release_build/staging/leap-review-tools-0.2.0/code/leap_mappings_worker/codebase/mapping_tools/esto_exact_rows.py,150,read_excel,read,"esto_rollup_rules_raw = pd.read_excel(mapping_workbook_path, sheet_name=""esto_rollup_rules"", dtype=object).fillna("""")"
leap_initialisation,release_build/staging/leap-review-tools-0.2.0/code/leap_mappings_worker/codebase/mapping_tools/esto_exact_rows.py,234,write_csv,write,"long_df.to_csv(output_path, index=False)"
leap_initialisation,release_build/staging/leap-review-tools-0.2.0/code/leap_mappings_worker/codebase/mapping_tools/hierarchy_subtotal_adapters.py,178,read_excel,read,"sheet: _active(pd.read_excel(workbook_path, sheet_name=sheet, dtype=object))"
leap_initialisation,release_build/staging/leap-review-tools-0.2.0/code/leap_mappings_worker/codebase/mapping_tools/hierarchy_subtotal_adapters.py,253,read_csv,read,"data = data_df.copy() if data_df is not None else pd.read_csv(data_path, dtype=object)"
leap_initialisation,release_build/staging/leap-review-tools-0.2.0/code/leap_mappings_worker/codebase/mapping_tools/hierarchy_subtotal_adapters.py,330,read_excel,read,"frame = pd.read_excel(new_branch_inventory_path, sheet_name=sheet, dtype=object)"
leap_initialisation,release_build/staging/leap-review-tools-0.2.0/code/leap_mappings_worker/codebase/mapping_tools/hierarchy_subtotal_adapters.py,433,read_csv,read,"tree = pd.read_csv(tree_path, dtype=object)"
leap_initialisation,release_build/staging/leap-review-tools-0.2.0/code/leap_mappings_worker/codebase/mapping_tools/hierarchy_subtotal_adapters.py,450,read_excel,read,rules = pd.read_excel(
leap_initialisation,release_build/staging/leap-review-tools-0.2.0/code/leap_mappings_worker/codebase/mapping_tools/hierarchy_subtotal_adapters.py,495,read_csv,read,"source = pd.read_csv(tree_path, dtype=object)"
leap_initialisation,release_build/staging/leap-review-tools-0.2.0/code/leap_mappings_worker/codebase/mapping_tools/hierarchy_subtotal_adapters.py,574,read_csv,read,common_rows = pd.read_csv(
leap_initialisation,release_build/staging/leap-review-tools-0.2.0/code/leap_mappings_worker/codebase/mapping_tools/hierarchy_subtotal_adapters.py,625,read_csv,read,"hierarchy = pd.read_csv(hierarchy_path, dtype=object, keep_default_na=False)"
leap_initialisation,release_build/staging/leap-review-tools-0.2.0/code/leap_mappings_worker/codebase/mapping_tools/hierarchy_subtotal_adapters.py,687,read_csv,read,"values = pd.read_csv(values_path, dtype=object)"
leap_initialisation,release_build/staging/leap-review-tools-0.2.0/code/leap_mappings_worker/codebase/mapping_tools/hierarchy_subtotal_adapters.py,921,read_csv,read,"header = pd.read_csv(data_path, nrows=0)"
leap_initialisation,release_build/staging/leap-review-tools-0.2.0/code/leap_mappings_worker/codebase/mapping_tools/hierarchy_subtotal_adapters.py,937,read_csv,read,"data = pd.read_csv(data_path, usecols=use_columns, dtype=object)"
leap_initialisation,release_build/staging/leap-review-tools-0.2.0/code/leap_mappings_worker/codebase/mapping_tools/hierarchy_subtotal_adapters.py,1079,read_csv,read,"header = pd.read_csv(data_path, nrows=0)"
leap_initialisation,release_build/staging/leap-review-tools-0.2.0/code/leap_mappings_worker/codebase/mapping_tools/hierarchy_subtotal_adapters.py,1086,read_csv,read,data = pd.read_csv(
leap_initialisation,release_build/staging/leap-review-tools-0.2.0/code/leap_mappings_worker/codebase/mapping_tools/hierarchy_subtotal_adapters.py,1196,read_csv,read,"validation = pd.read_csv(validation_path, dtype=object)"
leap_initialisation,release_build/staging/leap-review-tools-0.2.0/code/leap_mappings_worker/codebase/mapping_tools/hierarchy_subtotal_contract.py,72,write_csv,write,"return frame.to_csv(index=False, lineterminator=""\n"").encode(""utf-8"")"
leap_initialisation,release_build/staging/leap-review-tools-0.2.0/code/leap_mappings_worker/codebase/mapping_tools/hierarchy_subtotal_contract.py,647,read_csv,read,"frame = pd.read_csv(member_path, dtype=object)"
leap_initialisation,release_build/staging/leap-review-tools-0.2.0/code/leap_mappings_worker/codebase/mapping_tools/mapping_candidate_generation.py,141,read_csv,read,"header = pd.read_csv(ninth_csv_path, nrows=0).columns.tolist()"
leap_initialisation,release_build/staging/leap-review-tools-0.2.0/code/leap_mappings_worker/codebase/mapping_tools/mapping_candidate_generation.py,147,read_csv,read,"raw_df = pd.read_csv(ninth_csv_path, usecols=required_columns + projection_columns, dtype=object)"
leap_initialisation,release_build/staging/leap-review-tools-0.2.0/code/leap_mappings_worker/codebase/mapping_tools/mapping_sheet_registry.py,75,read_csv,read,"frame = pd.read_csv(registry_path, dtype=str, keep_default_na=False)"
leap_initialisation,release_build/staging/leap-review-tools-0.2.0/code/leap_mappings_worker/codebase/mapping_tools/non_expanding_rollups.py,138,read_excel,read,"rules_df = pd.read_excel(workbook_path, sheet_name=sheet_name, dtype=object).fillna("""")"
leap_initialisation,release_build/staging/leap-review-tools-0.2.0/code/leap_mappings_worker/codebase/mapping_tools/non_expanding_rollups.py,182,read_excel,read,"rules_df = pd.read_excel(workbook_path, sheet_name=sheet_name, dtype=object).fillna("""")"
leap_initialisation,release_build/staging/leap-review-tools-0.2.0/code/leap_mappings_worker/codebase/mapping_tools/non_expanding_rollups.py,218,read_excel,read,rules_df = pd.read_excel(
leap_initialisation,release_build/staging/leap-review-tools-0.2.0/code/leap_mappings_worker/codebase/mapping_tools/non_expanding_rollups.py,555,read_csv,read,existing = pd.read_csv(qa_path)
leap_initialisation,release_build/staging/leap-review-tools-0.2.0/code/leap_mappings_worker/codebase/mapping_tools/non_expanding_rollups.py,566,write_csv,write,"combined.to_csv(qa_path, index=False)"
leap_initialisation,release_build/staging/leap-review-tools-0.2.0/code/leap_mappings_worker/codebase/mapping_tools/parse_leap_balance_export.py,406,write_csv,write,"combined.to_csv(output_path, index=False)"
leap_initialisation,release_build/staging/leap-review-tools-0.2.0/code/leap_mappings_worker/codebase/mapping_tools/rollup_sheet_registry.py,96,read_csv,read,"frame = pd.read_csv(registry_path, dtype=str, keep_default_na=False)"
leap_initialisation,release_build/staging/leap-review-tools-0.2.0/code/leap_mappings_worker/codebase/mapping_tools/rollup_sheet_registry.py,179,read_excel,read,rules = pd.read_excel(
leap_initialisation,release_build/staging/leap-review-tools-0.2.0/code/leap_mappings_worker/codebase/mapping_tools/source_branch_preflight.py,101,read_csv,read,"rules_df = pd.read_csv(path, dtype=object).fillna("""")"
leap_initialisation,release_build/staging/leap-review-tools-0.2.0/code/leap_mappings_worker/codebase/mapping_tools/source_branch_preflight.py,440,write_csv,write,"fallback_audit_df.to_csv(audit_output_dir / ""leap_source_branch_fallback_audit.csv"", index=False)"
leap_initialisation,release_build/staging/leap-review-tools-0.2.0/code/leap_mappings_worker/codebase/mapping_tools/source_branch_preflight.py,441,write_csv,write,all_demand_warnings_df.to_csv(
leap_initialisation,release_build/staging/leap-review-tools-0.2.0/code/leap_mappings_worker/codebase/mapping_tools/target_share_allocation.py,191,read_csv,read,"df = pd.read_csv(esto_csv_path, dtype=object)"
leap_initialisation,release_build/staging/leap-review-tools-0.2.0/code/leap_mappings_worker/codebase/mapping_tools/value_adapter_registry.py,75,read_csv,read,"frame = pd.read_csv(registry_path, dtype=str, keep_default_na=False)"
leap_initialisation,release_build/staging/leap-review-tools-0.2.0/code/leap_mappings_worker/codebase/mapping_tools/value_adapter_registry.py,227,read_csv,read,"values = pd.read_csv(input_path, dtype=object)"
leap_initialisation,release_build/staging/leap-review-tools-0.2.0/code/leap_mappings_worker/codebase/mapping_tools/value_adapter_registry.py,246,write_csv,write,"values.to_csv(output_path, index=False)"
leap_initialisation,release_build/staging/leap-review-tools-0.2.0/code/leap_mappings_worker/codebase/utilities/leap_balance_export_resolver.py,387,read_excel,read,"raw = pd.read_excel(workbook, sheet_name=sheet_name, header=None)"
leap_initialisation,release_build/staging/leap-review-tools-0.2.0/code/leap_mappings_worker/codebase/utilities/master_config.py,79,read_excel,read,"return pd.read_excel(MASTER_CONFIG_PATH, sheet_name=sheet_name, **kwargs)"
leap_initialisation,release_build/staging/leap-review-tools-0.2.0/code/leap_mappings_worker/codebase/utilities/master_config.py,101,read_excel,read,"return pd.read_excel(path, **kwargs)"
leap_initialisation,release_build/staging/leap-review-tools-0.2.0/code/leap_mappings_worker/codebase/utilities/master_config.py,104,read_csv,read,"return pd.read_csv(path, **kwargs)"
leap_initialisation,release_build/staging/leap-review-tools-0.3.0/code/leap_dashboard/common_esto_dashboard_data.py,189,read_csv,read,"columns = pd.read_csv(path, nrows=0).columns"
leap_initialisation,release_build/staging/leap-review-tools-0.3.0/code/leap_dashboard/common_esto_dashboard_data.py,299,read_csv,read,wide_df = pd.read_csv(
leap_initialisation,release_build/staging/leap-review-tools-0.3.0/code/leap_dashboard/common_esto_dashboard_data.py,346,read_csv,read,df = pd.read_csv(
leap_initialisation,release_build/staging/leap-review-tools-0.3.0/code/leap_dashboard/common_esto_dashboard_data.py,480,read_csv,read,"frame = pd.read_csv(member_path, dtype=str, keep_default_na=False, low_memory=False)"
leap_initialisation,release_build/staging/leap-review-tools-0.3.0/code/leap_dashboard/common_esto_dashboard_data.py,664,read_csv,read,"sample_df = pd.read_csv(path, nrows=0, low_memory=False)"
leap_initialisation,release_build/staging/leap-review-tools-0.3.0/code/leap_dashboard/common_esto_dashboard_data.py,692,read_csv,read,"common_rows = pd.read_csv(common_rows_path, low_memory=False).fillna("""")"
leap_initialisation,release_build/staging/leap-review-tools-0.3.0/code/leap_dashboard/common_esto_dashboard_portable.py,180,write_csv,write,"sign_summary_df.to_csv(layout[""supporting""] / ""sign_semantics_summary.csv"", index=False)"
leap_initialisation,release_build/staging/leap-review-tools-0.3.0/code/leap_dashboard/common_esto_dashboard_renderer.py,3950,write_csv,write,"page_summary_df.to_csv(layout[""supporting""] / ""page_assignment_summary.csv"", index=False)"
leap_initialisation,release_build/staging/leap-review-tools-0.3.0/code/leap_dashboard/common_esto_dashboard_renderer.py,4224,write_csv,write,"manifest_df.to_csv(layout[""supporting""] / ""chart_manifest.csv"", index=False)"
leap_initialisation,release_build/staging/leap-review-tools-0.3.0/code/leap_initialisation/codebase/functions/analysis_input_write_dispatcher.py,166,read_excel,read,"raw = pd.read_excel(path, sheet_name=sheet_name, header=None)"
leap_initialisation,release_build/staging/leap-review-tools-0.3.0/code/leap_initialisation/codebase/functions/analysis_input_write_dispatcher.py,193,write_excel,write,"with pd.ExcelWriter(path, **writer_kwargs) as writer:"
leap_initialisation,release_build/staging/leap-review-tools-0.3.0/code/leap_initialisation/codebase/functions/analysis_input_write_dispatcher.py,194,write_excel,write,"output.to_excel(writer, sheet_name=sheet_name, index=False, header=False)"
leap_initialisation,release_build/staging/leap-review-tools-0.3.0/code/leap_initialisation/codebase/functions/baseline_seed_balance_diagnostics.py,401,read_csv,read,rules = pd.read_csv(_resolve(path))
leap_initialisation,release_build/staging/leap-review-tools-0.3.0/code/leap_initialisation/codebase/functions/baseline_seed_balance_diagnostics.py,1164,write_excel,write,with pd.ExcelWriter(output_path) as writer:
leap_initialisation,release_build/staging/leap-review-tools-0.3.0/code/leap_initialisation/codebase/functions/baseline_seed_balance_diagnostics.py,1165,write_excel,write,"esto_mapping.to_excel(writer, sheet_name=""leap_combined_esto"", index=False)"
leap_initialisation,release_build/staging/leap-review-tools-0.3.0/code/leap_initialisation/codebase/functions/baseline_seed_balance_diagnostics.py,1166,write_excel,write,pd.DataFrame(columns=ninth_columns).to_excel(
leap_initialisation,release_build/staging/leap-review-tools-0.3.0/code/leap_initialisation/codebase/functions/baseline_seed_balance_diagnostics.py,3015,write_csv,write,"differences.to_csv(differences_path, index=False)"
leap_initialisation,release_build/staging/leap-review-tools-0.3.0/code/leap_initialisation/codebase/functions/baseline_seed_balance_diagnostics.py,3021,write_csv,write,"mapping_issues.to_csv(mapping_issues_path, index=False)"
leap_initialisation,release_build/staging/leap-review-tools-0.3.0/code/leap_initialisation/codebase/functions/baseline_seed_balance_diagnostics.py,3031,write_csv,write,"ignored_rows.to_csv(ignored_rows_path, index=False)"
leap_initialisation,release_build/staging/leap-review-tools-0.3.0/code/leap_initialisation/codebase/functions/baseline_seed_balance_diagnostics.py,3041,write_csv,write,"projection_diagnostics.to_csv(projection_diagnostics_path, index=False)"
leap_initialisation,release_build/staging/leap-review-tools-0.3.0/code/leap_initialisation/codebase/functions/baseline_seed_balance_diagnostics.py,3050,write_csv,write,"review.to_csv(review_path, index=False)"
leap_initialisation,release_build/staging/leap-review-tools-0.3.0/code/leap_initialisation/codebase/functions/baseline_seed_validation.py,1646,read_excel,read,data = pd.read_excel(
leap_initialisation,release_build/staging/leap-review-tools-0.3.0/code/leap_initialisation/codebase/functions/baseline_seed_validation.py,1666,read_excel,read,data = pd.read_excel(
leap_initialisation,release_build/staging/leap-review-tools-0.3.0/code/leap_initialisation/codebase/functions/baseline_seed_validation.py,2186,write_csv,write,"filter_actionable_findings(result.findings).to_csv(findings_path, index=False)"
leap_initialisation,release_build/staging/leap-review-tools-0.3.0/code/leap_initialisation/codebase/functions/baseline_seed_validation.py,2187,write_csv,write,"result.duplicate_groups.to_csv(duplicates_path, index=False)"
leap_initialisation,release_build/staging/leap-review-tools-0.3.0/code/leap_initialisation/codebase/functions/baseline_seed_validation.py,2189,write_csv,write,"build_validation_issue_groups(actionable_findings).to_csv(issue_groups_path, index=False)"
leap_initialisation,release_build/staging/leap-review-tools-0.3.0/code/leap_initialisation/codebase/functions/baseline_seed_validation.py,2190,write_csv,write,"build_branch_issue_summary(actionable_findings).to_csv(branch_issue_summary_path, index=False)"
leap_initialisation,release_build/staging/leap-review-tools-0.3.0/code/leap_initialisation/codebase/functions/leap_core.py,522,write_excel,write,"with pd.ExcelWriter(filename, engine='openpyxl') as writer:"
leap_initialisation,release_build/staging/leap-review-tools-0.3.0/code/leap_initialisation/codebase/functions/leap_core.py,523,write_excel,write,"export_df.to_excel(writer, sheet_name='All_Data', index=False)"
leap_initialisation,release_build/staging/leap-review-tools-0.3.0/code/leap_initialisation/codebase/functions/leap_core.py,1774,read_excel,read,"return pd.read_excel(path, sheet_name=sheet_name, header=header_guess)"
leap_initialisation,release_build/staging/leap-review-tools-0.3.0/code/leap_initialisation/codebase/functions/leap_core.py,1997,read_excel,read,"return pd.read_excel(path, sheet_name=sheet_name, header=header_guess)"
leap_initialisation,release_build/staging/leap-review-tools-0.3.0/code/leap_initialisation/codebase/functions/leap_excel_io.py,137,read_excel,read,"raw = pd.read_excel(resolved, sheet_name=sheet_name, header=None)"
leap_initialisation,release_build/staging/leap-review-tools-0.3.0/code/leap_initialisation/codebase/functions/leap_excel_io.py,196,read_excel,read,"raw = pd.read_excel(path, sheet_name=sheet_name, header=None)"
leap_initialisation,release_build/staging/leap-review-tools-0.3.0/code/leap_initialisation/codebase/functions/leap_excel_io.py,220,write_excel,write,"with pd.ExcelWriter(path, **writer_kwargs) as writer:"
leap_initialisation,release_build/staging/leap-review-tools-0.3.0/code/leap_initialisation/codebase/functions/leap_excel_io.py,221,write_excel,write,"output.to_excel(writer, sheet_name=sheet_name, index=False, header=False)"
leap_initialisation,release_build/staging/leap-review-tools-0.3.0/code/leap_initialisation/codebase/functions/leap_excel_io.py,302,read_excel,read,"reference = pd.read_excel(path, sheet_name=sheet_name, header=2)"
leap_initialisation,release_build/staging/leap-review-tools-0.3.0/code/leap_initialisation/codebase/functions/leap_excel_io.py,369,write_excel,write,"instructions.to_excel(writer, sheet_name=""Instructions"", index=False)"
leap_initialisation,release_build/staging/leap-review-tools-0.3.0/code/leap_initialisation/codebase/functions/leap_excel_io.py,816,write_csv,write,"diagnostic.to_csv(diagnostic_path, index=False)"
leap_initialisation,release_build/staging/leap-review-tools-0.3.0/code/leap_initialisation/codebase/functions/leap_excel_io.py,835,write_excel,write,"with pd.ExcelWriter(out_path, engine=""openpyxl"") as writer:"
leap_initialisation,release_build/staging/leap-review-tools-0.3.0/code/leap_initialisation/codebase/functions/leap_excel_io.py,836,write_excel,write,"export_df_for_viewing2.to_excel(writer, sheet_name=""FOR_VIEWING"", index=False, header=False, startrow=0)"
leap_initialisation,release_build/staging/leap-review-tools-0.3.0/code/leap_initialisation/codebase/functions/leap_excel_io.py,837,write_excel,write,"leap_export_df2.to_excel(writer, sheet_name=""LEAP"", index=False, header=False, startrow=0)"
leap_initialisation,release_build/staging/leap-review-tools-0.3.0/code/leap_initialisation/codebase/functions/leap_excel_io.py,895,read_excel,read,"import_df = pd.read_excel(import_filename, sheet_name='Export', header=2)"
leap_initialisation,release_build/staging/leap-review-tools-0.3.0/code/leap_initialisation/codebase/functions/leap_excel_io.py,1275,read_csv,read,energy_df = pd.read_csv(source_path)
leap_initialisation,release_build/staging/leap-review-tools-0.3.0/code/leap_initialisation/codebase/functions/leap_excel_io.py,1277,read_excel,read,energy_df = pd.read_excel(source_path)
leap_initialisation,release_build/staging/leap-review-tools-0.3.0/code/leap_initialisation/codebase/functions/leap_excel_io.py,1359,write_excel,write,"with pd.ExcelWriter(leap_export_filename, engine=""openpyxl"", mode=""w"") as writer:"
leap_initialisation,release_build/staging/leap-review-tools-0.3.0/code/leap_initialisation/codebase/functions/leap_excel_io.py,1360,write_excel,write,"export_df.to_excel(writer, sheet_name=sheet_name, index=False)"
leap_initialisation,release_build/staging/leap-review-tools-0.3.0/code/leap_initialisation/codebase/functions/transformation_analysis_utils.py,1374,read_excel,read,"mapping_df = pd.read_excel(path, sheet_name=""leap_display_names"")"
leap_initialisation,release_build/staging/leap-review-tools-0.3.0/code/leap_initialisation/codebase/functions/transformation_analysis_utils.py,1808,write_csv,write,"context.to_csv(output_path, index=False)"
leap_initialisation,release_build/staging/leap-review-tools-0.3.0/code/leap_initialisation/codebase/functions/transformation_analysis_utils.py,1900,write_csv,write,"projection_diagnostics.to_csv(PROJECTION_DIAGNOSTICS_PATH, index=False)"
leap_initialisation,release_build/staging/leap-review-tools-0.3.0/code/leap_initialisation/codebase/functions/transformation_record_builder.py,2328,write_csv,write,"process_summary.to_csv(process_summary_path, index=False)"
leap_initialisation,release_build/staging/leap-review-tools-0.3.0/code/leap_initialisation/codebase/functions/transformation_record_builder.py,2329,write_csv,write,"detail_summary.to_csv(detail_summary_path, index=False)"
leap_initialisation,release_build/staging/leap-review-tools-0.3.0/code/leap_initialisation/codebase/mappings/canonical_loaders.py,210,read_excel,read,"frame = pd.read_excel(path, **read_kwargs)"
leap_initialisation,release_build/staging/leap-review-tools-0.3.0/code/leap_initialisation/codebase/portable_release/validation.py,761,read_excel,read,"sheet = pd.read_excel(Path(str(mapping_workbook_path)), sheet_name=""leap_combined_esto"")"
leap_initialisation,release_build/staging/leap-review-tools-0.3.0/code/leap_initialisation/codebase/utilities/energy_balance_template_extractor.py,75,read_excel,read,frame = pd.read_excel(
leap_initialisation,release_build/staging/leap-review-tools-0.3.0/code/leap_initialisation/codebase/utilities/energy_balance_template_extractor.py,123,read_excel,read,"frame = pd.read_excel(workbook, sheet_name=sheet_name, dtype=str).fillna("""")"
leap_initialisation,release_build/staging/leap-review-tools-0.3.0/code/leap_initialisation/codebase/utilities/energy_balance_template_extractor.py,251,write_csv,write,"conflict_rows.to_csv(output_path, index=False)"
leap_initialisation,release_build/staging/leap-review-tools-0.3.0/code/leap_initialisation/codebase/utilities/energy_balance_template_extractor.py,440,read_excel,read,"return pd.read_excel(path, sheet_name=sheet_name, **kwargs)"
leap_initialisation,release_build/staging/leap-review-tools-0.3.0/code/leap_initialisation/codebase/utilities/energy_balance_template_extractor.py,954,write_csv,write,"diag.to_csv(diag_path, index=False, encoding=""utf-8-sig"")"
leap_initialisation,release_build/staging/leap-review-tools-0.3.0/code/leap_initialisation/codebase/utilities/energy_balance_template_extractor.py,1005,write_csv,write,"warning_export.to_csv(warning_path, index=False, encoding=""utf-8-sig"")"
leap_initialisation,release_build/staging/leap-review-tools-0.3.0/code/leap_initialisation/codebase/utilities/energy_balance_template_extractor.py,2150,write_csv,write,"raw_long.to_csv(raw_path, index=False)"
leap_initialisation,release_build/staging/leap-review-tools-0.3.0/code/leap_initialisation/codebase/utilities/energy_balance_template_extractor.py,2151,write_csv,write,"mapped_long.to_csv(mapped_path, index=False)"
leap_initialisation,release_build/staging/leap-review-tools-0.3.0/code/leap_initialisation/codebase/utilities/energy_balance_template_extractor.py,2152,write_csv,write,"simple_main.to_csv(main_simple_path, index=False)"
leap_initialisation,release_build/staging/leap-review-tools-0.3.0/code/leap_initialisation/codebase/utilities/energy_balance_template_extractor.py,2153,write_csv,write,"coverage.to_csv(coverage_path, index=False)"
leap_initialisation,release_build/staging/leap-review-tools-0.3.0/code/leap_initialisation/codebase/utilities/energy_balance_template_extractor.py,2154,write_csv,write,"unit_diag.to_csv(unit_diag_path, index=False)"
leap_initialisation,release_build/staging/leap-review-tools-0.3.0/code/leap_initialisation/codebase/utilities/energy_balance_template_extractor.py,2155,write_csv,write,"report[""diagnostics""].to_csv(diag_path, index=False)"
leap_initialisation,release_build/staging/leap-review-tools-0.3.0/code/leap_initialisation/codebase/utilities/energy_balance_template_extractor.py,2156,write_csv,write,"report[""many_to_many_is_ok_diagnostics""].to_csv(many_to_many_diag_path, index=False)"
leap_initialisation,release_build/staging/leap-review-tools-0.3.0/code/leap_initialisation/codebase/utilities/energy_balance_template_extractor.py,2157,write_csv,write,"pd.DataFrame([report[""summary""]]).to_csv(summary_path, index=False)"
leap_initialisation,release_build/staging/leap-review-tools-0.3.0/code/leap_initialisation/codebase/utilities/esto_reference_loader.py,73,write_csv,write,"df.to_csv(path, index=False)"
leap_initialisation,release_build/staging/leap-review-tools-0.3.0/code/leap_initialisation/codebase/utilities/esto_reference_loader.py,200,write_csv,write,"esto_df.to_csv(esto_cache, index=False)"
leap_initialisation,release_build/staging/leap-review-tools-0.3.0/code/leap_initialisation/codebase/utilities/esto_reference_loader.py,201,write_csv,write,"ninth_df.to_csv(ninth_cache, index=False)"
leap_initialisation,release_build/staging/leap-review-tools-0.3.0/code/leap_initialisation/codebase/utilities/fuel_catalog_preflight.py,216,read_csv,read,frame = pd.read_csv(cache_path)
leap_initialisation,release_build/staging/leap-review-tools-0.3.0/code/leap_initialisation/codebase/utilities/fuel_catalog_preflight.py,223,write_csv,write,"frame.to_csv(cache_path, index=False)"
leap_initialisation,release_build/staging/leap-review-tools-0.3.0/code/leap_initialisation/codebase/utilities/fuel_catalog_preflight.py,265,write_csv,write,"catalog_df.to_csv(catalog_file, index=False)"
leap_initialisation,release_build/staging/leap-review-tools-0.3.0/code/leap_initialisation/codebase/utilities/fuel_catalog_preflight.py,267,write_csv,write,"registry_df.to_csv(registry_file, index=False)"
leap_initialisation,release_build/staging/leap-review-tools-0.3.0/code/leap_initialisation/codebase/utilities/fuel_catalog_preflight.py,674,write_csv,write,"probe_df.to_csv(probe_path_resolved, index=False)"
leap_initialisation,release_build/staging/leap-review-tools-0.3.0/code/leap_initialisation/codebase/utilities/fuel_catalog_preflight.py,709,write_csv,write,"registry_df.to_csv(registry_file, index=False)"
leap_initialisation,release_build/staging/leap-review-tools-0.3.0/code/leap_initialisation/codebase/utilities/fuel_catalog_preflight.py,713,write_csv,write,"merged_df.to_csv(catalog_path_resolved, index=False)"
leap_initialisation,release_build/staging/leap-review-tools-0.3.0/code/leap_initialisation/codebase/utilities/fuel_catalog_preflight.py,964,read_csv,read,df = pd.read_csv(path)
leap_initialisation,release_build/staging/leap-review-tools-0.3.0/code/leap_initialisation/codebase/utilities/fuel_catalog_preflight.py,969,read_excel,read,"df = pd.read_excel(path, sheet_name=sheet_name, header=header)"
leap_initialisation,release_build/staging/leap-review-tools-0.3.0/code/leap_initialisation/codebase/utilities/fuel_catalog_preflight.py,976,read_excel,read,"raw = pd.read_excel(path, sheet_name=sheet_name, header=None)"
leap_initialisation,release_build/staging/leap-review-tools-0.3.0/code/leap_initialisation/codebase/utilities/fuel_catalog_preflight.py,1109,read_csv,read,df = pd.read_csv(path)
leap_initialisation,release_build/staging/leap-review-tools-0.3.0/code/leap_initialisation/codebase/utilities/leap_balance_export_resolver.py,627,read_excel,read,"raw = pd.read_excel(workbook, sheet_name=sheet_name, header=None)"
leap_initialisation,release_build/staging/leap-review-tools-0.3.0/code/leap_initialisation/codebase/utilities/leap_results_dashboard_balance.py,439,read_excel,read,"frame = pd.read_excel(workbook, sheet_name=sheet_name, dtype=str).fillna("""")"
leap_initialisation,release_build/staging/leap-review-tools-0.3.0/code/leap_initialisation/codebase/utilities/leap_results_dashboard_balance.py,2134,read_excel,read,"mapping = pd.read_excel(mapping_workbook_path, sheet_name=sheet_name, dtype=str).fillna("""")"
leap_initialisation,release_build/staging/leap-review-tools-0.3.0/code/leap_initialisation/codebase/utilities/leap_results_dashboard_balance.py,2299,write_excel,write,with pd.ExcelWriter(output_path) as writer:
leap_initialisation,release_build/staging/leap-review-tools-0.3.0/code/leap_initialisation/codebase/utilities/leap_results_dashboard_balance.py,2300,write_excel,write,"esto_candidates.to_excel(writer, sheet_name=""esto_missing_paths"", index=False)"
leap_initialisation,release_build/staging/leap-review-tools-0.3.0/code/leap_initialisation/codebase/utilities/leap_results_dashboard_balance.py,2301,write_excel,write,"ninth_candidates.to_excel(writer, sheet_name=""ninth_missing_paths"", index=False)"
leap_initialisation,release_build/staging/leap-review-tools-0.3.0/code/leap_initialisation/codebase/utilities/leap_results_dashboard_balance.py,2302,write_excel,write,"summary.to_excel(writer, sheet_name=""summary"", index=False)"
leap_initialisation,release_build/staging/leap-review-tools-0.3.0/code/leap_initialisation/codebase/utilities/leap_results_dashboard_balance.py,2403,write_excel,write,with pd.ExcelWriter(output_path) as writer:
leap_initialisation,release_build/staging/leap-review-tools-0.3.0/code/leap_initialisation/codebase/utilities/leap_results_dashboard_balance.py,2404,write_excel,write,"leap_missing.to_excel(writer, sheet_name=""missing_leap_pairs_nonzero"", index=False)"
leap_initialisation,release_build/staging/leap-review-tools-0.3.0/code/leap_initialisation/codebase/utilities/leap_results_dashboard_balance.py,2405,write_excel,write,"ninth_missing.to_excel(writer, sheet_name=""missing_ninth_pairs_nonzero"", index=False)"
leap_initialisation,release_build/staging/leap-review-tools-0.3.0/code/leap_initialisation/codebase/utilities/leap_results_dashboard_balance.py,2406,write_excel,write,"esto_missing.to_excel(writer, sheet_name=""missing_esto_pairs_nonzero"", index=False)"
leap_initialisation,release_build/staging/leap-review-tools-0.3.0/code/leap_initialisation/codebase/utilities/leap_results_dashboard_balance.py,2407,write_excel,write,"summary.to_excel(writer, sheet_name=""summary"", index=False)"
leap_initialisation,release_build/staging/leap-review-tools-0.3.0/code/leap_initialisation/codebase/utilities/leap_results_dashboard_balance.py,2752,read_excel,read,"mapping = pd.read_excel(mapping_workbook_path, sheet_name=sheet_name, dtype=str).fillna("""")"
leap_initialisation,release_build/staging/leap-review-tools-0.3.0/code/leap_initialisation/codebase/utilities/leap_results_dashboard_balance.py,3002,read_excel,read,"mapping = pd.read_excel(mapping_workbook_path, sheet_name=mapping_sheet_name, dtype=str).fillna("""")"
leap_initialisation,release_build/staging/leap-review-tools-0.3.0/code/leap_initialisation/codebase/utilities/leap_results_dashboard_balance.py,3308,write_excel,write,with pd.ExcelWriter(output_path) as writer:
leap_initialisation,release_build/staging/leap-review-tools-0.3.0/code/leap_initialisation/codebase/utilities/leap_results_dashboard_balance.py,3309,write_excel,write,"all_chart_groups_sheet_df.to_excel(writer, sheet_name=""all_chart_groups"", index=False)"
leap_initialisation,release_build/staging/leap-review-tools-0.3.0/code/leap_initialisation/codebase/utilities/leap_results_dashboard_balance.py,3310,write_excel,write,"chart_group_exposure.to_excel(writer, sheet_name=""chart_group_exposure"", index=False)"
leap_initialisation,release_build/staging/leap-review-tools-0.3.0/code/leap_initialisation/codebase/utilities/leap_results_dashboard_balance.py,3311,write_excel,write,"missing_leap.to_excel(writer, sheet_name=""missing_leap_pairs_nonzero"", index=False)"
leap_initialisation,release_build/staging/leap-review-tools-0.3.0/code/leap_initialisation/codebase/utilities/leap_results_dashboard_balance.py,3312,write_excel,write,"missing_ninth.to_excel(writer, sheet_name=""missing_ninth_dashboard_pairs"", index=False)"
leap_initialisation,release_build/staging/leap-review-tools-0.3.0/code/leap_initialisation/codebase/utilities/leap_results_dashboard_balance.py,3313,write_excel,write,"missing_esto.to_excel(writer, sheet_name=""missing_esto_dashboard_pairs"", index=False)"
leap_initialisation,release_build/staging/leap-review-tools-0.3.0/code/leap_initialisation/codebase/utilities/leap_results_dashboard_balance.py,3314,write_excel,write,"duplicate_ninth.to_excel(writer, sheet_name=""duplicate_ninth_dashboard_pairs"", index=False)"
leap_initialisation,release_build/staging/leap-review-tools-0.3.0/code/leap_initialisation/codebase/utilities/leap_results_dashboard_balance.py,3315,write_excel,write,"duplicate_esto.to_excel(writer, sheet_name=""duplicate_esto_dashboard_pairs"", index=False)"
leap_initialisation,release_build/staging/leap-review-tools-0.3.0/code/leap_initialisation/codebase/utilities/leap_results_dashboard_balance.py,3316,write_excel,write,"allowed_many_to_one_esto.to_excel(writer, sheet_name=""allowed_many_to_one_esto"", index=False)"
leap_initialisation,release_build/staging/leap-review-tools-0.3.0/code/leap_initialisation/codebase/utilities/leap_results_dashboard_balance.py,3317,write_excel,write,"split_components.to_excel(writer, sheet_name=""split_esto_mapping_components"", index=False)"
leap_initialisation,release_build/staging/leap-review-tools-0.3.0/code/leap_initialisation/codebase/utilities/leap_results_dashboard_balance.py,3318,write_excel,write,"parent_child_warnings.to_excel(writer, sheet_name=""parent_child_esto_warnings"", index=False)"
leap_initialisation,release_build/staging/leap-review-tools-0.3.0/code/leap_initialisation/codebase/utilities/leap_results_dashboard_balance.py,3319,write_excel,write,"summary.to_excel(writer, sheet_name=""summary"", index=False)"
leap_initialisation,release_build/staging/leap-review-tools-0.3.0/code/leap_initialisation/codebase/utilities/leap_results_dashboard_balance.py,3372,read_csv,read,"chart_groups = pd.read_csv(chart_path, dtype=str).fillna("""")"
leap_initialisation,release_build/staging/leap-review-tools-0.3.0/code/leap_initialisation/codebase/utilities/leap_results_dashboard_balance.py,3914,write_excel,write,with pd.ExcelWriter(output_path) as writer:
leap_initialisation,release_build/staging/leap-review-tools-0.3.0/code/leap_initialisation/codebase/utilities/leap_results_dashboard_balance.py,3915,write_excel,write,"empty.to_excel(writer, sheet_name=""missing_exact_9th_pairs"", index=False)"
leap_initialisation,release_build/staging/leap-review-tools-0.3.0/code/leap_initialisation/codebase/utilities/leap_results_dashboard_balance.py,3916,write_excel,write,"empty.to_excel(writer, sheet_name=""missing_uncovered_9th_pairs"", index=False)"
leap_initialisation,release_build/staging/leap-review-tools-0.3.0/code/leap_initialisation/codebase/utilities/leap_results_dashboard_balance.py,3917,write_excel,write,"empty.to_excel(writer, sheet_name=""all_9th_data_paths"", index=False)"
leap_initialisation,release_build/staging/leap-review-tools-0.3.0/code/leap_initialisation/codebase/utilities/leap_results_dashboard_balance.py,3918,write_excel,write,"empty_hierarchy.to_excel(writer, sheet_name=""missing_hierarchy_pairs"", index=False)"
leap_initialisation,release_build/staging/leap-review-tools-0.3.0/code/leap_initialisation/codebase/utilities/leap_results_dashboard_balance.py,3919,write_excel,write,"empty_hierarchy.to_excel(writer, sheet_name=""all_hierarchy_pairs"", index=False)"
leap_initialisation,release_build/staging/leap-review-tools-0.3.0/code/leap_initialisation/codebase/utilities/leap_results_dashboard_balance.py,4140,write_excel,write,with pd.ExcelWriter(output_path) as writer:
leap_initialisation,release_build/staging/leap-review-tools-0.3.0/code/leap_initialisation/codebase/utilities/leap_results_dashboard_balance.py,4141,write_excel,write,"missing_exact.to_excel(writer, sheet_name=""missing_exact_9th_pairs"", index=False)"
leap_initialisation,release_build/staging/leap-review-tools-0.3.0/code/leap_initialisation/codebase/utilities/leap_results_dashboard_balance.py,4142,write_excel,write,"missing_uncovered.to_excel(writer, sheet_name=""missing_uncovered_9th_pairs"", index=False)"
leap_initialisation,release_build/staging/leap-review-tools-0.3.0/code/leap_initialisation/codebase/utilities/leap_results_dashboard_balance.py,4143,write_excel,write,"all_data.to_excel(writer, sheet_name=""all_9th_data_paths"", index=False)"
leap_initialisation,release_build/staging/leap-review-tools-0.3.0/code/leap_initialisation/codebase/utilities/leap_results_dashboard_balance.py,4144,write_excel,write,"missing_hierarchy.to_excel(writer, sheet_name=""missing_hierarchy_pairs"", index=False)"
leap_initialisation,release_build/staging/leap-review-tools-0.3.0/code/leap_initialisation/codebase/utilities/leap_results_dashboard_balance.py,4145,write_excel,write,"all_hierarchy.to_excel(writer, sheet_name=""all_hierarchy_pairs"", index=False)"
leap_initialisation,release_build/staging/leap-review-tools-0.3.0/code/leap_initialisation/codebase/utilities/leap_results_dashboard_balance.py,4146,write_excel,write,"summary.to_excel(writer, sheet_name=""summary"", index=False)"
leap_initialisation,release_build/staging/leap-review-tools-0.3.0/code/leap_initialisation/codebase/utilities/leap_results_dashboard_balance.py,5311,write_csv,write,"df.to_csv(output_path, index=False)"
leap_initialisation,release_build/staging/leap-review-tools-0.3.0/code/leap_initialisation/codebase/utilities/leap_results_dashboard_balance.py,7051,write_csv,write,").sort_values([""dashboard_path"", ""template_order"", ""chart_group_key"", ""sheet"", ""measure"", ""fuel"", ""esto_flow"", ""esto_product""]).to_csv(csv_path, index=False)"
leap_initialisation,release_build/staging/leap-review-tools-0.3.0/code/leap_initialisation/codebase/utilities/leap_results_dashboard_balance.py,7362,write_csv,write,"exposed_df.to_csv(chart_group_path, index=False)"
leap_initialisation,release_build/staging/leap-review-tools-0.3.0/code/leap_initialisation/codebase/utilities/leap_results_dashboard_balance.py,7391,write_csv,write,"all_chart_groups_df.to_csv(all_chart_groups_path, index=False)"
leap_initialisation,release_build/staging/leap-review-tools-0.3.0/code/leap_initialisation/codebase/utilities/leap_results_dashboard_balance.py,7444,write_csv,write,"empty_pages_df.to_csv(empty_pages_path, index=False)"
leap_initialisation,release_build/staging/leap-review-tools-0.3.0/code/leap_initialisation/codebase/utilities/master_config.py,107,read_excel,read,combined = pd.read_excel(
leap_initialisation,release_build/staging/leap-review-tools-0.3.0/code/leap_initialisation/codebase/utilities/master_config.py,138,read_excel,read,"return pd.read_excel(path, **kwargs)"
leap_initialisation,release_build/staging/leap-review-tools-0.3.0/code/leap_initialisation/codebase/utilities/master_config.py,214,read_csv,read,"return pd.read_csv(runtime_table, **kwargs)"
leap_initialisation,release_build/staging/leap-review-tools-0.3.0/code/leap_initialisation/codebase/utilities/master_config.py,222,read_csv,read,"return pd.read_csv(path, **kwargs)"
leap_initialisation,release_build/staging/leap-review-tools-0.3.0/code/leap_initialisation/codebase/utilities/workflow_common.py,281,write_csv,write,"df.to_csv(output_path, index=False)"
leap_initialisation,release_build/staging/leap-review-tools-0.3.0/code/leap_initialisation/codebase/utilities/workflow_common.py,291,write_csv,write,"df.to_csv(history_path, index=False)"
leap_initialisation,release_build/staging/leap-review-tools-0.3.0/code/leap_initialisation/codebase/utilities/workflow_common.py,367,read_csv,read,df = pd.read_csv(f)
leap_initialisation,release_build/staging/leap-review-tools-0.3.0/code/leap_initialisation/codebase/utilities/workflow_common.py,754,read_excel,read,df = pd.read_excel(
leap_initialisation,release_build/staging/leap-review-tools-0.3.0/code/leap_initialisation/codebase/utilities/workflow_common.py,849,write_csv,write,"pd.DataFrame(rows).to_csv(out_path, index=False)"
leap_initialisation,release_build/staging/leap-review-tools-0.3.0/code/leap_initialisation/codebase/utilities/workflow_outputs.py,148,read_csv,read,"return pd.read_csv(path, nrows=0).columns.astype(str).tolist()"
leap_initialisation,release_build/staging/leap-review-tools-0.3.0/code/leap_initialisation/codebase/utilities/workflow_outputs.py,154,read_excel,read,"return pd.read_excel(path, sheet_name=first_sheet, nrows=0).columns.astype(str).tolist()"
leap_initialisation,release_build/staging/leap-review-tools-0.3.0/code/leap_initialisation/codebase/utilities/leap_results_dashboard_v2/config_loader.py,51,write_csv,write,"conflicts.to_csv(out, index=False)"
leap_initialisation,release_build/staging/leap-review-tools-0.3.0/code/leap_initialisation/codebase/utilities/leap_results_dashboard_v2/shadow_compare.py,11,read_csv,read,return pd.read_csv(path)
leap_initialisation,release_build/staging/leap-review-tools-0.3.0/code/leap_initialisation/codebase/utilities/leap_results_dashboard_v2/shadow_compare.py,51,write_csv,write,"diff_rows.to_csv(detail, index=False)"
leap_initialisation,release_build/staging/leap-review-tools-0.3.0/code/leap_initialisation/codebase/utilities/leap_results_dashboard_v2/shadow_compare.py,55,write_csv,write,"pd.DataFrame(rows).to_csv(out_path, index=False)"
leap_initialisation,release_build/staging/leap-review-tools-0.3.0/code/leap_mappings/mapping_tools/source_branch_preflight.py,101,read_csv,read,"rules_df = pd.read_csv(path, dtype=object).fillna("""")"
leap_initialisation,release_build/staging/leap-review-tools-0.3.0/code/leap_mappings/mapping_tools/source_branch_preflight.py,440,write_csv,write,"fallback_audit_df.to_csv(audit_output_dir / ""leap_source_branch_fallback_audit.csv"", index=False)"
leap_initialisation,release_build/staging/leap-review-tools-0.3.0/code/leap_mappings/mapping_tools/source_branch_preflight.py,441,write_csv,write,all_demand_warnings_df.to_csv(
leap_initialisation,release_build/staging/leap-review-tools-0.3.0/code/leap_mappings_worker/codebase/mapping_issue_exceptions.py,50,read_excel,read,"source_df = pd.read_excel(workbook_path, sheet_name=sheet_name, dtype=object)"
leap_initialisation,release_build/staging/leap-review-tools-0.3.0/code/leap_mappings_worker/codebase/mapping_issue_exceptions.py,98,read_excel,read,"sheet = pd.read_excel(workbook_path, sheet_name=sheet_name, dtype=str).fillna("""")"
leap_initialisation,release_build/staging/leap-review-tools-0.3.0/code/leap_mappings_worker/codebase/portable_mapping_chain.py,192,read_csv,read,"esto_df = pd.read_csv(esto_table, dtype=object)"
leap_initialisation,release_build/staging/leap-review-tools-0.3.0/code/leap_mappings_worker/codebase/portable_mapping_chain.py,208,write_csv,write,"esto_out.to_csv(prepared, index=False)"
leap_initialisation,release_build/staging/leap-review-tools-0.3.0/code/leap_mappings_worker/codebase/mapping_tools/apply_common_esto_structure.py,197,read_excel,read,return pd.read_excel(path)
leap_initialisation,release_build/staging/leap-review-tools-0.3.0/code/leap_mappings_worker/codebase/mapping_tools/apply_common_esto_structure.py,198,read_csv,read,return pd.read_csv(
leap_initialisation,release_build/staging/leap-review-tools-0.3.0/code/leap_mappings_worker/codebase/mapping_tools/apply_common_esto_structure.py,900,write_csv,write,"pruned_components_df.to_csv(diagnostics_dir / ""common_esto_components_pruned_not_applicable.csv"", index=False)"
leap_initialisation,release_build/staging/leap-review-tools-0.3.0/code/leap_mappings_worker/codebase/mapping_tools/apply_common_esto_structure.py,917,write_csv,write,"relevance_df.to_csv(diagnostics_dir / ""common_esto_component_relevance.csv"", index=False)"
leap_initialisation,release_build/staging/leap-review-tools-0.3.0/code/leap_mappings_worker/codebase/mapping_tools/apply_common_esto_structure.py,918,write_csv,write,"pruned_components_df.to_csv(output_dir / ""qa_common_esto_existing_components_without_relevance.csv"", index=False)"
leap_initialisation,release_build/staging/leap-review-tools-0.3.0/code/leap_mappings_worker/codebase/mapping_tools/apply_common_esto_structure.py,919,write_csv,write,"leap_branch_audit_df.to_csv(output_dir / ""qa_nonzero_unmapped_leap_branches.csv"", index=False)"
leap_initialisation,release_build/staging/leap-review-tools-0.3.0/code/leap_mappings_worker/codebase/mapping_tools/apply_common_esto_structure.py,920,write_csv,write,"actionable_partial_df.to_csv(output_dir / ""qa_common_esto_unresolved_partial_coverage.csv"", index=False)"
leap_initialisation,release_build/staging/leap-review-tools-0.3.0/code/leap_mappings_worker/codebase/mapping_tools/apply_common_esto_structure.py,921,write_csv,write,"inactive_partial_df.to_csv(output_dir / ""qa_common_esto_partial_coverage_components_without_relevance.csv"", index=False)"
leap_initialisation,release_build/staging/leap-review-tools-0.3.0/code/leap_mappings_worker/codebase/mapping_tools/apply_common_esto_structure.py,1160,write_csv,write,lineage_chunk_df.to_csv(
leap_initialisation,release_build/staging/leap-review-tools-0.3.0/code/leap_mappings_worker/codebase/mapping_tools/apply_common_esto_structure.py,1199,write_csv,write,").to_csv(lineage_handle, index=False)"
leap_initialisation,release_build/staging/leap-review-tools-0.3.0/code/leap_mappings_worker/codebase/mapping_tools/apply_common_esto_structure.py,1287,write_csv,write,"df.to_csv(diagnostics_dir / f""{name}.csv"", index=False)"
leap_initialisation,release_build/staging/leap-review-tools-0.3.0/code/leap_mappings_worker/codebase/mapping_tools/apply_common_esto_structure.py,1288,write_excel,write,"with pd.ExcelWriter(diagnostics_dir / ""broad_common_row_diagnostics.xlsx"", engine=""openpyxl"") as writer:"
leap_initialisation,release_build/staging/leap-review-tools-0.3.0/code/leap_mappings_worker/codebase/mapping_tools/apply_common_esto_structure.py,1290,write_excel,write,"df.to_excel(writer, sheet_name=name[:31], index=False)"
leap_initialisation,release_build/staging/leap-review-tools-0.3.0/code/leap_mappings_worker/codebase/mapping_tools/apply_common_esto_structure.py,1412,write_csv,write,"product_diagnostics_df.to_csv(diagnostics_dir / ""intersecting_common_product_groups.csv"", index=False)"
leap_initialisation,release_build/staging/leap-review-tools-0.3.0/code/leap_mappings_worker/codebase/mapping_tools/apply_common_esto_structure.py,1413,write_csv,write,"flow_diagnostics_df.to_csv(diagnostics_dir / ""intersecting_common_flow_groups.csv"", index=False)"
leap_initialisation,release_build/staging/leap-review-tools-0.3.0/code/leap_mappings_worker/codebase/mapping_tools/apply_common_esto_structure.py,1414,write_excel,write,"with pd.ExcelWriter(diagnostics_dir / ""intersecting_common_axis_groups.xlsx"", engine=""openpyxl"") as writer:"
leap_initialisation,release_build/staging/leap-review-tools-0.3.0/code/leap_mappings_worker/codebase/mapping_tools/apply_common_esto_structure.py,1415,write_excel,write,"product_diagnostics_df.to_excel(writer, sheet_name=""product_group_overlaps"", index=False)"
leap_initialisation,release_build/staging/leap-review-tools-0.3.0/code/leap_mappings_worker/codebase/mapping_tools/apply_common_esto_structure.py,1416,write_excel,write,"flow_diagnostics_df.to_excel(writer, sheet_name=""flow_group_overlaps"", index=False)"
leap_initialisation,release_build/staging/leap-review-tools-0.3.0/code/leap_mappings_worker/codebase/mapping_tools/apply_common_esto_structure.py,1651,write_csv,write,"df.to_csv(output_path, index=False)"
leap_initialisation,release_build/staging/leap-review-tools-0.3.0/code/leap_mappings_worker/codebase/mapping_tools/apply_common_esto_structure.py,1657,write_csv,write,"df.to_csv(fallback_path, index=False)"
leap_initialisation,release_build/staging/leap-review-tools-0.3.0/code/leap_mappings_worker/codebase/mapping_tools/apply_common_esto_structure.py,1803,write_csv,write,"status_df.to_csv(output_dir / ""common_esto_output_status.csv"", index=False)"
leap_initialisation,release_build/staging/leap-review-tools-0.3.0/code/leap_mappings_worker/codebase/mapping_tools/apply_common_esto_structure.py,1860,write_csv,write,"status_df.to_csv(output_dir / ""common_esto_output_status.csv"", index=False)"
leap_initialisation,release_build/staging/leap-review-tools-0.3.0/code/leap_mappings_worker/codebase/mapping_tools/apply_common_esto_structure.py,1919,read_csv,read,"common_rows_df = pd.read_csv(common_rows_path, dtype=str).fillna("""")"
leap_initialisation,release_build/staging/leap-review-tools-0.3.0/code/leap_mappings_worker/codebase/mapping_tools/apply_common_esto_structure.py,2010,read_csv,read,"common_rows_df = pd.read_csv(common_rows_path, dtype=str).fillna("""")"
leap_initialisation,release_build/staging/leap-review-tools-0.3.0/code/leap_mappings_worker/codebase/mapping_tools/apply_common_esto_structure.py,2047,read_csv,read,raw_source_df = pd.read_csv(
leap_initialisation,release_build/staging/leap-review-tools-0.3.0/code/leap_mappings_worker/codebase/mapping_tools/apply_common_esto_structure.py,2051,read_excel,read,direct_mapping_df = pd.read_excel(
leap_initialisation,release_build/staging/leap-review-tools-0.3.0/code/leap_mappings_worker/codebase/mapping_tools/apply_common_esto_structure.py,2055,read_excel,read,bridge_mapping_df = pd.read_excel(
leap_initialisation,release_build/staging/leap-review-tools-0.3.0/code/leap_mappings_worker/codebase/mapping_tools/apply_common_esto_structure.py,2059,read_excel,read,bridge_target_mapping_df = pd.read_excel(
leap_initialisation,release_build/staging/leap-review-tools-0.3.0/code/leap_mappings_worker/codebase/mapping_tools/apply_common_esto_structure.py,2155,read_csv,read,"structural_partial_df = pd.read_csv(structural_partial_coverage_path, low_memory=False)"
leap_initialisation,release_build/staging/leap-review-tools-0.3.0/code/leap_mappings_worker/codebase/mapping_tools/build_dataset_tree_structure.py,127,read_excel,read,"rules = pd.read_excel(workbook_path, sheet_name=""esto_rollup_rules"", dtype=object)"
leap_initialisation,release_build/staging/leap-review-tools-0.3.0/code/leap_mappings_worker/codebase/mapping_tools/build_dataset_tree_structure.py,285,read_csv,read,"df = pd.read_csv(data_csv_path, dtype=object)"
leap_initialisation,release_build/staging/leap-review-tools-0.3.0/code/leap_mappings_worker/codebase/mapping_tools/build_dataset_tree_structure.py,516,read_csv,read,"df = data_df.copy() if data_df is not None else pd.read_csv(data_csv_path, dtype=object)"
leap_initialisation,release_build/staging/leap-review-tools-0.3.0/code/leap_mappings_worker/codebase/mapping_tools/build_dataset_tree_structure.py,534,read_excel,read,"esto_df  = pd.read_excel(workbook_path, sheet_name=""leap_combined_esto"",  dtype=object)"
leap_initialisation,release_build/staging/leap-review-tools-0.3.0/code/leap_mappings_worker/codebase/mapping_tools/build_dataset_tree_structure.py,535,read_excel,read,"ninth_df = pd.read_excel(workbook_path, sheet_name=""leap_combined_ninth"", dtype=object)"
leap_initialisation,release_build/staging/leap-review-tools-0.3.0/code/leap_mappings_worker/codebase/mapping_tools/build_dataset_tree_structure.py,604,read_csv,read,"df = pd.read_csv(common_rows_path, dtype=object)"
leap_initialisation,release_build/staging/leap-review-tools-0.3.0/code/leap_mappings_worker/codebase/mapping_tools/build_dataset_tree_structure.py,676,read_csv,read,"data = pd.read_csv(data_csv_path, dtype=object)"
leap_initialisation,release_build/staging/leap-review-tools-0.3.0/code/leap_mappings_worker/codebase/mapping_tools/build_dataset_tree_structure.py,935,read_excel,read,"pairs = pd.read_excel(Path(workbook_path), sheet_name=""ninth_pairs_to_esto_pairs"", dtype=object)"
leap_initialisation,release_build/staging/leap-review-tools-0.3.0/code/leap_mappings_worker/codebase/mapping_tools/build_dataset_tree_structure.py,1151,read_csv,read,"df = data_df.copy() if data_df is not None else pd.read_csv(data_csv_path, dtype=object)"
leap_initialisation,release_build/staging/leap-review-tools-0.3.0/code/leap_mappings_worker/codebase/mapping_tools/build_dataset_tree_structure.py,1165,read_excel,read,"pairs = pd.read_excel(workbook_path, sheet_name=""ninth_pairs_to_esto_pairs"", dtype=object)"
leap_initialisation,release_build/staging/leap-review-tools-0.3.0/code/leap_mappings_worker/codebase/mapping_tools/build_dataset_tree_structure.py,1339,read_excel,read,"pairs = pd.read_excel(workbook_path, sheet_name=""ninth_pairs_to_esto_pairs"", dtype=object).fillna("""")"
leap_initialisation,release_build/staging/leap-review-tools-0.3.0/code/leap_mappings_worker/codebase/mapping_tools/build_dataset_tree_structure.py,1350,read_csv,read,"common_rows = pd.read_csv(common_rows_path, dtype=object).fillna("""")"
leap_initialisation,release_build/staging/leap-review-tools-0.3.0/code/leap_mappings_worker/codebase/mapping_tools/build_dataset_tree_structure.py,1414,read_csv,read,"df = data_df.copy() if data_df is not None else pd.read_csv(data_csv_path, dtype=object)"
leap_initialisation,release_build/staging/leap-review-tools-0.3.0/code/leap_mappings_worker/codebase/mapping_tools/build_dataset_tree_structure.py,1454,read_excel,read,"pairs = pd.read_excel(workbook_path, sheet_name=""ninth_pairs_to_esto_pairs"", dtype=object)"
leap_initialisation,release_build/staging/leap-review-tools-0.3.0/code/leap_mappings_worker/codebase/mapping_tools/build_dataset_tree_structure.py,1472,read_csv,read,"common_rows = pd.read_csv(common_rows_path, dtype=object)"
leap_initialisation,release_build/staging/leap-review-tools-0.3.0/code/leap_mappings_worker/codebase/mapping_tools/build_dataset_tree_structure.py,1599,read_excel,read,"pairs = pd.read_excel(workbook_path, sheet_name=""ninth_pairs_to_esto_pairs"", dtype=object).fillna("""")"
leap_initialisation,release_build/staging/leap-review-tools-0.3.0/code/leap_mappings_worker/codebase/mapping_tools/build_dataset_tree_structure.py,1601,read_csv,read,"common_rows = pd.read_csv(common_rows_path, dtype=object).fillna("""")"
leap_initialisation,release_build/staging/leap-review-tools-0.3.0/code/leap_mappings_worker/codebase/mapping_tools/build_dataset_tree_structure.py,1661,read_csv,read,"df = data_df.copy() if data_df is not None else pd.read_csv(data_csv_path, dtype=object)"
leap_initialisation,release_build/staging/leap-review-tools-0.3.0/code/leap_mappings_worker/codebase/mapping_tools/build_dataset_tree_structure.py,1697,read_excel,read,"pairs = pd.read_excel(workbook_path, sheet_name=""ninth_pairs_to_esto_pairs"", dtype=object)"
leap_initialisation,release_build/staging/leap-review-tools-0.3.0/code/leap_mappings_worker/codebase/mapping_tools/build_dataset_tree_structure.py,1709,read_csv,read,"common_rows = pd.read_csv(common_rows_path, dtype=object)"
leap_initialisation,release_build/staging/leap-review-tools-0.3.0/code/leap_mappings_worker/codebase/mapping_tools/build_dataset_tree_structure.py,1798,read_csv,read,"leap_df = pd.concat([pd.read_csv(path, dtype=object) for path in available], ignore_index=True)"
leap_initialisation,release_build/staging/leap-review-tools-0.3.0/code/leap_mappings_worker/codebase/mapping_tools/build_dataset_tree_structure.py,1805,read_excel,read,"esto_map = pd.read_excel(workbook_path, sheet_name=""leap_combined_esto"", dtype=object).fillna("""")"
leap_initialisation,release_build/staging/leap-review-tools-0.3.0/code/leap_mappings_worker/codebase/mapping_tools/build_dataset_tree_structure.py,1812,read_csv,read,"esto_flows = set(pd.read_csv(esto_data_path, usecols=[""flows""], dtype=object)[""flows""].dropna().map(_str))"
leap_initialisation,release_build/staging/leap-review-tools-0.3.0/code/leap_mappings_worker/codebase/mapping_tools/build_dataset_tree_structure.py,1958,read_csv,read,"[pd.read_csv(p, dtype=object) for p in available], ignore_index=True"
leap_initialisation,release_build/staging/leap-review-tools-0.3.0/code/leap_mappings_worker/codebase/mapping_tools/build_dataset_tree_structure.py,1967,read_excel,read,"esto_map = pd.read_excel(workbook_path, sheet_name=""leap_combined_esto"", dtype=object)"
leap_initialisation,release_build/staging/leap-review-tools-0.3.0/code/leap_mappings_worker/codebase/mapping_tools/build_dataset_tree_structure.py,1981,read_csv,read,"pd.read_csv(esto_data_path, usecols=[""flows""], dtype=object)[""flows""]"
leap_initialisation,release_build/staging/leap-review-tools-0.3.0/code/leap_mappings_worker/codebase/mapping_tools/build_dataset_tree_structure.py,2266,read_csv,read,"data = pd.read_csv(data_csv_path, dtype=object)"
leap_initialisation,release_build/staging/leap-review-tools-0.3.0/code/leap_mappings_worker/codebase/mapping_tools/build_dataset_tree_structure.py,2481,read_csv,read,"data = pd.read_csv(comparison_data_path, dtype=object)"
leap_initialisation,release_build/staging/leap-review-tools-0.3.0/code/leap_mappings_worker/codebase/mapping_tools/build_dataset_tree_structure.py,2782,write_csv,write,"all_trees.to_csv(all_trees_path, index=False)"
leap_initialisation,release_build/staging/leap-review-tools-0.3.0/code/leap_mappings_worker/codebase/mapping_tools/build_dataset_tree_structure.py,2792,write_csv,write,"esto_validation.to_csv(esto_val_path, index=False)"
leap_initialisation,release_build/staging/leap-review-tools-0.3.0/code/leap_mappings_worker/codebase/mapping_tools/build_dataset_tree_structure.py,2808,write_csv,write,"ninth_validation.to_csv(ninth_val_path, index=False)"
leap_initialisation,release_build/staging/leap-review-tools-0.3.0/code/leap_mappings_worker/codebase/mapping_tools/build_dataset_tree_structure.py,2822,write_csv,write,"leap_validation.to_csv(leap_val_path, index=False)"
leap_initialisation,release_build/staging/leap-review-tools-0.3.0/code/leap_mappings_worker/codebase/mapping_tools/build_dataset_tree_structure.py,2839,write_csv,write,"common_validation.to_csv(common_val_path, index=False)"
leap_initialisation,release_build/staging/leap-review-tools-0.3.0/code/leap_mappings_worker/codebase/mapping_tools/build_dataset_tree_structure.py,2843,write_csv,write,"common_validation.to_csv(common_val_path, index=False)"
leap_initialisation,release_build/staging/leap-review-tools-0.3.0/code/leap_mappings_worker/codebase/mapping_tools/build_dataset_tree_structure.py,2884,write_csv,write,"common_validation.to_csv(common_val_path, index=False)"
leap_initialisation,release_build/staging/leap-review-tools-0.3.0/code/leap_mappings_worker/codebase/mapping_tools/build_dataset_tree_structure.py,2898,write_csv,write,"non_esto_edges.to_csv(non_esto_edges_path, index=False)"
leap_initialisation,release_build/staging/leap-review-tools-0.3.0/code/leap_mappings_worker/codebase/mapping_tools/build_dataset_tree_structure.py,2909,write_csv,write,"df.to_csv(path, index=False)"
leap_initialisation,release_build/staging/leap-review-tools-0.3.0/code/leap_mappings_worker/codebase/mapping_tools/common_esto_output_contract.py,311,write_csv,write,"fact_df.to_csv(staged_fact, index=False, compression={""method"": ""gzip"", ""mtime"": 0})"
leap_initialisation,release_build/staging/leap-review-tools-0.3.0/code/leap_mappings_worker/codebase/mapping_tools/common_esto_output_contract.py,312,write_csv,write,"metadata_df.to_csv(staged_metadata, index=False)"
leap_initialisation,release_build/staging/leap-review-tools-0.3.0/code/leap_mappings_worker/codebase/mapping_tools/convert_leap_results_to_esto.py,58,read_excel,read,return pd.read_excel(path)
leap_initialisation,release_build/staging/leap-review-tools-0.3.0/code/leap_mappings_worker/codebase/mapping_tools/convert_leap_results_to_esto.py,59,read_csv,read,return pd.read_csv(path)
leap_initialisation,release_build/staging/leap-review-tools-0.3.0/code/leap_mappings_worker/codebase/mapping_tools/convert_leap_results_to_esto.py,64,read_csv,read,relationships_df = pd.read_csv(relationships_path)
leap_initialisation,release_build/staging/leap-review-tools-0.3.0/code/leap_mappings_worker/codebase/mapping_tools/convert_leap_results_to_esto.py,227,read_excel,read,rollup_rules_df = pd.read_excel(
leap_initialisation,release_build/staging/leap-review-tools-0.3.0/code/leap_mappings_worker/codebase/mapping_tools/convert_leap_results_to_esto.py,268,write_csv,write,"converted_df.to_csv(output_path, index=False)"
leap_initialisation,release_build/staging/leap-review-tools-0.3.0/code/leap_mappings_worker/codebase/mapping_tools/convert_leap_results_to_esto.py,271,write_csv,write,"lineage_df.to_csv(lineage_output_path, index=False)"
leap_initialisation,release_build/staging/leap-review-tools-0.3.0/code/leap_mappings_worker/codebase/mapping_tools/convert_leap_results_to_esto.py,276,write_csv,write,"rollup_audit_df.to_csv(rollup_audit_path, index=False)"
leap_initialisation,release_build/staging/leap-review-tools-0.3.0/code/leap_mappings_worker/codebase/mapping_tools/dataset_registry.py,83,read_csv,read,"frame = pd.read_csv(path, dtype=str, keep_default_na=False)"
leap_initialisation,release_build/staging/leap-review-tools-0.3.0/code/leap_mappings_worker/codebase/mapping_tools/diagnostic_adapter_registry.py,68,read_csv,read,"frame = pd.read_csv(registry_path, dtype=str, keep_default_na=False)"
leap_initialisation,release_build/staging/leap-review-tools-0.3.0/code/leap_mappings_worker/codebase/mapping_tools/esto_exact_rows.py,118,read_csv,read,"df = pd.read_csv(data_path, dtype=object)"
leap_initialisation,release_build/staging/leap-review-tools-0.3.0/code/leap_mappings_worker/codebase/mapping_tools/esto_exact_rows.py,123,read_csv,read,"relationships_df = pd.read_csv(relationships_path, dtype=object).fillna("""")"
leap_initialisation,release_build/staging/leap-review-tools-0.3.0/code/leap_mappings_worker/codebase/mapping_tools/esto_exact_rows.py,126,read_excel,read,leap_rollup_rules_df = pd.read_excel(
leap_initialisation,release_build/staging/leap-review-tools-0.3.0/code/leap_mappings_worker/codebase/mapping_tools/esto_exact_rows.py,150,read_excel,read,"esto_rollup_rules_raw = pd.read_excel(mapping_workbook_path, sheet_name=""esto_rollup_rules"", dtype=object).fillna("""")"
leap_initialisation,release_build/staging/leap-review-tools-0.3.0/code/leap_mappings_worker/codebase/mapping_tools/esto_exact_rows.py,234,write_csv,write,"long_df.to_csv(output_path, index=False)"
leap_initialisation,release_build/staging/leap-review-tools-0.3.0/code/leap_mappings_worker/codebase/mapping_tools/hierarchy_subtotal_adapters.py,178,read_excel,read,"sheet: _active(pd.read_excel(workbook_path, sheet_name=sheet, dtype=object))"
leap_initialisation,release_build/staging/leap-review-tools-0.3.0/code/leap_mappings_worker/codebase/mapping_tools/hierarchy_subtotal_adapters.py,253,read_csv,read,"data = data_df.copy() if data_df is not None else pd.read_csv(data_path, dtype=object)"
leap_initialisation,release_build/staging/leap-review-tools-0.3.0/code/leap_mappings_worker/codebase/mapping_tools/hierarchy_subtotal_adapters.py,330,read_excel,read,"frame = pd.read_excel(new_branch_inventory_path, sheet_name=sheet, dtype=object)"
leap_initialisation,release_build/staging/leap-review-tools-0.3.0/code/leap_mappings_worker/codebase/mapping_tools/hierarchy_subtotal_adapters.py,433,read_csv,read,"tree = pd.read_csv(tree_path, dtype=object)"
leap_initialisation,release_build/staging/leap-review-tools-0.3.0/code/leap_mappings_worker/codebase/mapping_tools/hierarchy_subtotal_adapters.py,450,read_excel,read,rules = pd.read_excel(
leap_initialisation,release_build/staging/leap-review-tools-0.3.0/code/leap_mappings_worker/codebase/mapping_tools/hierarchy_subtotal_adapters.py,495,read_csv,read,"source = pd.read_csv(tree_path, dtype=object)"
leap_initialisation,release_build/staging/leap-review-tools-0.3.0/code/leap_mappings_worker/codebase/mapping_tools/hierarchy_subtotal_adapters.py,574,read_csv,read,common_rows = pd.read_csv(
leap_initialisation,release_build/staging/leap-review-tools-0.3.0/code/leap_mappings_worker/codebase/mapping_tools/hierarchy_subtotal_adapters.py,625,read_csv,read,"hierarchy = pd.read_csv(hierarchy_path, dtype=object, keep_default_na=False)"
leap_initialisation,release_build/staging/leap-review-tools-0.3.0/code/leap_mappings_worker/codebase/mapping_tools/hierarchy_subtotal_adapters.py,687,read_csv,read,"values = pd.read_csv(values_path, dtype=object)"
leap_initialisation,release_build/staging/leap-review-tools-0.3.0/code/leap_mappings_worker/codebase/mapping_tools/hierarchy_subtotal_adapters.py,921,read_csv,read,"header = pd.read_csv(data_path, nrows=0)"
leap_initialisation,release_build/staging/leap-review-tools-0.3.0/code/leap_mappings_worker/codebase/mapping_tools/hierarchy_subtotal_adapters.py,937,read_csv,read,"data = pd.read_csv(data_path, usecols=use_columns, dtype=object)"
leap_initialisation,release_build/staging/leap-review-tools-0.3.0/code/leap_mappings_worker/codebase/mapping_tools/hierarchy_subtotal_adapters.py,1079,read_csv,read,"header = pd.read_csv(data_path, nrows=0)"
leap_initialisation,release_build/staging/leap-review-tools-0.3.0/code/leap_mappings_worker/codebase/mapping_tools/hierarchy_subtotal_adapters.py,1086,read_csv,read,data = pd.read_csv(
leap_initialisation,release_build/staging/leap-review-tools-0.3.0/code/leap_mappings_worker/codebase/mapping_tools/hierarchy_subtotal_adapters.py,1196,read_csv,read,"validation = pd.read_csv(validation_path, dtype=object)"
leap_initialisation,release_build/staging/leap-review-tools-0.3.0/code/leap_mappings_worker/codebase/mapping_tools/hierarchy_subtotal_contract.py,72,write_csv,write,"return frame.to_csv(index=False, lineterminator=""\n"").encode(""utf-8"")"
leap_initialisation,release_build/staging/leap-review-tools-0.3.0/code/leap_mappings_worker/codebase/mapping_tools/hierarchy_subtotal_contract.py,647,read_csv,read,"frame = pd.read_csv(member_path, dtype=object)"
leap_initialisation,release_build/staging/leap-review-tools-0.3.0/code/leap_mappings_worker/codebase/mapping_tools/mapping_candidate_generation.py,141,read_csv,read,"header = pd.read_csv(ninth_csv_path, nrows=0).columns.tolist()"
leap_initialisation,release_build/staging/leap-review-tools-0.3.0/code/leap_mappings_worker/codebase/mapping_tools/mapping_candidate_generation.py,147,read_csv,read,"raw_df = pd.read_csv(ninth_csv_path, usecols=required_columns + projection_columns, dtype=object)"
leap_initialisation,release_build/staging/leap-review-tools-0.3.0/code/leap_mappings_worker/codebase/mapping_tools/mapping_sheet_registry.py,75,read_csv,read,"frame = pd.read_csv(registry_path, dtype=str, keep_default_na=False)"
leap_initialisation,release_build/staging/leap-review-tools-0.3.0/code/leap_mappings_worker/codebase/mapping_tools/non_expanding_rollups.py,138,read_excel,read,"rules_df = pd.read_excel(workbook_path, sheet_name=sheet_name, dtype=object).fillna("""")"
leap_initialisation,release_build/staging/leap-review-tools-0.3.0/code/leap_mappings_worker/codebase/mapping_tools/non_expanding_rollups.py,182,read_excel,read,"rules_df = pd.read_excel(workbook_path, sheet_name=sheet_name, dtype=object).fillna("""")"
leap_initialisation,release_build/staging/leap-review-tools-0.3.0/code/leap_mappings_worker/codebase/mapping_tools/non_expanding_rollups.py,218,read_excel,read,rules_df = pd.read_excel(
leap_initialisation,release_build/staging/leap-review-tools-0.3.0/code/leap_mappings_worker/codebase/mapping_tools/non_expanding_rollups.py,555,read_csv,read,existing = pd.read_csv(qa_path)
leap_initialisation,release_build/staging/leap-review-tools-0.3.0/code/leap_mappings_worker/codebase/mapping_tools/non_expanding_rollups.py,566,write_csv,write,"combined.to_csv(qa_path, index=False)"
leap_initialisation,release_build/staging/leap-review-tools-0.3.0/code/leap_mappings_worker/codebase/mapping_tools/parse_leap_balance_export.py,406,write_csv,write,"combined.to_csv(output_path, index=False)"
leap_initialisation,release_build/staging/leap-review-tools-0.3.0/code/leap_mappings_worker/codebase/mapping_tools/rollup_sheet_registry.py,96,read_csv,read,"frame = pd.read_csv(registry_path, dtype=str, keep_default_na=False)"
leap_initialisation,release_build/staging/leap-review-tools-0.3.0/code/leap_mappings_worker/codebase/mapping_tools/rollup_sheet_registry.py,179,read_excel,read,rules = pd.read_excel(
leap_initialisation,release_build/staging/leap-review-tools-0.3.0/code/leap_mappings_worker/codebase/mapping_tools/source_branch_preflight.py,101,read_csv,read,"rules_df = pd.read_csv(path, dtype=object).fillna("""")"
leap_initialisation,release_build/staging/leap-review-tools-0.3.0/code/leap_mappings_worker/codebase/mapping_tools/source_branch_preflight.py,440,write_csv,write,"fallback_audit_df.to_csv(audit_output_dir / ""leap_source_branch_fallback_audit.csv"", index=False)"
leap_initialisation,release_build/staging/leap-review-tools-0.3.0/code/leap_mappings_worker/codebase/mapping_tools/source_branch_preflight.py,441,write_csv,write,all_demand_warnings_df.to_csv(
leap_initialisation,release_build/staging/leap-review-tools-0.3.0/code/leap_mappings_worker/codebase/mapping_tools/target_share_allocation.py,191,read_csv,read,"df = pd.read_csv(esto_csv_path, dtype=object)"
leap_initialisation,release_build/staging/leap-review-tools-0.3.0/code/leap_mappings_worker/codebase/mapping_tools/value_adapter_registry.py,75,read_csv,read,"frame = pd.read_csv(registry_path, dtype=str, keep_default_na=False)"
leap_initialisation,release_build/staging/leap-review-tools-0.3.0/code/leap_mappings_worker/codebase/mapping_tools/value_adapter_registry.py,227,read_csv,read,"values = pd.read_csv(input_path, dtype=object)"
leap_initialisation,release_build/staging/leap-review-tools-0.3.0/code/leap_mappings_worker/codebase/mapping_tools/value_adapter_registry.py,246,write_csv,write,"values.to_csv(output_path, index=False)"
leap_initialisation,release_build/staging/leap-review-tools-0.3.0/code/leap_mappings_worker/codebase/utilities/leap_balance_export_resolver.py,387,read_excel,read,"raw = pd.read_excel(workbook, sheet_name=sheet_name, header=None)"
leap_initialisation,release_build/staging/leap-review-tools-0.3.0/code/leap_mappings_worker/codebase/utilities/master_config.py,79,read_excel,read,"return pd.read_excel(MASTER_CONFIG_PATH, sheet_name=sheet_name, **kwargs)"
leap_initialisation,release_build/staging/leap-review-tools-0.3.0/code/leap_mappings_worker/codebase/utilities/master_config.py,101,read_excel,read,"return pd.read_excel(path, **kwargs)"
leap_initialisation,release_build/staging/leap-review-tools-0.3.0/code/leap_mappings_worker/codebase/utilities/master_config.py,104,read_csv,read,"return pd.read_csv(path, **kwargs)"
leap_initialisation,scripts/check_missing_branch_esto.py,128,read_csv,read,df = pd.read_csv(path)
leap_initialisation,scripts/check_missing_branch_esto.py,135,read_excel,read,"df = pd.read_excel(path, sheet_name='Export', header=2)"
leap_initialisation,scripts/check_missing_branch_esto.py,401,write_csv,write,"out_df.to_csv(out_path, index=False)"
leap_initialisation,scripts/check_missing_branch_esto.py,428,write_csv,write,"required.to_csv(required_path, index=False)"
leap_initialisation,scripts/inject_target_scenario.py,51,read_excel,read,"raw = pd.read_excel(path, sheet_name=""LEAP"", header=None)"
leap_initialisation,scripts/inject_target_scenario.py,78,write_excel,write,"with pd.ExcelWriter(path, engine=""openpyxl"") as writer:"
leap_initialisation,scripts/inject_target_scenario.py,79,write_excel,write,"full_df.to_excel(writer, sheet_name=""LEAP"", index=False, header=False)"
leap_initialisation,scripts/inject_target_scenario.py,80,write_excel,write,"full_df.to_excel(writer, sheet_name=""FOR_VIEWING"", index=False, header=False)"
leap_initialisation,scripts/parquet_migration_benchmark_exploration.py,110,write_parquet,write,"value.to_parquet(bundle_dir / table_name, index=True, compression=""zstd"")"
leap_initialisation,scripts/parquet_migration_benchmark_exploration.py,145,read_parquet,read,"frame = pd.read_parquet(bundle_dir / node[""path""])"
leap_initialisation,scripts/parquet_migration_benchmark_exploration.py,225,read_pickle,read,value = pickle.load(handle)
leap_initialisation,scripts/parquet_migration_benchmark_exploration.py,252,read_csv,read,"return pd.read_csv(path, usecols=selected_columns, low_memory=False)"
leap_initialisation,scripts/parquet_migration_benchmark_exploration.py,257,read_csv,read,"for chunk in pd.read_csv(path, chunksize=100_000, low_memory=False):"
leap_initialisation,scripts/parquet_migration_benchmark_exploration.py,330,write_csv,write,"result_df.to_csv(output_path, index=False)"
leap_initialisation,scripts/parquet_migration_inventory_exploration.py,272,write_csv,write,"artifact_df.to_csv(trace_dir / ""artifact_file_inventory.csv"", index=False)"
leap_initialisation,scripts/parquet_migration_inventory_exploration.py,273,write_csv,write,"family_df.to_csv(diagnostics_dir / ""format_family_inventory.csv"", index=False)"
leap_initialisation,scripts/parquet_migration_inventory_exploration.py,274,write_csv,write,"code_df.to_csv(diagnostics_dir / ""tabular_read_write_sites.csv"", index=False)"
leap_initialisation,scripts/parquet_migration_inventory_exploration.py,281,write_csv,write,"summary.to_csv(diagnostics_dir / ""inventory_summary.csv"", index=False)"
leap_initialisation,tests/test_aggregated_demand_workflow.py,41,write_csv,write,"]).to_csv(esto_source, index=False)"
leap_initialisation,tests/test_aggregated_demand_workflow.py,49,write_csv,write,"]).to_csv(ninth_source, index=False)"
leap_initialisation,tests/test_aggregated_demand_workflow.py,797,read_excel,read,"flat_export = pd.read_excel(flat_path, sheet_name=""Export"", header=None)"
leap_initialisation,tests/test_aggregated_demand_workflow.py,798,read_excel,read,"sector_export = pd.read_excel(sector_path, sheet_name=""Export"", header=None)"
leap_initialisation,tests/test_aggregated_demand_workflow.py,1127,read_excel,read,"written = pd.read_excel(output_path, sheet_name=""LEAP"", header=2)"
leap_initialisation,tests/test_aggregated_demand_workflow.py,1169,write_excel,write,").to_excel(template_path, index=False, startrow=2)"
leap_initialisation,tests/test_aggregated_demand_workflow.py,1181,read_excel,read,"written = pd.read_excel(output_path, sheet_name=""LEAP"", header=2)"
leap_initialisation,tests/test_aggregated_demand_workflow.py,1187,read_excel,read,"viewing = pd.read_excel(output_path, sheet_name=""FOR_VIEWING"", header=2)"
leap_initialisation,tests/test_aggregated_demand_workflow.py,1223,read_excel,read,"written = pd.read_excel(output_path, sheet_name=""LEAP"", header=2)"
leap_initialisation,tests/test_aggregated_demand_workflow.py,1318,read_excel,read,"written = pd.read_excel(out_path, sheet_name=""Contributions"")"
leap_initialisation,tests/test_analysis_input_write_dispatcher.py,49,write_excel,write,"with pd.ExcelWriter(path, engine=""openpyxl"", mode=""w"") as writer:"
leap_initialisation,tests/test_analysis_input_write_dispatcher.py,50,write_excel,write,"output.to_excel(writer, sheet_name=sheet_name, index=False, header=False)"
leap_initialisation,tests/test_analysis_input_write_dispatcher.py,66,write_excel,write,"with pd.ExcelWriter(path, engine=""openpyxl"", mode=""w"") as writer:"
leap_initialisation,tests/test_analysis_input_write_dispatcher.py,67,write_excel,write,"frame.to_excel(writer, sheet_name=""field_mappings"", index=False)"
leap_initialisation,tests/test_baseline_seed_artifact_validation.py,56,write_excel,write,"with pd.ExcelWriter(path, engine=""openpyxl"") as writer:"
leap_initialisation,tests/test_baseline_seed_artifact_validation.py,57,write_excel,write,"export.to_excel(writer, sheet_name=""Export"", index=False, header=False)"
leap_initialisation,tests/test_baseline_seed_artifact_validation.py,86,write_excel,write,"with pd.ExcelWriter(path, engine=""openpyxl"") as writer:"
leap_initialisation,tests/test_baseline_seed_artifact_validation.py,91,write_excel,write,"leap.to_excel(writer, sheet_name=""LEAP"", index=False, header=False)"
leap_initialisation,tests/test_baseline_seed_artifact_validation.py,94,write_excel,write,"viewing.to_excel(writer, sheet_name=""FOR_VIEWING"", index=False, header=False)"
leap_initialisation,tests/test_baseline_seed_artifact_validation.py,100,write_excel,write,"with pd.ExcelWriter(path, engine=""openpyxl"") as writer:"
leap_initialisation,tests/test_baseline_seed_artifact_validation.py,101,write_excel,write,add_leap_preamble(rows).to_excel(
leap_initialisation,tests/test_baseline_seed_balance_diagnostics_workflow.py,930,write_csv,write,").to_csv(mapping_path, index=False)"
leap_initialisation,tests/test_baseline_seed_balance_diagnostics_workflow.py,1594,read_csv,read,"output = pd.read_csv(result[""differences_path""])"
leap_initialisation,tests/test_baseline_seed_balance_diagnostics_workflow.py,1845,write_excel,write,with pd.ExcelWriter(codebook_path) as writer:
leap_initialisation,tests/test_baseline_seed_balance_diagnostics_workflow.py,1846,write_excel,write,"esto.to_excel(writer, sheet_name=""leap_combined_esto"", index=False)"
leap_initialisation,tests/test_baseline_seed_balance_diagnostics_workflow.py,1847,write_excel,write,"ninth.to_excel(writer, sheet_name=""leap_combined_ninth"", index=False)"
leap_initialisation,tests/test_baseline_seed_balance_diagnostics_workflow.py,1848,write_excel,write,"rollups.to_excel(writer, sheet_name=""leap_rollup_rules"", index=False)"
leap_initialisation,tests/test_baseline_seed_balance_diagnostics_workflow.py,1854,read_excel,read,extracted = pd.read_excel(
leap_initialisation,tests/test_baseline_seed_canonical_groups.py,42,write_excel,write,"with pd.ExcelWriter(path, engine=""openpyxl"") as writer:"
leap_initialisation,tests/test_baseline_seed_canonical_groups.py,43,write_excel,write,"pd.DataFrame(canonical).to_excel(writer, sheet_name=""Export"", index=False, startrow=2)"
leap_initialisation,tests/test_baseline_seed_comparison_workflow.py,260,write_excel,write,"with pd.ExcelWriter(template, engine=""openpyxl"") as writer:"
leap_initialisation,tests/test_baseline_seed_comparison_workflow.py,261,write_excel,write,"canonical.to_excel(writer, sheet_name=""Export"", index=False, startrow=2)"
leap_initialisation,tests/test_baseline_seed_comparison_workflow.py,488,write_excel,write,"with pd.ExcelWriter(template_path, engine=""openpyxl"") as writer:"
leap_initialisation,tests/test_baseline_seed_comparison_workflow.py,489,write_excel,write,"template.to_excel(writer, sheet_name=""Export"", index=False, startrow=2)"
leap_initialisation,tests/test_baseline_seed_comparison_workflow.py,527,write_excel,write,"with pd.ExcelWriter(path, engine=""openpyxl"") as writer:"
leap_initialisation,tests/test_baseline_seed_comparison_workflow.py,528,write_excel,write,"pd.DataFrame(rows).to_excel(writer, sheet_name=""Export"", index=False, startrow=2)"
leap_initialisation,tests/test_baseline_seed_comparison_workflow.py,678,read_csv,read,duplicates = pd.read_csv(duplicates_path)
leap_initialisation,tests/test_baseline_seed_postprocess.py,205,write_excel,write,"with pd.ExcelWriter(workbook_path, engine=""openpyxl"") as writer:"
leap_initialisation,tests/test_baseline_seed_postprocess.py,208,write_excel,write,").to_excel(writer, sheet_name=""power"", index=False)"
leap_initialisation,tests/test_baseline_seed_postprocess.py,269,write_excel,write,"with pd.ExcelWriter(source, engine=""openpyxl"") as writer:"
leap_initialisation,tests/test_baseline_seed_postprocess.py,270,write_excel,write,"source_frame.to_excel(writer, sheet_name=""LEAP"", index=False, header=False)"
leap_initialisation,tests/test_baseline_seed_postprocess.py,285,write_excel,write,"with pd.ExcelWriter(template, engine=""openpyxl"") as writer:"
leap_initialisation,tests/test_baseline_seed_postprocess.py,290,write_excel,write,").to_excel(writer, sheet_name=""Export"", index=False, startrow=2)"
leap_initialisation,tests/test_baseline_seed_postprocess.py,327,read_excel,read,"final = pd.read_excel(written[0], sheet_name=""LEAP"", header=2)"
leap_initialisation,tests/test_baseline_seed_postprocess.py,341,read_csv,read,"assert pd.read_csv(audit_paths[0]).iloc[0][""action""] == ""insert"""
leap_initialisation,tests/test_baseline_seed_writer_validation.py,97,write_excel,write,"with pd.ExcelWriter(path, engine=""openpyxl"") as writer:"
leap_initialisation,tests/test_baseline_seed_writer_validation.py,98,write_excel,write,"full.to_excel(writer, sheet_name=""LEAP"", index=False, header=False)"
leap_initialisation,tests/test_baseline_seed_writer_validation.py,230,write_excel,write,"with pd.ExcelWriter(path, engine=""openpyxl"") as writer:"
leap_initialisation,tests/test_baseline_seed_writer_validation.py,231,write_excel,write,pd.DataFrame([row]).to_excel(
leap_initialisation,tests/test_baseline_seed_writer_validation.py,237,write_excel,write,"with pd.ExcelWriter(path, engine=""openpyxl"") as writer:"
leap_initialisation,tests/test_baseline_seed_writer_validation.py,238,write_excel,write,pd.DataFrame(rows).to_excel(
leap_initialisation,tests/test_baseline_seed_writer_validation.py,283,read_excel,read,"data = pd.read_excel(written[0], sheet_name=""LEAP"", header=2)"
leap_initialisation,tests/test_baseline_seed_writer_validation.py,347,write_csv,write,"}]).to_csv(tmp_path / ""proxy_seed_rule_findings.csv"", index=False)"
leap_initialisation,tests/test_baseline_seed_writer_validation.py,372,read_csv,read,"consolidated = pd.read_csv(next(diagnostics.glob(""*_consolidated_rule_findings.csv"")))"
leap_initialisation,tests/test_baseline_seed_writer_validation.py,533,read_csv,read,grouped = pd.read_csv(issue_groups)
leap_initialisation,tests/test_baseline_seed_writer_validation.py,538,read_csv,read,"consolidated = pd.read_csv(next(diagnostics.glob(""*_consolidated_rule_findings.csv"")))"
leap_initialisation,tests/test_baseline_seed_writer_validation.py,721,read_excel,read,"output = pd.read_excel(written[0], sheet_name=""LEAP"", header=2)"
leap_initialisation,tests/test_baseline_seed_writer_validation.py,773,read_excel,read,"output = pd.read_excel(written[0], sheet_name=""LEAP"", header=2)"
leap_initialisation,tests/test_baseline_seed_writer_validation.py,786,read_csv,read,findings = pd.read_csv(consolidated)
leap_initialisation,tests/test_baseline_seed_writer_validation.py,853,read_csv,read,findings = pd.read_csv(consolidated)
leap_initialisation,tests/test_baseline_seed_writer_validation.py,892,read_csv,read,findings = pd.read_csv(consolidated)
leap_initialisation,tests/test_baseline_seed_writer_validation.py,921,read_excel,read,"output = pd.read_excel(written[0], sheet_name=""LEAP"", header=2)"
leap_initialisation,tests/test_baseline_seed_writer_validation.py,942,write_excel,write,"with pd.ExcelWriter(path, engine=""openpyxl"") as writer:"
leap_initialisation,tests/test_baseline_seed_writer_validation.py,943,write_excel,write,"full.to_excel(writer, sheet_name=""LEAP"", index=False, header=False)"
leap_initialisation,tests/test_baseline_seed_writer_validation.py,944,write_excel,write,"full.to_excel(writer, sheet_name=""FOR_VIEWING"", index=False, header=False)"
leap_initialisation,tests/test_canonical_loaders.py,14,write_excel,write,with pd.ExcelWriter(path) as writer:
leap_initialisation,tests/test_canonical_loaders.py,16,write_excel,write,"df.to_excel(writer, sheet_name=name, index=False)"
leap_initialisation,tests/test_canonical_migration_fixes.py,54,write_csv,write,").to_csv(csv, index=False)"
leap_initialisation,tests/test_canonical_schema_contract.py,13,write_excel,write,"pd.DataFrame(columns=list(columns)).to_excel(path, sheet_name=sheet_name, index=False)"
leap_initialisation,tests/test_capacity_unmet_convergence_diagnostics.py,136,write_csv,write,"pd.DataFrame(rows, columns=CONVERGENCE_CSV_COLUMNS).to_csv(path, index=False)"
leap_initialisation,tests/test_capacity_unmet_convergence_diagnostics.py,216,write_csv,write,").to_csv(convergence_path, index=False)"
leap_initialisation,tests/test_convergence_csv_cleanup.py,50,read_csv,read,existing = pd.read_csv(path)
leap_initialisation,tests/test_convergence_csv_cleanup.py,52,write_csv,write,"frame.to_csv(path, index=False)"
leap_initialisation,tests/test_convergence_csv_cleanup.py,61,read_csv,read,df = pd.read_csv(csv)
leap_initialisation,tests/test_convergence_csv_cleanup.py,72,read_csv,read,df = pd.read_csv(csv)
leap_initialisation,tests/test_convergence_csv_cleanup.py,83,read_csv,read,df = pd.read_csv(csv)
leap_initialisation,tests/test_convergence_csv_cleanup.py,99,write_csv,write,").to_csv(csv, index=False)"
leap_initialisation,tests/test_convergence_csv_cleanup.py,114,read_csv,read,df = pd.read_csv(csv)
leap_initialisation,tests/test_convergence_csv_cleanup.py,125,read_csv,read,df = pd.read_csv(csv)
leap_initialisation,tests/test_convergence_csv_cleanup.py,170,read_csv,read,df = pd.read_csv(csv_path)
leap_initialisation,tests/test_convergence_csv_cleanup.py,221,read_csv,read,"assert set(pd.read_csv(csv_path)[""run_id""]) == {""run_a"", ""run_b"", ""run_c""}"
leap_initialisation,tests/test_convergence_csv_cleanup.py,227,read_csv,read,"assert set(pd.read_csv(csv_path)[""run_id""]) == {""run_c""}"
leap_initialisation,tests/test_energy_balance_template_extractor_descendants.py,332,write_excel,write,with pd.ExcelWriter(workbook) as writer:
leap_initialisation,tests/test_energy_balance_template_extractor_descendants.py,333,write_excel,write,"codebook.to_excel(writer, sheet_name=""code_to_name"", index=False)"
leap_initialisation,tests/test_energy_balance_template_extractor_descendants.py,334,write_excel,write,"esto_leap.to_excel(writer, sheet_name=""ESTO_LEAP_names"", index=False)"
leap_initialisation,tests/test_energy_balance_template_extractor_descendants.py,335,write_excel,write,"esto.to_excel(writer, sheet_name=""leap_combined_esto"", index=False)"
leap_initialisation,tests/test_energy_balance_template_extractor_descendants.py,336,write_excel,write,"ninth.to_excel(writer, sheet_name=""leap_combined_ninth"", index=False)"
leap_initialisation,tests/test_energy_balance_template_extractor_descendants.py,377,write_excel,write,with pd.ExcelWriter(workbook) as writer:
leap_initialisation,tests/test_energy_balance_template_extractor_descendants.py,378,write_excel,write,"codebook.to_excel(writer, sheet_name=""code_to_name"", index=False)"
leap_initialisation,tests/test_energy_balance_template_extractor_descendants.py,379,write_excel,write,"esto_leap.to_excel(writer, sheet_name=""ESTO_LEAP_names"", index=False)"
leap_initialisation,tests/test_energy_balance_template_extractor_descendants.py,380,write_excel,write,"esto.to_excel(writer, sheet_name=""leap_combined_esto"", index=False)"
leap_initialisation,tests/test_energy_balance_template_extractor_descendants.py,381,write_excel,write,"ninth.to_excel(writer, sheet_name=""leap_combined_ninth"", index=False)"
leap_initialisation,tests/test_energy_balance_template_extractor_descendants.py,398,read_csv,read,warning_rows = pd.read_csv(warning_path)
leap_initialisation,tests/test_esto_reference_parquet_cache.py,21,write_csv,write,").to_csv(esto_path, index=False)"
leap_initialisation,tests/test_esto_reference_parquet_cache.py,27,write_csv,write,").to_csv(ninth_path, index=False)"
leap_initialisation,tests/test_esto_reference_parquet_cache.py,73,read_csv,read,ninth = pd.read_csv(ninth_path)
leap_initialisation,tests/test_esto_reference_parquet_cache.py,75,write_csv,write,"ninth.to_csv(ninth_path, index=False)"
leap_initialisation,tests/test_fuel_catalog_preflight.py,193,write_excel,write,"with pd.ExcelWriter(path, engine=""openpyxl"") as writer:"
leap_initialisation,tests/test_fuel_catalog_preflight.py,194,write_excel,write,"header.to_excel(writer, sheet_name=""LEAP"", index=False, header=False)"
leap_initialisation,tests/test_fuel_catalog_preflight.py,195,write_excel,write,"data.to_excel(writer, sheet_name=""LEAP"", index=False, startrow=2)"
leap_initialisation,tests/test_fuel_catalog_preflight.py,228,write_csv,write,").to_csv(catalog_path, index=False)"
leap_initialisation,tests/test_fuel_catalog_preflight.py,258,write_csv,write,"pd.DataFrame([_catalog_row(""Demand\\All demand aggregated\\Natural gas"", ""Natural gas"")]).to_csv("
leap_initialisation,tests/test_id_matching_consolidation.py,46,write_excel,write,"with pd.ExcelWriter(path, engine=""openpyxl"") as writer:"
leap_initialisation,tests/test_id_matching_consolidation.py,47,write_excel,write,"pd.DataFrame(rows).to_excel(writer, sheet_name=""Export"", index=False, startrow=2)"
leap_initialisation,tests/test_id_matching_consolidation.py,173,write_excel,write,"with pd.ExcelWriter(path, engine=""openpyxl"") as writer:"
leap_initialisation,tests/test_id_matching_consolidation.py,174,write_excel,write,"pd.DataFrame(rows).to_excel(writer, sheet_name=""LEAP"", index=False)"
leap_initialisation,tests/test_iterative_pass_archive_simulation.py,78,read_csv,read,rec = pd.read_csv(RECONCILIATION_CSV)
leap_initialisation,tests/test_leap_excel_io_viewing_layout.py,60,read_excel,read,"viewing_header = pd.read_excel(output_path, sheet_name=""FOR_VIEWING"", header=None).iloc[2].tolist()"
leap_initialisation,tests/test_leap_excel_io_viewing_layout.py,67,read_excel,read,"viewing = pd.read_excel(output_path, sheet_name=""FOR_VIEWING"", header=2)"
leap_initialisation,tests/test_leap_excel_io_viewing_layout.py,72,read_excel,read,"leap_header = pd.read_excel(output_path, sheet_name=""LEAP"", header=None).iloc[2].tolist()"
leap_initialisation,tests/test_leap_exports_api.py,33,write_excel,write,"with pd.ExcelWriter(new_path, engine=""openpyxl"") as writer:"
leap_initialisation,tests/test_leap_exports_api.py,34,write_excel,write,"df.to_excel(writer, sheet_name=""LEAP"", index=False)"
leap_initialisation,tests/test_leap_export_readiness.py,9,write_csv,write,"pd.DataFrame(rows).to_csv(path, index=False)"
leap_initialisation,tests/test_leap_export_readiness.py,41,write_csv,write,").to_csv(path, index=False)"
leap_initialisation,tests/test_leap_export_template_resolver.py,65,write_excel,write,with pd.ExcelWriter(path) as writer:
leap_initialisation,tests/test_leap_export_template_resolver.py,66,write_excel,write,"preamble.to_excel(writer, sheet_name=""Export"", header=False, index=False)"
leap_initialisation,tests/test_leap_export_template_resolver.py,278,read_excel,read,"header = pd.read_excel(path, sheet_name=""Export"", header=2, nrows=0)"
leap_initialisation,tests/test_leap_results_dashboard_balance_crosswalk.py,42,write_excel,write,with pd.ExcelWriter(workbook) as writer:
leap_initialisation,tests/test_leap_results_dashboard_balance_crosswalk.py,43,write_excel,write,"esto.to_excel(writer, sheet_name=""leap_combined_esto"", index=False)"
leap_initialisation,tests/test_leap_results_dashboard_balance_crosswalk.py,44,write_excel,write,"ninth.to_excel(writer, sheet_name=""leap_combined_ninth"", index=False)"
leap_initialisation,tests/test_leap_series_comparison.py,29,write_csv,write,"esto_df.to_csv(esto_path, index=False)"
leap_initialisation,tests/test_leap_series_comparison.py,49,write_csv,write,"ninth_df.to_csv(ninth_path, index=False)"
leap_initialisation,tests/test_leap_series_comparison.py,61,write_excel,write,"ninth_to_esto_df.to_excel(ninth_to_esto_path, index=False)"
leap_initialisation,tests/test_leap_series_comparison.py,73,write_csv,write,"mapping_df.to_csv(mapping_path, index=False)"
leap_initialisation,tests/test_leap_series_comparison.py,126,write_csv,write,"leap_wide.to_csv(leap_path, index=False)"
leap_initialisation,tests/test_leap_series_comparison.py,151,read_csv,read,long_df = pd.read_csv(artifacts.comparison_long_csv)
leap_initialisation,tests/test_leap_series_comparison.py,178,write_csv,write,"leap_expr.to_csv(leap_path, index=False)"
leap_initialisation,tests/test_leap_series_comparison.py,203,read_csv,read,long_df = pd.read_csv(artifacts.comparison_long_csv)
leap_initialisation,tests/test_leap_series_comparison.py,241,write_csv,write,"leap_wide.to_csv(leap_path, index=False)"
leap_initialisation,tests/test_leap_series_comparison.py,266,read_csv,read,long_df = pd.read_csv(artifacts.comparison_long_csv)
leap_initialisation,tests/test_leap_series_comparison.py,294,write_csv,write,"leap_wide.to_csv(leap_path, index=False)"
leap_initialisation,tests/test_leap_series_comparison.py,319,read_csv,read,long_df = pd.read_csv(artifacts.comparison_long_csv)
leap_initialisation,tests/test_leap_series_comparison.py,353,write_csv,write,"leap_wide.to_csv(leap_path, index=False)"
leap_initialisation,tests/test_leap_series_comparison.py,391,read_csv,read,status_df = pd.read_csv(artifacts.mapping_status_csv)
leap_initialisation,tests/test_leap_series_comparison.py,424,write_csv,write,"leap_wide.to_csv(leap_path, index=False)"
leap_initialisation,tests/test_leap_sheet_header_detection.py,80,write_excel,write,"with pd.ExcelWriter(path, engine=""openpyxl"") as writer:"
leap_initialisation,tests/test_leap_sheet_header_detection.py,81,write_excel,write,"raw.to_excel(writer, sheet_name=sheet_name, index=False, header=False)"
leap_initialisation,tests/test_mapping_rollups.py,60,write_excel,write,"with pd.ExcelWriter(path, engine=""openpyxl"") as writer:"
leap_initialisation,tests/test_mapping_rollups.py,61,write_excel,write,"leap_esto.to_excel(writer, sheet_name=""leap_combined_esto"", index=False)"
leap_initialisation,tests/test_mapping_rollups.py,62,write_excel,write,"ninth_esto.to_excel(writer, sheet_name=""ninth_pairs_to_esto_pairs"", index=False)"
leap_initialisation,tests/test_mapping_rollups.py,63,write_excel,write,"leap_ninth.to_excel(writer, sheet_name=""leap_combined_ninth"", index=False)"
leap_initialisation,tests/test_mapping_rollups.py,132,write_excel,write,"with pd.ExcelWriter(workbook, mode=""a"", if_sheet_exists=""replace"", engine=""openpyxl"") as writer:"
leap_initialisation,tests/test_mapping_rollups.py,133,write_excel,write,"esto_rollups.to_excel(writer, sheet_name=""esto_rollup_rules"", index=False)"
leap_initialisation,tests/test_mapping_rollups.py,134,write_excel,write,"leap_rollups.to_excel(writer, sheet_name=""leap_rollup_rules"", index=False)"
leap_initialisation,tests/test_mapping_rollups.py,159,read_excel,read,"leap_esto = pd.concat([pd.read_excel(workbook, sheet_name=""leap_combined_esto""), extra], ignore_index=True)"
leap_initialisation,tests/test_mapping_rollups.py,160,write_excel,write,"with pd.ExcelWriter(workbook, mode=""a"", if_sheet_exists=""replace"", engine=""openpyxl"") as writer:"
leap_initialisation,tests/test_mapping_rollups.py,161,write_excel,write,"leap_esto.to_excel(writer, sheet_name=""leap_combined_esto"", index=False)"
leap_initialisation,tests/test_mapping_rollups.py,185,read_excel,read,"leap_esto = pd.read_excel(workbook, sheet_name=""leap_combined_esto"")"
leap_initialisation,tests/test_mapping_rollups.py,208,write_excel,write,"with pd.ExcelWriter(workbook, mode=""a"", if_sheet_exists=""replace"", engine=""openpyxl"") as writer:"
leap_initialisation,tests/test_mapping_rollups.py,209,write_excel,write,"leap_esto.to_excel(writer, sheet_name=""leap_combined_esto"", index=False)"
leap_initialisation,tests/test_mapping_rollups.py,224,read_excel,read,"leap_esto = pd.read_excel(workbook, sheet_name=""leap_combined_esto"")"
leap_initialisation,tests/test_mapping_rollups.py,252,write_excel,write,"with pd.ExcelWriter(workbook, mode=""a"", if_sheet_exists=""replace"", engine=""openpyxl"") as writer:"
leap_initialisation,tests/test_mapping_rollups.py,253,write_excel,write,"leap_esto.to_excel(writer, sheet_name=""leap_combined_esto"", index=False)"
leap_initialisation,tests/test_mapping_rollups.py,419,write_csv,write,"esto_data.to_csv(esto_path, index=False)"
leap_initialisation,tests/test_mapping_rollups.py,420,write_csv,write,"ninth_data.to_csv(ninth_path, index=False)"
leap_initialisation,tests/test_mapping_rollups.py,470,write_excel,write,"with pd.ExcelWriter(workbook, mode=""a"", if_sheet_exists=""replace"", engine=""openpyxl"") as writer:"
leap_initialisation,tests/test_mapping_rollups.py,471,write_excel,write,"leap_esto.to_excel(writer, sheet_name=""leap_combined_esto"", index=False)"
leap_initialisation,tests/test_mapping_rollups.py,472,write_excel,write,"leap_rollups.to_excel(writer, sheet_name=""leap_rollup_rules"", index=False)"
leap_initialisation,tests/test_ninth_projection_profiles.py,156,write_excel,write,").to_excel(mapping_path, index=False)"
leap_initialisation,tests/test_ninth_projection_profiles.py,255,write_excel,write,").to_excel(mapping_path, index=False)"
leap_initialisation,tests/test_ninth_projection_profiles.py,337,write_excel,write,"mapping.to_excel(mapping_path, index=False)"
leap_initialisation,tests/test_ninth_projection_profiles.py,415,write_excel,write,").to_excel(mapping_path, index=False)"
leap_initialisation,tests/test_ninth_projection_profiles.py,525,write_excel,write,").to_excel(mapping_path, index=False)"
leap_initialisation,tests/test_ninth_projection_profiles.py,564,write_excel,write,").to_excel(mapping_path, index=False)"
leap_initialisation,tests/test_ninth_projection_profiles.py,596,write_excel,write,").to_excel(mapping_path, index=False)"
leap_initialisation,tests/test_ninth_projection_profiles.py,651,write_excel,write,").to_excel(mapping_path, index=False)"
leap_initialisation,tests/test_ninth_projection_profiles.py,691,write_excel,write,").to_excel(mapping_path, index=False)"
leap_initialisation,tests/test_ninth_projection_profiles.py,735,write_excel,write,").to_excel(mapping_path, index=False)"
leap_initialisation,tests/test_ninth_projection_profiles.py,765,write_excel,write,").to_excel(mapping_path, index=False)"
leap_initialisation,tests/test_ninth_projection_profiles.py,897,read_csv,read,ninth = pd.read_csv(
leap_initialisation,tests/test_ninth_projection_profiles.py,911,read_csv,read,esto = pd.read_csv(
leap_initialisation,tests/test_other_loss_own_use_proxy_workflow.py,94,write_csv,write,"]).to_csv(source, index=False)"
leap_initialisation,tests/test_other_loss_own_use_proxy_workflow.py,123,write_csv,write,"]).to_csv(source, index=False)"
leap_initialisation,tests/test_other_loss_own_use_proxy_workflow.py,1368,write_excel,write,"with pd.ExcelWriter(workbook, engine=""openpyxl"") as writer:"
leap_initialisation,tests/test_other_loss_own_use_proxy_workflow.py,1369,write_excel,write,"pd.DataFrame({""x"": [1]}).to_excel(writer, sheet_name=""LEAP"", index=False)"
leap_initialisation,tests/test_other_loss_own_use_proxy_workflow.py,1370,write_excel,write,"with pd.ExcelWriter(export_key, engine=""openpyxl"") as writer:"
leap_initialisation,tests/test_other_loss_own_use_proxy_workflow.py,1371,write_excel,write,"key_table.to_excel(writer, sheet_name=""Export"", index=False, header=False)"
leap_initialisation,tests/test_other_loss_own_use_proxy_workflow.py,1384,read_excel,read,"raw = pd.read_excel(workbook, sheet_name=""LEAP_WITH_IDS"", header=None, nrows=1)"
leap_initialisation,tests/test_other_loss_own_use_proxy_workflow.py,1554,write_excel,write,"with pd.ExcelWriter(workbook, engine=""openpyxl"") as writer:"
leap_initialisation,tests/test_other_loss_own_use_proxy_workflow.py,1555,write_excel,write,"sheet.to_excel(writer, sheet_name=""EBal|2023"", index=False, header=False)"
leap_initialisation,tests/test_other_loss_own_use_proxy_workflow.py,1599,write_excel,write,"with pd.ExcelWriter(workbook, engine=""openpyxl"") as writer:"
leap_initialisation,tests/test_other_loss_own_use_proxy_workflow.py,1600,write_excel,write,"sheet.to_excel(writer, sheet_name=""2022"", index=False, header=False)"
leap_initialisation,tests/test_other_loss_own_use_proxy_workflow.py,1676,write_excel,write,"with pd.ExcelWriter(workbook, engine=""openpyxl"") as writer:"
leap_initialisation,tests/test_other_loss_own_use_proxy_workflow.py,1677,write_excel,write,"sheet.to_excel(writer, sheet_name=""EBal|2023"", index=False, header=False)"
leap_initialisation,tests/test_other_loss_own_use_proxy_workflow.py,2499,read_csv,read,saved = pd.read_csv(issues_path)
leap_initialisation,tests/test_other_loss_own_use_proxy_workflow.py,2515,read_csv,read,saved = pd.read_csv(issues_path)
leap_initialisation,tests/test_parallel_economy_merge.py,42,write_csv,write,"frame.to_csv(findings_dir / ""baseline_seed_20260723_consolidated_rule_findings.csv"", index=False)"
leap_initialisation,tests/test_parallel_economy_merge.py,53,write_csv,write,"pd.DataFrame(rows).to_csv(checks_dir / filename, index=False)"
leap_initialisation,tests/test_parallel_economy_merge.py,98,read_csv,read,merged = pd.read_csv(findings_path)
leap_initialisation,tests/test_parallel_economy_merge.py,122,read_csv,read,merged = pd.read_csv(findings_path)
leap_initialisation,tests/test_parallel_economy_merge.py,146,read_csv,read,merged = pd.read_csv(findings_path)
leap_initialisation,tests/test_parallel_economy_merge.py,169,read_csv,read,merged = pd.read_csv(findings_path)
leap_initialisation,tests/test_parallel_economy_merge.py,183,read_csv,read,assert pd.read_csv(findings_path).empty
leap_initialisation,tests/test_parallel_economy_merge.py,217,read_csv,read,source = pd.read_csv(outputs[source_name])
leap_initialisation,tests/test_parallel_economy_merge.py,222,read_csv,read,"assert pd.read_csv(outputs[conservation_name]).loc[0, ""economy""] == ""12_NZ"""
leap_initialisation,tests/test_parallel_economy_merge.py,223,read_csv,read,empty_lineage = pd.read_csv(
leap_initialisation,tests/test_parallel_economy_merge.py,237,read_csv,read,"assert pd.read_csv(worker_source, keep_default_na=False).loc[0, ""economy""] == """""
leap_initialisation,tests/test_parallel_economy_merge.py,261,read_csv,read,merged = pd.read_csv(outputs[filename])
leap_initialisation,tests/test_power_interim_capacity_updates.py,167,read_excel,read,"exported = pd.read_excel(output_path, sheet_name=""LEAP"", header=2)"
leap_initialisation,tests/test_preflight_compressed_results_update.py,163,read_csv,read,"ninth = pd.read_csv(result[""ninth_path""])"
leap_initialisation,tests/test_preflight_compressed_results_update.py,185,read_csv,read,"ninth = pd.read_csv(result[""ninth_path""])"
leap_initialisation,tests/test_preflight_compressed_results_update.py,546,read_csv,read,cols = list(pd.read_csv(report).columns)
leap_initialisation,tests/test_preflight_compressed_results_update.py,574,write_csv,write,").to_csv(report, index=False)"
leap_initialisation,tests/test_reconciliation_run_context_saver.py,160,write_csv,write,").to_csv(probe_path, index=False)"
leap_initialisation,tests/test_results_update_dry_run_preview.py,291,read_csv,read,assert list(pd.read_csv(output_path).columns) == preview.RESULTS_UPDATE_PREVIEW_COLUMNS
leap_initialisation,tests/test_results_update_dry_run_preview.py,331,read_csv,read,decisions = pd.read_csv(
leap_initialisation,tests/test_results_update_dry_run_preview.py,515,read_csv,read,decisions = pd.read_csv(
leap_initialisation,tests/test_series_adapter_and_remaps.py,106,write_csv,write,"mapping_df.to_csv(mapping_path, index=False)"
leap_initialisation,tests/test_series_adapter_and_remaps.py,121,write_csv,write,"esto_df.to_csv(esto_path, index=False)"
leap_initialisation,tests/test_series_adapter_and_remaps.py,136,write_csv,write,"ninth_df.to_csv(ninth_path, index=False)"
leap_initialisation,tests/test_series_adapter_and_remaps.py,281,write_csv,write,"mapping_df.to_csv(mapping_path, index=False)"
leap_initialisation,tests/test_series_adapter_and_remaps.py,290,write_csv,write,").to_csv(esto_path, index=False)"
leap_initialisation,tests/test_supply_export_io.py,14,write_excel,write,"with pd.ExcelWriter(path, engine=""openpyxl"") as writer:"
leap_initialisation,tests/test_supply_export_io.py,15,write_excel,write,"df.to_excel(writer, sheet_name=""LEAP"", index=False, startrow=2)"
leap_initialisation,tests/test_supply_extracted_helpers.py,182,write_excel,write,with pd.ExcelWriter(path) as writer:
leap_initialisation,tests/test_supply_extracted_helpers.py,183,write_excel,write,"pd.DataFrame(rows).to_excel(writer, sheet_name=""Export"", header=False, index=False)"
leap_initialisation,tests/test_supply_production_regressions.py,139,read_excel,read,"seed = pd.read_excel(baseline_paths[0], sheet_name=""LEAP"", header=2)"
leap_initialisation,tests/test_supply_production_regressions.py,200,read_excel,read,"exported = pd.read_excel(workbook_path, sheet_name=""LEAP"", header=2)"
leap_initialisation,tests/test_supply_production_regressions.py,208,read_excel,read,"viewing = pd.read_excel(workbook_path, sheet_name=""FOR_VIEWING"", header=2)"
leap_initialisation,tests/test_supply_production_regressions.py,328,write_excel,write,"with pd.ExcelWriter(source, engine=""openpyxl"") as writer:"
leap_initialisation,tests/test_supply_production_regressions.py,329,write_excel,write,"workbook_df.to_excel(writer, sheet_name=""LEAP"", index=False, header=False)"
leap_initialisation,tests/test_supply_production_regressions.py,330,write_excel,write,"workbook_df.to_excel(writer, sheet_name=""FOR_VIEWING"", index=False, header=False)"
leap_initialisation,tests/test_supply_production_regressions.py,340,read_excel,read,"combined = pd.read_excel(combined_paths[0], sheet_name=""LEAP"", header=2)"
leap_initialisation,tests/test_supply_production_regressions.py,348,read_excel,read,"viewing = pd.read_excel(combined_paths[0], sheet_name=""FOR_VIEWING"", header=2)"
leap_initialisation,tests/test_supply_reconciliation_capacity_unmet_iterative.py,112,write_csv,write,").to_csv(path, index=False)"
leap_initialisation,tests/test_supply_reconciliation_capacity_unmet_iterative.py,463,write_csv,write,").to_csv(balance_dir / ""balance_table_2030.csv"", index=False)"
leap_initialisation,tests/test_supply_reconciliation_capacity_unmet_iterative.py,660,read_csv,read,convergence_rows = pd.read_csv(convergence_csv)
leap_initialisation,tests/test_supply_reconciliation_capacity_unmet_iterative.py,716,read_csv,read,"convergence_rows = pd.read_csv(runtime_dir / ""capacity_unmet_convergence.csv"")"
leap_initialisation,tests/test_template_compatibility.py,22,write_excel,write,"with pd.ExcelWriter(path, engine=""openpyxl"") as writer:"
leap_initialisation,tests/test_template_compatibility.py,23,write_excel,write,"rows.to_excel(writer, sheet_name=""Export"", startrow=2, index=False)"
leap_initialisation,tests/test_template_compatibility.py,136,write_csv,write,").to_csv(audit_path, index=False)"
leap_initialisation,tests/test_template_compatibility.py,159,write_csv,write,").to_csv(audit_path, index=False)"
leap_initialisation,tests/test_transfer_no_data_zero_skeleton.py,52,read_excel,read,"exported = pd.read_excel(output_path, sheet_name=""LEAP"", header=2)"
leap_initialisation,tests/test_transformation_export_region_guard.py,53,write_excel,write,"with pd.ExcelWriter(template_path, engine=""openpyxl"") as writer:"
leap_initialisation,tests/test_transformation_export_region_guard.py,54,write_excel,write,"template.to_excel(writer, sheet_name=""Export"", index=False, startrow=2)"
leap_initialisation,tests/test_transformation_export_region_guard.py,90,write_excel,write,"with pd.ExcelWriter(template_path, engine=""openpyxl"") as writer:"
leap_initialisation,tests/test_transformation_export_region_guard.py,91,write_excel,write,"template.to_excel(writer, sheet_name=""Export"", index=False, startrow=2)"
leap_initialisation,tests/test_transformation_export_region_guard.py,123,write_excel,write,"with pd.ExcelWriter(template_path, engine=""openpyxl"") as writer:"
leap_initialisation,tests/test_transformation_export_region_guard.py,124,write_excel,write,"template.to_excel(writer, sheet_name=""Export"", index=False, startrow=2)"
leap_initialisation,tests/test_transformation_projection_unallocated_diagnostics.py,56,read_csv,read,saved = pd.read_csv(expected)
leap_initialisation,tests/test_transformation_projection_unallocated_diagnostics.py,98,read_csv,read,saved = pd.read_csv(expected)
leap_initialisation,tests/test_workflow_timing_history.py,23,write_csv,write,").to_csv(path, index=False)"
leap_initialisation,tests/test_zero_skeleton_scenario_borrowing.py,49,write_excel,write,"with pd.ExcelWriter(path, engine=""openpyxl"") as writer:"
leap_initialisation,tests/test_zero_skeleton_scenario_borrowing.py,50,write_excel,write,"pd.DataFrame(canonical).to_excel(writer, sheet_name=""Export"", index=False, startrow=2)"
leap_mappings,.codex_tmp_rollup_fix/analyze_aus_coke_blast.py,35,read_excel,read,"seed = pd.read_excel(SEED_PATH, sheet_name=""LEAP"")"
leap_mappings,.codex_tmp_rollup_fix/analyze_aus_coke_blast.py,72,read_excel,read,"frame = pd.read_excel(BALANCE_EXPORT_PATH, sheet_name=sheet_name, header=None)"
leap_mappings,.codex_tmp_rollup_fix/analyze_aus_coke_blast.py,86,read_csv,read,"frame = pd.read_csv(path, low_memory=False)"
leap_mappings,.codex_tmp_rollup_fix/analyze_aus_coke_blast.py,100,read_csv,read,"frame = pd.read_csv(path, low_memory=False)"
leap_mappings,.codex_tmp_rollup_fix/validate_mapping_outputs.py,21,read_csv,read,"comparison = pd.read_csv(COMPARISON_PATH, low_memory=False)"
leap_mappings,.codex_tmp_rollup_fix/validate_mapping_outputs.py,34,read_csv,read,"common_rows = pd.read_csv(COMMON_ROWS_PATH, low_memory=False)"
leap_mappings,archive/2026-07-23_repo_cleanup/mapping_code/codebase/mapping_tools/build_dashboard_graph_index.py,429,write_csv,write,"graph_index_df.to_csv(graph_index_path, index=False)"
leap_mappings,archive/2026-07-23_repo_cleanup/mapping_code/codebase/mapping_tools/build_dashboard_graph_index.py,430,write_csv,write,"graph_flow_index_df.to_csv(graph_flow_index_path, index=False)"
leap_mappings,archive/2026-07-23_repo_cleanup/mapping_code/codebase/mapping_tools/build_dashboard_graph_index.py,431,write_csv,write,"graph_product_index_df.to_csv(graph_product_index_path, index=False)"
leap_mappings,archive/2026-07-23_repo_cleanup/mapping_code/codebase/mapping_tools/build_dashboard_graph_index.py,432,write_csv,write,"graph_flow_product_index_df.to_csv(graph_flow_product_index_path, index=False)"
leap_mappings,archive/2026-07-23_repo_cleanup/mapping_code/codebase/mapping_tools/convert_leap_combined_esto_to_esto_first.py,182,read_excel,read,"return pd.read_excel(path, sheet_name=sheet_name)"
leap_mappings,archive/2026-07-23_repo_cleanup/mapping_code/codebase/mapping_tools/convert_leap_combined_esto_to_esto_first.py,184,read_csv,read,return pd.read_csv(path)
leap_mappings,archive/2026-07-23_repo_cleanup/mapping_code/codebase/mapping_tools/convert_leap_combined_esto_to_esto_first.py,711,write_csv,write,"mapping_df.to_csv(output_csv_path, index=False)"
leap_mappings,archive/2026-07-23_repo_cleanup/mapping_code/codebase/mapping_tools/convert_leap_combined_esto_to_esto_first.py,712,write_csv,write,"graph_links_df.to_csv(graph_links_csv_path, index=False)"
leap_mappings,archive/2026-07-23_repo_cleanup/mapping_code/codebase/mapping_tools/convert_leap_combined_esto_to_esto_first.py,713,write_excel,write,"with pd.ExcelWriter(output_xlsx_path, engine=""openpyxl"") as writer:"
leap_mappings,archive/2026-07-23_repo_cleanup/mapping_code/codebase/mapping_tools/convert_leap_combined_esto_to_esto_first.py,714,write_excel,write,"mapping_df.to_excel(writer, sheet_name=""mapping_candidates"", index=False)"
leap_mappings,archive/2026-07-23_repo_cleanup/mapping_code/codebase/mapping_tools/convert_leap_combined_esto_to_esto_first.py,715,write_excel,write,"graph_links_df.to_excel(writer, sheet_name=""graph_links"", index=False)"
leap_mappings,archive/2026-07-23_repo_cleanup/mapping_code/codebase/mapping_tools/convert_leap_combined_esto_to_esto_first.py,718,write_excel,write,"qa_df.to_excel(writer, sheet_name=sheet_name, index=False)"
leap_mappings,archive/2026-07-23_repo_cleanup/mapping_code/codebase/mapping_tools/convert_leap_combined_esto_to_esto_first.py,722,write_csv,write,"qa_df.to_csv(qa_dir / qa_filename, index=False)"
leap_mappings,archive/2026-07-23_repo_cleanup/mapping_code/codebase/mapping_tools/convert_leap_combined_esto_to_esto_first.py,736,read_csv,read,graph_flow_product_index_df = pd.read_csv(graph_flow_product_index_path)
leap_mappings,codebase/for_colleagues_export_workflow.py,61,write_csv,write,"df.to_csv(output_path, index=False)"
leap_mappings,codebase/for_colleagues_export_workflow.py,67,write_csv,write,"df.to_csv(fallback_path, index=False)"
leap_mappings,codebase/for_colleagues_export_workflow.py,75,read_csv,read,"wide_df = pd.read_csv(_resolve(COMMON_WIDE_PATH), dtype=object)"
leap_mappings,codebase/for_colleagues_export_workflow.py,86,read_csv,read,"source_df = pd.read_csv(_resolve(SOURCE_COMMON_PATH), dtype=object)"
leap_mappings,codebase/leap_mapping_refresh_workflow.py,299,read_csv,read,base_df = pd.read_csv(ESTO_TABLE_PATH)
leap_mappings,codebase/leap_mapping_refresh_workflow.py,324,read_csv,read,ninth_df = pd.read_csv(NINTH_TABLE_PATH)
leap_mappings,codebase/leap_mapping_refresh_workflow.py,1297,write_excel,write,"with pd.ExcelWriter(output_path, engine=""openpyxl"") as writer:"
leap_mappings,codebase/leap_mapping_refresh_workflow.py,1299,write_excel,write,"sheet_df.to_excel(writer, sheet_name=sheet_name[:31], index=False)"
leap_mappings,codebase/leap_mapping_refresh_workflow.py,1308,write_excel,write,"with pd.ExcelWriter(output_path, engine=""openpyxl"") as writer:"
leap_mappings,codebase/leap_mapping_refresh_workflow.py,1311,write_excel,write,"sheet_df.to_excel(writer, sheet_name=safe_name, index=False)"
leap_mappings,codebase/leap_mapping_refresh_workflow.py,1852,write_csv,write,"gaps.to_csv(COVERAGE_GAPS_PATH, index=False)"
leap_mappings,codebase/leap_mapping_refresh_workflow.py,1878,write_csv,write,"duplicates.to_csv(DUPLICATE_MAPPINGS_CSV_PATH, index=False)"
leap_mappings,codebase/leap_mapping_refresh_workflow.py,1922,read_csv,read,"previous = pd.read_csv(TRIO_PRESENCE_CSV_PATH).fillna("""")"
leap_mappings,codebase/leap_mapping_refresh_workflow.py,1943,write_csv,write,"row_exclusive.to_csv(TRIO_PRESENCE_CSV_PATH, index=False)"
leap_mappings,codebase/leap_mapping_refresh_workflow.py,2008,read_excel,read,"return pd.read_excel(MAPPING_WORKBOOK_PATH, sheet_name=sheet_name, dtype=object).fillna("""")"
leap_mappings,codebase/leap_mapping_refresh_workflow.py,2091,read_excel,read,"return pd.read_excel(MASTER_CONFIG_PATH, sheet_name=sheet_name, dtype=object).fillna("""")"
leap_mappings,codebase/leap_mapping_refresh_workflow.py,2228,write_excel,write,"with pd.ExcelWriter(output_path, engine=""openpyxl"") as writer:"
leap_mappings,codebase/leap_mapping_refresh_workflow.py,2230,write_excel,write,"sheet_df.to_excel(writer, sheet_name=sheet_name, index=False)"
leap_mappings,codebase/mapping_issue_exceptions.py,50,read_excel,read,"source_df = pd.read_excel(workbook_path, sheet_name=sheet_name, dtype=object)"
leap_mappings,codebase/mapping_issue_exceptions.py,98,read_excel,read,"sheet = pd.read_excel(workbook_path, sheet_name=sheet_name, dtype=str).fillna("""")"
leap_mappings,codebase/portable_mapping_chain.py,205,read_csv,read,"esto_df = pd.read_csv(esto_table, dtype=object)"
leap_mappings,codebase/portable_mapping_chain.py,221,write_csv,write,"esto_out.to_csv(prepared, index=False)"
leap_mappings,codebase/propagate_esto_rows_workflow.py,69,read_excel,read,"rows = pd.read_excel(chosen_rows_path, sheet_name=selected_sheet, dtype=object)"
leap_mappings,codebase/propagate_esto_rows_workflow.py,71,read_csv,read,"rows = pd.read_csv(chosen_rows_path, dtype=object, low_memory=False)"
leap_mappings,codebase/propagate_esto_rows_workflow.py,141,read_csv,read,"target = pd.read_csv(target_path, dtype=object, low_memory=False)"
leap_mappings,codebase/propagate_esto_rows_workflow.py,162,write_csv,write,"combined.to_csv(temporary_path, index=False)"
leap_mappings,codebase/propagate_esto_rows_workflow.py,179,write_csv,write,"summary.to_csv(summary_output_path, index=False)"
leap_mappings,codebase/propagate_esto_rows_workflow.py,205,write_csv,write,"summary.to_csv(summary_output_path, index=False)"
leap_mappings,codebase/run_mapping_pipeline.py,180,read_csv,read,"frame = pd.read_csv(path, dtype=str).fillna("""")"
leap_mappings,codebase/run_mapping_pipeline.py,187,read_csv,read,datasets = pd.read_csv(
leap_mappings,codebase/run_mapping_pipeline.py,209,read_csv,read,scopes = pd.read_csv(
leap_mappings,codebase/run_mapping_pipeline.py,439,write_csv,write,"combined.to_csv(RAW_LEAP_PATH, index=False)"
leap_mappings,codebase/run_mapping_pipeline.py,518,read_csv,read,"target_values_df = pd.read_csv(ESTO_ROWS_PATH, dtype=object)"
leap_mappings,codebase/run_mapping_pipeline.py,568,write_csv,write,converted_df.to_csv(
leap_mappings,codebase/run_mapping_pipeline.py,573,write_csv,write,lineage_df.to_csv(
leap_mappings,codebase/run_mapping_pipeline.py,590,write_csv,write,pd.DataFrame(columns=GROUP_COLUMNS).to_csv(
leap_mappings,codebase/run_mapping_pipeline.py,594,write_csv,write,pd.DataFrame(columns=SOURCE_LINEAGE_COLUMNS).to_csv(
leap_mappings,codebase/run_mapping_pipeline.py,798,read_csv,read,"pd.read_csv(COMMON_ROWS_PATH, usecols=[""comparison_scope""], dtype=object)"
leap_mappings,codebase/run_mapping_pipeline.py,861,write_csv,write,"build_common_esto_hierarchy_edges(common_tree, WORKBOOK_PATH).to_csv("
leap_mappings,codebase/run_mapping_pipeline.py,875,read_csv,read,"stage3_status = pd.read_csv(status_path, dtype=object).fillna("""")"
leap_mappings,codebase/run_mapping_pipeline.py,900,read_csv,read,"ninth_wide = pd.read_csv(NINTH_CSV_PATH, dtype=object)"
leap_mappings,codebase/run_mapping_pipeline.py,919,write_csv,write,"esto_tree.to_csv(tree_output_dir / ""esto_tree.csv"", index=False)"
leap_mappings,codebase/run_mapping_pipeline.py,920,write_csv,write,"esto_extended_tree.to_csv(tree_output_dir / ""esto_extended_tree.csv"", index=False)"
leap_mappings,codebase/run_mapping_pipeline.py,921,write_csv,write,"ninth_tree.to_csv(tree_output_dir / ""ninth_tree.csv"", index=False)"
leap_mappings,codebase/run_mapping_pipeline.py,922,write_csv,write,"leap_tree.to_csv(tree_output_dir / ""leap_tree.csv"", index=False)"
leap_mappings,codebase/run_mapping_pipeline.py,923,write_csv,write,"common_tree.to_csv(tree_output_dir / ""common_esto_tree.csv"", index=False)"
leap_mappings,codebase/run_mapping_pipeline.py,924,write_csv,write,common_hierarchy_edges.to_csv(
leap_mappings,codebase/run_mapping_pipeline.py,930,write_csv,write,"validation_tree.to_csv(tree_output_dir / ""all_dataset_trees.csv"", index=False)"
leap_mappings,codebase/run_mapping_pipeline.py,959,write_csv,write,"ninth_validation.to_csv(tree_output_dir / ""ninth_validation.csv"", index=False)"
leap_mappings,codebase/run_mapping_pipeline.py,960,write_csv,write,"ninth_sector_validation.to_csv(tree_output_dir / ""ninth_sector_validation.csv"", index=False)"
leap_mappings,codebase/run_mapping_pipeline.py,961,write_csv,write,"ninth_fuel_validation.to_csv(tree_output_dir / ""ninth_fuel_validation.csv"", index=False)"
leap_mappings,codebase/run_mapping_pipeline.py,962,write_csv,write,"leap_validation.to_csv(tree_output_dir / ""leap_validation.csv"", index=False)"
leap_mappings,codebase/run_mapping_pipeline.py,1031,read_csv,read,"common_rows = pd.read_csv(COMMON_ROWS_PATH, dtype=object)"
leap_mappings,codebase/run_mapping_pipeline.py,1032,read_csv,read,"comparison_data = pd.read_csv(comparison_path, dtype=object)"
leap_mappings,codebase/run_mapping_pipeline.py,1191,write_csv,write,"anchor_findings.to_csv(anchor_detail_path, index=False)"
leap_mappings,codebase/run_mapping_pipeline.py,1192,write_csv,write,"anchor_detail.to_csv(anchor_full_detail_path, index=False)"
leap_mappings,codebase/run_mapping_pipeline.py,1193,write_csv,write,"anchor_child_values.to_csv(anchor_child_values_path, index=False)"
leap_mappings,codebase/run_mapping_pipeline.py,1194,write_csv,write,"anchor_child_context_values.to_csv(anchor_child_context_values_path, index=False)"
leap_mappings,codebase/run_mapping_pipeline.py,1195,write_csv,write,"anchor_mapped_component_context_values.to_csv(anchor_mapped_component_context_values_path, index=False)"
leap_mappings,codebase/run_mapping_pipeline.py,1196,write_csv,write,"anchor_economy_examples.to_csv(anchor_economy_examples_path, index=False)"
leap_mappings,codebase/run_mapping_pipeline.py,1197,write_csv,write,"anchor_economy_child_context_values.to_csv(anchor_economy_child_context_values_path, index=False)"
leap_mappings,codebase/run_mapping_pipeline.py,1198,write_csv,write,anchor_economy_mapped_component_context_values.to_csv(
leap_mappings,codebase/run_mapping_pipeline.py,1201,write_csv,write,"leaf_reconciliation_candidates.to_csv(leaf_reconciliation_candidates_path, index=False)"
leap_mappings,codebase/run_mapping_pipeline.py,1202,write_csv,write,"anchor_summary.to_csv(anchor_summary_path, index=False)"
leap_mappings,codebase/run_mapping_pipeline.py,1239,write_csv,write,"combined_status.to_csv(status_path, index=False)"
leap_mappings,codebase/separate_axis_mapping_exploration_functions.py,725,read_csv,read,"header = pd.read_csv(source_path, nrows=0)"
leap_mappings,codebase/separate_axis_mapping_exploration_functions.py,762,read_csv,read,for chunk in pd.read_csv(
leap_mappings,codebase/separate_axis_mapping_exploration_functions.py,897,read_csv,read,"header = pd.read_csv(source_path, nrows=0)"
leap_mappings,codebase/separate_axis_mapping_exploration_functions.py,940,read_csv,read,for chunk in pd.read_csv(
leap_mappings,codebase/separate_axis_mapping_exploration_functions.py,1173,read_excel,read,"frame = pd.read_excel(workbook_path, sheet_name=spec[""sheet_name""], dtype=object)"
leap_mappings,codebase/separate_axis_mapping_exploration_functions.py,1490,read_excel,read,sheet_name: pd.read_excel(
leap_mappings,codebase/separate_axis_mapping_exploration_functions.py,1706,read_excel,read,"exceptions = pd.read_excel(workbook_path, sheet_name=""exceptions"", dtype=object)"
leap_mappings,codebase/separate_axis_mapping_exploration_functions.py,2704,read_excel,read,exclusions = pd.read_excel(
leap_mappings,codebase/separate_axis_mapping_exploration_functions.py,2795,read_excel,read,exclusions = pd.read_excel(
leap_mappings,codebase/separate_axis_mapping_exploration_functions.py,3211,read_excel,read,frame = pd.read_excel(
leap_mappings,codebase/separate_axis_mapping_exploration_functions.py,3452,read_excel,read,rollups = pd.read_excel(
leap_mappings,codebase/separate_axis_mapping_exploration_workflow.py,87,write_csv,write,"frame.to_csv(path, index=False)"
leap_mappings,codebase/separate_axis_mapping_exploration_workflow.py,226,read_csv,read,"registry = pd.read_csv(path, low_memory=False)"
leap_mappings,codebase/separate_axis_mapping_exploration_workflow.py,383,read_csv,read,"raw_axis_components = pd.read_csv(semantic_paths[""raw_axis""], low_memory=False)"
leap_mappings,codebase/separate_axis_mapping_exploration_workflow.py,384,read_csv,read,raw_lossless_components = pd.read_csv(
leap_mappings,codebase/separate_axis_mapping_exploration_workflow.py,388,read_csv,read,common_axis_comparison = pd.read_csv(
leap_mappings,codebase/separate_axis_mapping_exploration_workflow.py,392,read_csv,read,common_lossless_comparison = pd.read_csv(
leap_mappings,codebase/separate_axis_mapping_gap_review_workflow.py,83,read_csv,read,"frame = pd.read_csv(path, low_memory=False)"
leap_mappings,codebase/separate_axis_mapping_gap_review_workflow.py,183,read_csv,read,comparison = pd.read_csv(
leap_mappings,codebase/separate_axis_mapping_gap_review_workflow.py,673,write_csv,write,"frame.to_csv(path, index=False)"
leap_mappings,codebase/separate_axis_mapping_master_prototype_workflow.py,160,write_csv,write,"frame.to_csv(path, index=False)"
leap_mappings,codebase/separate_axis_mapping_master_prototype_workflow.py,199,read_csv,read,"registry = pd.read_csv(path, low_memory=False)"
leap_mappings,codebase/separate_axis_mapping_master_prototype_workflow.py,250,read_excel,read,rules = pd.read_excel(
leap_mappings,codebase/separate_axis_mapping_master_prototype_workflow.py,308,read_excel,read,frame = pd.read_excel(
leap_mappings,codebase/separate_axis_mapping_master_prototype_workflow.py,475,read_csv,read,observed = pd.read_csv(
leap_mappings,codebase/separate_axis_mapping_shadow_validation_workflow.py,130,write_csv,write,"frame.to_csv(path, index=False)"
leap_mappings,codebase/separate_axis_mapping_shadow_validation_workflow.py,138,read_excel,read,pd.read_excel(
leap_mappings,codebase/separate_axis_mapping_shadow_validation_workflow.py,242,read_csv,read,"""relationships"": pd.read_csv("
leap_mappings,codebase/separate_axis_mapping_shadow_validation_workflow.py,246,read_csv,read,"""common_rows"": pd.read_csv(required[1], low_memory=False),"
leap_mappings,codebase/separate_axis_mapping_shadow_validation_workflow.py,247,read_csv,read,"""common_map"": pd.read_csv(required[2], low_memory=False),"
leap_mappings,codebase/separate_axis_mapping_shadow_validation_workflow.py,266,read_csv,read,"return pd.read_csv(qa_path, low_memory=False)"
leap_mappings,codebase/separate_axis_mapping_split_workbooks_workflow.py,121,write_csv,write,"frame.to_csv(path, index=False)"
leap_mappings,codebase/separate_axis_mapping_split_workbooks_workflow.py,160,read_csv,read,"sector_axis = pd.read_csv(AXIS_SOURCE_FILES[""sector""])"
leap_mappings,codebase/separate_axis_mapping_split_workbooks_workflow.py,161,read_csv,read,"fuel_axis = pd.read_csv(AXIS_SOURCE_FILES[""fuel""])"
leap_mappings,codebase/separate_axis_mapping_split_workbooks_workflow.py,219,read_csv,read,sheets[sheet_name] = pd.read_csv(source_path)
leap_mappings,codebase/separate_axis_mapping_split_workbooks_workflow.py,325,read_csv,read,"leap = pd.read_csv(PAIR_SOURCE_FILES[""LEAP key pairs""])"
leap_mappings,codebase/separate_axis_mapping_split_workbooks_workflow.py,368,read_csv,read,"esto = pd.read_csv(PAIR_SOURCE_FILES[""ESTO key pairs""])"
leap_mappings,codebase/separate_axis_mapping_split_workbooks_workflow.py,369,read_csv,read,esto_extended = pd.read_csv(
leap_mappings,codebase/separate_axis_mapping_split_workbooks_workflow.py,372,read_csv,read,"ninth = pd.read_csv(PAIR_SOURCE_FILES[""Ninth key pairs""])"
leap_mappings,codebase/separate_axis_mapping_split_workbooks_workflow.py,430,read_csv,read,frame = pd.read_csv(source_path)
leap_mappings,codebase/separate_axis_mapping_stage3_shadow_workflow.py,163,read_csv,read,"return pd.read_csv(path, usecols=usecols, low_memory=False)"
leap_mappings,codebase/separate_axis_mapping_stage3_shadow_workflow.py,168,read_csv,read,relationships = pd.read_csv(
leap_mappings,codebase/separate_axis_mapping_stage3_shadow_workflow.py,172,read_csv,read,common_map = pd.read_csv(
leap_mappings,codebase/separate_axis_mapping_stage3_shadow_workflow.py,189,write_csv,write,"source_once.to_csv(source_once_path, index=False)"
leap_mappings,codebase/subtotal_mapping_master_review_workflow.py,71,read_excel,read,frames = pd.read_excel(
leap_mappings,codebase/subtotal_mapping_master_review_workflow.py,377,read_excel,read,frames = pd.read_excel(
leap_mappings,codebase/subtotal_mapping_master_review_workflow.py,430,write_csv,write,affected.to_csv(
leap_mappings,codebase/synthetic_multi_dataset_acceptance_workflow.py,75,read_csv,read,frame = pd.read_csv(
leap_mappings,codebase/synthetic_multi_dataset_acceptance_workflow.py,96,write_csv,write,"frame.to_csv(output_path, index=False)"
leap_mappings,codebase/synthetic_multi_dataset_acceptance_workflow.py,117,read_csv,read,"source_df=pd.read_csv(mapping_path, dtype=object),"
leap_mappings,codebase/synthetic_multi_dataset_acceptance_workflow.py,122,write_csv,write,"relationships.to_csv(relationship_path, index=False)"
leap_mappings,codebase/synthetic_multi_dataset_acceptance_workflow.py,146,write_csv,write,"common_rows.to_csv(output_dir / ""common_esto_rows.csv"", index=False)"
leap_mappings,codebase/synthetic_multi_dataset_acceptance_workflow.py,147,write_csv,write,component_map.to_csv(
leap_mappings,codebase/synthetic_multi_dataset_acceptance_workflow.py,154,write_csv,write,"qa_frame.to_csv(qa_dir / f""{qa_name}.csv"", index=False)"
leap_mappings,codebase/synthetic_multi_dataset_acceptance_workflow.py,199,read_csv,read,value_registry = pd.read_csv(
leap_mappings,codebase/synthetic_multi_dataset_acceptance_workflow.py,209,read_csv,read,pd.read_csv(
leap_mappings,codebase/synthetic_multi_dataset_acceptance_workflow.py,212,write_csv,write,").to_csv(synthetic_native_path, index=False)"
leap_mappings,codebase/synthetic_multi_dataset_acceptance_workflow.py,224,write_csv,write,"value_registry.to_csv(acceptance_value_registry_path, index=False)"
leap_mappings,codebase/synthetic_multi_dataset_acceptance_workflow.py,244,read_csv,read,detailed = pd.read_csv(
leap_mappings,codebase/synthetic_multi_dataset_acceptance_workflow.py,261,write_csv,write,"source_values.to_csv(source_path, index=False)"
leap_mappings,codebase/synthetic_multi_dataset_acceptance_workflow.py,277,read_csv,read,synthetic_values = pd.read_csv(synthetic_values_path)
leap_mappings,codebase/synthetic_multi_dataset_acceptance_workflow.py,476,write_csv,write,"checks.to_csv(output_dir / ""acceptance_checklist.csv"", index=False)"
leap_mappings,codebase/archive/ninth_to_esto_mapping_coverage.py,244,write_csv,write,"summary_df.to_csv(summary_path, index=False)"
leap_mappings,codebase/archive/ninth_to_esto_mapping_coverage.py,245,write_csv,write,"missing_esto_pairs.to_csv(missing_esto_path, index=False)"
leap_mappings,codebase/archive/ninth_to_esto_mapping_coverage.py,246,write_csv,write,"missing_ninth_pairs.to_csv(missing_ninth_path, index=False)"
leap_mappings,codebase/archive/outlook_mapping_maintenance_workflow.py,173,read_csv,read,df = pd.read_csv(ESTO_CSV_PATH)
leap_mappings,codebase/archive/outlook_mapping_maintenance_workflow.py,199,read_csv,read,df = pd.read_csv(NINTH_CSV_PATH)
leap_mappings,codebase/archive/outlook_mapping_maintenance_workflow.py,307,read_excel,read,export_df = pd.read_excel(
leap_mappings,codebase/archive/outlook_mapping_maintenance_workflow.py,528,read_excel,read,override_df = pd.read_excel(
leap_mappings,codebase/archive/outlook_mapping_maintenance_workflow.py,1258,read_csv,read,row_count = len(pd.read_csv(path))
leap_mappings,codebase/archive/outlook_mapping_maintenance_workflow.py,1277,write_csv,write,"summary.to_csv(summary_path, index=False)"
leap_mappings,codebase/archive/outlook_mapping_maintenance_workflow.py,1339,write_csv,write,"stale_subtotal_overrides.to_csv(SUBTOTAL_OVERRIDE_STALE_PATH, index=False)"
leap_mappings,codebase/archive/outlook_mapping_maintenance_workflow.py,1466,write_excel,write,"with pd.ExcelWriter(SUBTOTAL_CHANGE_PREVIEW_PATH, engine=""openpyxl"") as writer:"
leap_mappings,codebase/archive/outlook_mapping_maintenance_workflow.py,1467,write_excel,write,"preview_summary.to_excel(writer, sheet_name=""summary"", index=False)"
leap_mappings,codebase/archive/outlook_mapping_maintenance_workflow.py,1468,write_excel,write,"proposed_lcesto.to_excel(writer, sheet_name=""leap_combined_esto_proposed"", index=False)"
leap_mappings,codebase/archive/outlook_mapping_maintenance_workflow.py,1469,write_excel,write,"proposed_lcninth.to_excel(writer, sheet_name=""leap_combined_ninth_proposed"", index=False)"
leap_mappings,codebase/archive/outlook_mapping_maintenance_workflow.py,1470,write_excel,write,"proposed_nesto.to_excel(writer, sheet_name=""ninth_pairs_to_esto_pairs_proposed"", index=False)"
leap_mappings,codebase/archive/outlook_mapping_maintenance_workflow.py,1513,read_excel,read,"df_lcesto = pd.read_excel(WORKBOOK_PATH, sheet_name=""leap_combined_esto"", dtype=object).fillna("""")"
leap_mappings,codebase/archive/outlook_mapping_maintenance_workflow.py,1514,read_excel,read,"df_lcninth = pd.read_excel(WORKBOOK_PATH, sheet_name=""leap_combined_ninth"", dtype=object).fillna("""")"
leap_mappings,codebase/archive/outlook_mapping_maintenance_workflow.py,1515,read_excel,read,"df_nesto = pd.read_excel(WORKBOOK_PATH, sheet_name=""ninth_pairs_to_esto_pairs"", dtype=object).fillna("""")"
leap_mappings,codebase/archive/outlook_mapping_maintenance_workflow.py,1532,write_csv,write,"card_lcesto.to_csv(QA_DIR / ""cardinality_leap_esto.csv"", index=False)"
leap_mappings,codebase/archive/outlook_mapping_maintenance_workflow.py,1533,write_csv,write,"card_lcninth.to_csv(QA_DIR / ""cardinality_leap_ninth.csv"", index=False)"
leap_mappings,codebase/archive/outlook_mapping_maintenance_workflow.py,1534,write_csv,write,"card_nesto.to_csv(QA_DIR / ""cardinality_ninth_esto.csv"", index=False)"
leap_mappings,codebase/archive/outlook_mapping_maintenance_workflow.py,1557,write_csv,write,"duplicate_mappings.to_csv(QA_DIR / ""duplicate_mappings.csv"", index=False)"
leap_mappings,codebase/archive/outlook_mapping_maintenance_workflow.py,1587,write_csv,write,"allowed_many_to_many.to_csv(QA_DIR / ""many_to_many_allowed_matched.csv"", index=False)"
leap_mappings,codebase/archive/outlook_mapping_maintenance_workflow.py,1588,write_csv,write,"many_to_many.to_csv(QA_DIR / ""many_to_many_conflicts.csv"", index=False)"
leap_mappings,codebase/archive/outlook_mapping_maintenance_workflow.py,1589,write_csv,write,"allowed_leap_source_presence.to_csv(QA_DIR / ""leap_source_presence_allowed_matched.csv"", index=False)"
leap_mappings,codebase/archive/outlook_mapping_maintenance_workflow.py,1590,write_csv,write,"leap_source_presence.to_csv(QA_DIR / ""leap_source_presence_conflicts.csv"", index=False)"
leap_mappings,codebase/archive/outlook_mapping_maintenance_workflow.py,1591,write_csv,write,"allowed_crosswalk_conflicts.to_csv(QA_DIR / ""crosswalk_target_conflicts_allowed_matched.csv"", index=False)"
leap_mappings,codebase/archive/outlook_mapping_maintenance_workflow.py,1592,write_csv,write,"crosswalk_conflicts.to_csv(QA_DIR / ""crosswalk_target_conflicts.csv"", index=False)"
leap_mappings,codebase/archive/outlook_mapping_maintenance_workflow.py,1620,write_csv,write,"unmapped_esto.to_csv(QA_DIR / ""unmapped_nonzero_esto_pairs.csv"", index=False)"
leap_mappings,codebase/archive/outlook_mapping_maintenance_workflow.py,1621,write_csv,write,"allowed_unmapped_esto.to_csv(QA_DIR / ""unmapped_nonzero_esto_pairs_allowed_matched.csv"", index=False)"
leap_mappings,codebase/archive/outlook_mapping_maintenance_workflow.py,1622,write_csv,write,"unmapped_ninth.to_csv(QA_DIR / ""unmapped_nonzero_ninth_pairs.csv"", index=False)"
leap_mappings,codebase/archive/outlook_mapping_maintenance_workflow.py,1623,write_csv,write,"allowed_unmapped_ninth.to_csv(QA_DIR / ""unmapped_nonzero_ninth_pairs_allowed_matched.csv"", index=False)"
leap_mappings,codebase/archive/outlook_mapping_maintenance_workflow.py,1652,write_csv,write,"subtotal_mismatches.to_csv(QA_DIR / ""subtotal_mismatches.csv"", index=False)"
leap_mappings,codebase/archive/outlook_mapping_maintenance_workflow.py,1653,write_csv,write,"allowed_subtotal_mismatches.to_csv(QA_DIR / ""subtotal_mismatches_allowed_matched.csv"", index=False)"
leap_mappings,codebase/functions/unified_name_lookup.py,80,read_excel,read,df = pd.read_excel(
leap_mappings,codebase/functions/unified_name_lookup.py,197,write_csv,write,"records.to_csv(records_path, index=False)"
leap_mappings,codebase/functions/unified_name_lookup.py,203,write_csv,write,"lookup.to_csv(lookup_path, index=False)"
leap_mappings,codebase/mapping_tools/anchor_validation_only_workflow.py,97,read_csv,read,for chunk in pd.read_csv(
leap_mappings,codebase/mapping_tools/anchor_validation_only_workflow.py,157,read_csv,read,"validation_tree = pd.read_csv(validation_tree_path, dtype=object)"
leap_mappings,codebase/mapping_tools/anchor_validation_only_workflow.py,158,read_csv,read,"common_rows = pd.read_csv(common_rows_path, dtype=object)"
leap_mappings,codebase/mapping_tools/anchor_validation_only_workflow.py,241,write_csv,write,"published.to_csv(output_dir / f""{name}{suffix}"", index=False)"
leap_mappings,codebase/mapping_tools/apply_common_esto_structure.py,219,read_excel,read,return pd.read_excel(path)
leap_mappings,codebase/mapping_tools/apply_common_esto_structure.py,220,read_csv,read,return pd.read_csv(
leap_mappings,codebase/mapping_tools/apply_common_esto_structure.py,480,read_csv,read,"header = pd.read_csv(source_path, nrows=0).columns.tolist()"
leap_mappings,codebase/mapping_tools/apply_common_esto_structure.py,499,read_csv,read,endpoint = pd.read_csv(
leap_mappings,codebase/mapping_tools/apply_common_esto_structure.py,1004,write_csv,write,"pruned_components_df.to_csv(diagnostics_dir / ""common_esto_components_pruned_not_applicable.csv"", index=False)"
leap_mappings,codebase/mapping_tools/apply_common_esto_structure.py,1021,write_csv,write,"relevance_df.to_csv(diagnostics_dir / ""common_esto_component_relevance.csv"", index=False)"
leap_mappings,codebase/mapping_tools/apply_common_esto_structure.py,1022,write_csv,write,"pruned_components_df.to_csv(output_dir / ""qa_common_esto_existing_components_without_relevance.csv"", index=False)"
leap_mappings,codebase/mapping_tools/apply_common_esto_structure.py,1023,write_csv,write,"leap_branch_audit_df.to_csv(output_dir / ""qa_nonzero_unmapped_leap_branches.csv"", index=False)"
leap_mappings,codebase/mapping_tools/apply_common_esto_structure.py,1024,write_csv,write,"actionable_partial_df.to_csv(output_dir / ""qa_common_esto_unresolved_partial_coverage.csv"", index=False)"
leap_mappings,codebase/mapping_tools/apply_common_esto_structure.py,1025,write_csv,write,"inactive_partial_df.to_csv(output_dir / ""qa_common_esto_partial_coverage_components_without_relevance.csv"", index=False)"
leap_mappings,codebase/mapping_tools/apply_common_esto_structure.py,1263,write_csv,write,lineage_chunk_df.to_csv(
leap_mappings,codebase/mapping_tools/apply_common_esto_structure.py,1302,write_csv,write,").to_csv(lineage_handle, index=False)"
leap_mappings,codebase/mapping_tools/apply_common_esto_structure.py,1390,write_csv,write,"df.to_csv(diagnostics_dir / f""{name}.csv"", index=False)"
leap_mappings,codebase/mapping_tools/apply_common_esto_structure.py,1391,write_excel,write,"with pd.ExcelWriter(diagnostics_dir / ""broad_common_row_diagnostics.xlsx"", engine=""openpyxl"") as writer:"
leap_mappings,codebase/mapping_tools/apply_common_esto_structure.py,1393,write_excel,write,"df.to_excel(writer, sheet_name=name[:31], index=False)"
leap_mappings,codebase/mapping_tools/apply_common_esto_structure.py,1515,write_csv,write,"product_diagnostics_df.to_csv(diagnostics_dir / ""intersecting_common_product_groups.csv"", index=False)"
leap_mappings,codebase/mapping_tools/apply_common_esto_structure.py,1516,write_csv,write,"flow_diagnostics_df.to_csv(diagnostics_dir / ""intersecting_common_flow_groups.csv"", index=False)"
leap_mappings,codebase/mapping_tools/apply_common_esto_structure.py,1517,write_excel,write,"with pd.ExcelWriter(diagnostics_dir / ""intersecting_common_axis_groups.xlsx"", engine=""openpyxl"") as writer:"
leap_mappings,codebase/mapping_tools/apply_common_esto_structure.py,1518,write_excel,write,"product_diagnostics_df.to_excel(writer, sheet_name=""product_group_overlaps"", index=False)"
leap_mappings,codebase/mapping_tools/apply_common_esto_structure.py,1519,write_excel,write,"flow_diagnostics_df.to_excel(writer, sheet_name=""flow_group_overlaps"", index=False)"
leap_mappings,codebase/mapping_tools/apply_common_esto_structure.py,1777,write_csv,write,"df.to_csv(output_path, index=False)"
leap_mappings,codebase/mapping_tools/apply_common_esto_structure.py,1783,write_csv,write,"df.to_csv(fallback_path, index=False)"
leap_mappings,codebase/mapping_tools/apply_common_esto_structure.py,1929,write_csv,write,"status_df.to_csv(output_dir / ""common_esto_output_status.csv"", index=False)"
leap_mappings,codebase/mapping_tools/apply_common_esto_structure.py,1986,write_csv,write,"status_df.to_csv(output_dir / ""common_esto_output_status.csv"", index=False)"
leap_mappings,codebase/mapping_tools/apply_common_esto_structure.py,2046,read_csv,read,"common_rows_df = pd.read_csv(common_rows_path, dtype=str).fillna("""")"
leap_mappings,codebase/mapping_tools/apply_common_esto_structure.py,2142,read_csv,read,"common_rows_df = pd.read_csv(common_rows_path, dtype=str).fillna("""")"
leap_mappings,codebase/mapping_tools/apply_common_esto_structure.py,2183,read_csv,read,raw_source_df = pd.read_csv(
leap_mappings,codebase/mapping_tools/apply_common_esto_structure.py,2187,read_excel,read,direct_mapping_df = pd.read_excel(
leap_mappings,codebase/mapping_tools/apply_common_esto_structure.py,2191,read_excel,read,bridge_mapping_df = pd.read_excel(
leap_mappings,codebase/mapping_tools/apply_common_esto_structure.py,2195,read_excel,read,bridge_target_mapping_df = pd.read_excel(
leap_mappings,codebase/mapping_tools/apply_common_esto_structure.py,2291,read_csv,read,"structural_partial_df = pd.read_csv(structural_partial_coverage_path, low_memory=False)"
leap_mappings,codebase/mapping_tools/apply_display_name_updates.py,74,read_csv,read,"df = pd.read_csv(review_csv_path, dtype=object).fillna("""")"
leap_mappings,codebase/mapping_tools/apply_duplicate_mapping_removal.py,260,read_csv,read,reported = pd.read_csv(DUPLICATE_CSV_PATH)
leap_mappings,codebase/mapping_tools/apply_ninth_to_esto_conversion.py,52,read_excel,read,return pd.read_excel(path)
leap_mappings,codebase/mapping_tools/apply_ninth_to_esto_conversion.py,53,read_csv,read,return pd.read_csv(path)
leap_mappings,codebase/mapping_tools/apply_ninth_to_esto_conversion.py,81,read_csv,read,"df = pd.read_csv(ninth_csv_path, dtype=object)"
leap_mappings,codebase/mapping_tools/apply_ninth_to_esto_conversion.py,137,read_csv,read,relationships_df = pd.read_csv(relationships_path)
leap_mappings,codebase/mapping_tools/apply_ninth_to_esto_conversion.py,377,read_excel,read,rules_df = pd.read_excel(
leap_mappings,codebase/mapping_tools/apply_ninth_to_esto_conversion.py,420,write_csv,write,"converted_df.to_csv(output_path, index=False)"
leap_mappings,codebase/mapping_tools/apply_ninth_to_esto_conversion.py,423,write_csv,write,"lineage_df.to_csv(lineage_output_path, index=False)"
leap_mappings,codebase/mapping_tools/apply_partitioned_common_esto.py,116,read_csv,read,"for chunk_number, chunk in enumerate(pd.read_csv(source_path, dtype=object, chunksize=chunksize)):"
leap_mappings,codebase/mapping_tools/apply_partitioned_common_esto.py,124,write_parquet,write,"group.to_parquet(part_path, index=False)"
leap_mappings,codebase/mapping_tools/apply_partitioned_common_esto.py,225,write_csv,write,"frame.to_csv(path, mode=""a"", header=not path.exists(), index=False, float_format=""%.12g"")"
leap_mappings,codebase/mapping_tools/apply_partitioned_common_esto.py,240,read_csv,read,"mapping = pd.read_csv(source_to_common_path, dtype=object)"
leap_mappings,codebase/mapping_tools/apply_partitioned_common_esto.py,241,read_csv,read,"source_tree = pd.read_csv(source_tree_path, dtype=object) if source_tree_path is not None else None"
leap_mappings,codebase/mapping_tools/apply_partitioned_common_esto.py,253,read_parquet,read,"[pd.read_parquet(path) for path in sorted((cache_dir / ""partitions"" / key).glob(""*.parquet""))],"
leap_mappings,codebase/mapping_tools/apply_partitioned_common_esto.py,257,write_parquet,write,"lineage.to_parquet(lineage_dir / f""{key}.parquet"", index=False)"
leap_mappings,codebase/mapping_tools/apply_partitioned_common_esto.py,267,write_csv,write,"status.to_csv(staging / ""partition_status.csv"", index=False)"
leap_mappings,codebase/mapping_tools/apply_partitioned_common_esto.py,271,read_csv,read,final = pd.read_csv(final_path)
leap_mappings,codebase/mapping_tools/apply_partitioned_common_esto.py,273,write_csv,write,"final.to_csv(final_path, index=False, float_format=""%.12g"")"
leap_mappings,codebase/mapping_tools/apply_partitioned_common_esto.py,285,write_csv,write,"pd.DataFrame([*status_records, {""status"": ""failed"", ""error"": str(error)}]).to_csv("
leap_mappings,codebase/mapping_tools/apply_source_to_common_esto_map.py,33,read_csv,read,return pd.read_csv(map_path)
leap_mappings,codebase/mapping_tools/apply_subtotal_mismatch_review.py,231,read_csv,read,"review = pd.read_csv(review_csv_path, dtype=object)"
leap_mappings,codebase/mapping_tools/apply_subtotal_mismatch_source_flip.py,67,read_csv,read,"mismatches = pd.read_csv(mismatches_csv_path, dtype=object)"
leap_mappings,codebase/mapping_tools/apply_subtotal_updates.py,149,read_csv,read,"df = pd.read_csv(path, dtype=object)"
leap_mappings,codebase/mapping_tools/apply_subtotal_updates.py,240,read_csv,read,"df = pd.read_csv(draft_path, dtype=object)"
leap_mappings,codebase/mapping_tools/audit_nonzero_mapping_evidence.py,93,read_csv,read,"frame = pd.read_csv(NINTH_PATH, low_memory=False)"
leap_mappings,codebase/mapping_tools/audit_nonzero_mapping_evidence.py,112,read_csv,read,"frame = pd.read_csv(ESTO_PATH, low_memory=False)"
leap_mappings,codebase/mapping_tools/audit_nonzero_mapping_evidence.py,120,read_excel,read,"mapping = pd.read_excel(MAPPING_PATH, sheet_name=""ninth_pairs_to_esto_pairs"", dtype=str).fillna("""")"
leap_mappings,codebase/mapping_tools/audit_nonzero_mapping_evidence.py,160,write_csv,write,"rows.to_csv(detail_path, index=False)"
leap_mappings,codebase/mapping_tools/audit_nonzero_mapping_evidence.py,161,write_csv,write,"ninth.to_csv(source_path, index=False)"
leap_mappings,codebase/mapping_tools/build_common_esto_structure.py,123,read_excel,read,df = pd.read_excel(path)
leap_mappings,codebase/mapping_tools/build_common_esto_structure.py,125,read_csv,read,df = pd.read_csv(path)
leap_mappings,codebase/mapping_tools/build_common_esto_structure.py,237,read_excel,read,"labels_df = pd.read_excel(outlook_mappings_path, sheet_name=""leap_display_names"", dtype=object)"
leap_mappings,codebase/mapping_tools/build_common_esto_structure.py,1645,write_csv,write,"common_rows_df.to_csv(output_dir / ""common_esto_rows.csv"", index=False)"
leap_mappings,codebase/mapping_tools/build_common_esto_structure.py,1646,write_csv,write,"common_rows_df.to_csv(output_dir / ""common_esto_row_components.csv"", index=False)"
leap_mappings,codebase/mapping_tools/build_common_esto_structure.py,1647,write_csv,write,"map_df.to_csv(output_dir / ""esto_to_common_esto_map.csv"", index=False)"
leap_mappings,codebase/mapping_tools/build_common_esto_structure.py,1649,write_csv,write,"df.to_csv(output_dir / f""{name}.csv"", index=False)"
leap_mappings,codebase/mapping_tools/build_common_esto_structure.py,1650,write_excel,write,"with pd.ExcelWriter(output_dir / ""common_esto_rows.xlsx"", engine=""openpyxl"") as writer:"
leap_mappings,codebase/mapping_tools/build_common_esto_structure.py,1651,write_excel,write,"common_rows_df.to_excel(writer, sheet_name=""common_esto_rows"", index=False)"
leap_mappings,codebase/mapping_tools/build_common_esto_structure.py,1652,write_excel,write,"map_df.to_excel(writer, sheet_name=""esto_to_common_esto_map"", index=False)"
leap_mappings,codebase/mapping_tools/build_common_esto_structure.py,1654,write_excel,write,"df.to_excel(writer, sheet_name=name[:31], index=False)"
leap_mappings,codebase/mapping_tools/build_common_esto_structure.py,1655,write_excel,write,"with pd.ExcelWriter(output_dir / ""common_esto_structure.xlsx"", engine=""openpyxl"") as writer:"
leap_mappings,codebase/mapping_tools/build_common_esto_structure.py,1656,write_excel,write,"common_rows_df.to_excel(writer, sheet_name=""common_esto_rows"", index=False)"
leap_mappings,codebase/mapping_tools/build_common_esto_structure.py,1657,write_excel,write,"map_df.to_excel(writer, sheet_name=""esto_to_common_esto_map"", index=False)"
leap_mappings,codebase/mapping_tools/build_common_esto_structure.py,1659,write_excel,write,"df.to_excel(writer, sheet_name=name[:31], index=False)"
leap_mappings,codebase/mapping_tools/build_common_esto_structure.py,1853,read_csv,read,"relationships_df = pd.read_csv(relationships_path, low_memory=False)"
leap_mappings,codebase/mapping_tools/build_dashboard_graph_index.py,433,write_csv,write,"graph_index_df.to_csv(graph_index_path, index=False)"
leap_mappings,codebase/mapping_tools/build_dashboard_graph_index.py,434,write_csv,write,"graph_flow_index_df.to_csv(graph_flow_index_path, index=False)"
leap_mappings,codebase/mapping_tools/build_dashboard_graph_index.py,435,write_csv,write,"graph_product_index_df.to_csv(graph_product_index_path, index=False)"
leap_mappings,codebase/mapping_tools/build_dashboard_graph_index.py,436,write_csv,write,"graph_flow_product_index_df.to_csv(graph_flow_product_index_path, index=False)"
leap_mappings,codebase/mapping_tools/build_dataset_tree_structure.py,127,read_excel,read,"rules = pd.read_excel(workbook_path, sheet_name=""esto_rollup_rules"", dtype=object)"
leap_mappings,codebase/mapping_tools/build_dataset_tree_structure.py,285,read_csv,read,"df = pd.read_csv(data_csv_path, dtype=object)"
leap_mappings,codebase/mapping_tools/build_dataset_tree_structure.py,516,read_csv,read,"df = data_df.copy() if data_df is not None else pd.read_csv(data_csv_path, dtype=object)"
leap_mappings,codebase/mapping_tools/build_dataset_tree_structure.py,534,read_excel,read,"esto_df  = pd.read_excel(workbook_path, sheet_name=""leap_combined_esto"",  dtype=object)"
leap_mappings,codebase/mapping_tools/build_dataset_tree_structure.py,535,read_excel,read,"ninth_df = pd.read_excel(workbook_path, sheet_name=""leap_combined_ninth"", dtype=object)"
leap_mappings,codebase/mapping_tools/build_dataset_tree_structure.py,604,read_csv,read,"df = pd.read_csv(common_rows_path, dtype=object)"
leap_mappings,codebase/mapping_tools/build_dataset_tree_structure.py,676,read_csv,read,"data = pd.read_csv(data_csv_path, dtype=object)"
leap_mappings,codebase/mapping_tools/build_dataset_tree_structure.py,935,read_excel,read,"pairs = pd.read_excel(Path(workbook_path), sheet_name=""ninth_pairs_to_esto_pairs"", dtype=object)"
leap_mappings,codebase/mapping_tools/build_dataset_tree_structure.py,1151,read_csv,read,"df = data_df.copy() if data_df is not None else pd.read_csv(data_csv_path, dtype=object)"
leap_mappings,codebase/mapping_tools/build_dataset_tree_structure.py,1165,read_excel,read,"pairs = pd.read_excel(workbook_path, sheet_name=""ninth_pairs_to_esto_pairs"", dtype=object)"
leap_mappings,codebase/mapping_tools/build_dataset_tree_structure.py,1339,read_excel,read,"pairs = pd.read_excel(workbook_path, sheet_name=""ninth_pairs_to_esto_pairs"", dtype=object).fillna("""")"
leap_mappings,codebase/mapping_tools/build_dataset_tree_structure.py,1350,read_csv,read,"common_rows = pd.read_csv(common_rows_path, dtype=object).fillna("""")"
leap_mappings,codebase/mapping_tools/build_dataset_tree_structure.py,1414,read_csv,read,"df = data_df.copy() if data_df is not None else pd.read_csv(data_csv_path, dtype=object)"
leap_mappings,codebase/mapping_tools/build_dataset_tree_structure.py,1454,read_excel,read,"pairs = pd.read_excel(workbook_path, sheet_name=""ninth_pairs_to_esto_pairs"", dtype=object)"
leap_mappings,codebase/mapping_tools/build_dataset_tree_structure.py,1472,read_csv,read,"common_rows = pd.read_csv(common_rows_path, dtype=object)"
leap_mappings,codebase/mapping_tools/build_dataset_tree_structure.py,1599,read_excel,read,"pairs = pd.read_excel(workbook_path, sheet_name=""ninth_pairs_to_esto_pairs"", dtype=object).fillna("""")"
leap_mappings,codebase/mapping_tools/build_dataset_tree_structure.py,1601,read_csv,read,"common_rows = pd.read_csv(common_rows_path, dtype=object).fillna("""")"
leap_mappings,codebase/mapping_tools/build_dataset_tree_structure.py,1661,read_csv,read,"df = data_df.copy() if data_df is not None else pd.read_csv(data_csv_path, dtype=object)"
leap_mappings,codebase/mapping_tools/build_dataset_tree_structure.py,1697,read_excel,read,"pairs = pd.read_excel(workbook_path, sheet_name=""ninth_pairs_to_esto_pairs"", dtype=object)"
leap_mappings,codebase/mapping_tools/build_dataset_tree_structure.py,1709,read_csv,read,"common_rows = pd.read_csv(common_rows_path, dtype=object)"
leap_mappings,codebase/mapping_tools/build_dataset_tree_structure.py,1798,read_csv,read,"leap_df = pd.concat([pd.read_csv(path, dtype=object) for path in available], ignore_index=True)"
leap_mappings,codebase/mapping_tools/build_dataset_tree_structure.py,1805,read_excel,read,"esto_map = pd.read_excel(workbook_path, sheet_name=""leap_combined_esto"", dtype=object).fillna("""")"
leap_mappings,codebase/mapping_tools/build_dataset_tree_structure.py,1812,read_csv,read,"esto_flows = set(pd.read_csv(esto_data_path, usecols=[""flows""], dtype=object)[""flows""].dropna().map(_str))"
leap_mappings,codebase/mapping_tools/build_dataset_tree_structure.py,1958,read_csv,read,"[pd.read_csv(p, dtype=object) for p in available], ignore_index=True"
leap_mappings,codebase/mapping_tools/build_dataset_tree_structure.py,1967,read_excel,read,"esto_map = pd.read_excel(workbook_path, sheet_name=""leap_combined_esto"", dtype=object)"
leap_mappings,codebase/mapping_tools/build_dataset_tree_structure.py,1981,read_csv,read,"pd.read_csv(esto_data_path, usecols=[""flows""], dtype=object)[""flows""]"
leap_mappings,codebase/mapping_tools/build_dataset_tree_structure.py,2266,read_csv,read,"data = pd.read_csv(data_csv_path, dtype=object)"
leap_mappings,codebase/mapping_tools/build_dataset_tree_structure.py,2481,read_csv,read,"data = pd.read_csv(comparison_data_path, dtype=object)"
leap_mappings,codebase/mapping_tools/build_dataset_tree_structure.py,2782,write_csv,write,"all_trees.to_csv(all_trees_path, index=False)"
leap_mappings,codebase/mapping_tools/build_dataset_tree_structure.py,2792,write_csv,write,"esto_validation.to_csv(esto_val_path, index=False)"
leap_mappings,codebase/mapping_tools/build_dataset_tree_structure.py,2808,write_csv,write,"ninth_validation.to_csv(ninth_val_path, index=False)"
leap_mappings,codebase/mapping_tools/build_dataset_tree_structure.py,2822,write_csv,write,"leap_validation.to_csv(leap_val_path, index=False)"
leap_mappings,codebase/mapping_tools/build_dataset_tree_structure.py,2839,write_csv,write,"common_validation.to_csv(common_val_path, index=False)"
leap_mappings,codebase/mapping_tools/build_dataset_tree_structure.py,2843,write_csv,write,"common_validation.to_csv(common_val_path, index=False)"
leap_mappings,codebase/mapping_tools/build_dataset_tree_structure.py,2884,write_csv,write,"common_validation.to_csv(common_val_path, index=False)"
leap_mappings,codebase/mapping_tools/build_dataset_tree_structure.py,2898,write_csv,write,"non_esto_edges.to_csv(non_esto_edges_path, index=False)"
leap_mappings,codebase/mapping_tools/build_dataset_tree_structure.py,2909,write_csv,write,"df.to_csv(path, index=False)"
leap_mappings,codebase/mapping_tools/build_energy_balance_graph_links.py,355,write_csv,write,"graph_links_df.to_csv(graph_links_path, index=False)"
leap_mappings,codebase/mapping_tools/build_energy_balance_graph_links.py,356,write_csv,write,"dashboard_df.to_csv(dashboard_relationships_path, index=False)"
leap_mappings,codebase/mapping_tools/build_energy_balance_graph_links.py,358,write_csv,write,"qa_df.to_csv(qa_dir / QA_FILENAMES[qa_name], index=False)"
leap_mappings,codebase/mapping_tools/build_energy_balance_graph_links.py,362,write_excel,write,"with pd.ExcelWriter(relationships_workbook_path, engine=""openpyxl"", mode=""a"", if_sheet_exists=""replace"") as writer:"
leap_mappings,codebase/mapping_tools/build_energy_balance_graph_links.py,363,write_excel,write,"graph_links_df.to_excel(writer, sheet_name=""energy_balance_graph_links"", index=False)"
leap_mappings,codebase/mapping_tools/build_energy_balance_graph_links.py,364,write_excel,write,"dashboard_df.to_excel(writer, sheet_name=""dashboard_relationships"", index=False)"
leap_mappings,codebase/mapping_tools/build_energy_balance_graph_links.py,370,write_excel,write,").to_excel(writer, sheet_name=""qa_summary"", index=False)"
leap_mappings,codebase/mapping_tools/build_energy_balance_graph_links.py,371,write_excel,write,"qa_tables[""relationships_not_used_by_template""].to_excel(writer, sheet_name=""qa_missing"", index=False)"
leap_mappings,codebase/mapping_tools/build_energy_balance_graph_links.py,372,write_excel,write,"qa_tables[""duplicate_source_relationships""].to_excel(writer, sheet_name=""qa_duplicates"", index=False)"
leap_mappings,codebase/mapping_tools/build_energy_balance_graph_links.py,373,write_excel,write,"qa_tables[""parent_child_risks""].to_excel(writer, sheet_name=""qa_parent_child_risks"", index=False)"
leap_mappings,codebase/mapping_tools/build_energy_balance_graph_links.py,387,read_csv,read,relationships_df = pd.read_csv(relationships_path)
leap_mappings,codebase/mapping_tools/build_energy_balance_graph_links.py,388,read_csv,read,graph_flow_product_index_df = pd.read_csv(graph_flow_product_index_path)
leap_mappings,codebase/mapping_tools/build_energy_balance_relationships.py,1140,read_excel,read,"return pd.read_excel(workbook_path, sheet_name=sheet_name), workbook_path"
leap_mappings,codebase/mapping_tools/build_energy_balance_relationships.py,1270,read_excel,read,"df = pd.read_excel(workbook_path, sheet_name=""leap_display_names"", dtype=object)"
leap_mappings,codebase/mapping_tools/build_energy_balance_relationships.py,1541,read_excel,read,"df = pd.read_excel(workbook_path, sheet_name=""ESTO unique flows and products"", dtype=object)"
leap_mappings,codebase/mapping_tools/build_energy_balance_relationships.py,1563,read_excel,read,"df = pd.read_excel(workbook_path, sheet_name=""NINTH unique sectors and fuels"", dtype=object)"
leap_mappings,codebase/mapping_tools/build_energy_balance_relationships.py,1813,write_csv,write,"relationship_df.to_csv(output_csv_path, index=False)"
leap_mappings,codebase/mapping_tools/build_energy_balance_relationships.py,1815,write_csv,write,"compact_catalogue_df.to_csv(compact_catalogue_csv_path, index=False)"
leap_mappings,codebase/mapping_tools/build_energy_balance_relationships.py,1818,write_csv,write,"coverage_exclusions_df.to_csv(qa_dir / ""coverage_exclusions.csv"", index=False)"
leap_mappings,codebase/mapping_tools/build_energy_balance_relationships.py,1819,write_csv,write,"esto_combined_rows_df.to_csv(qa_dir / ""esto_combined_rows.csv"", index=False)"
leap_mappings,codebase/mapping_tools/build_energy_balance_relationships.py,1820,write_csv,write,"esto_overrides_df.to_csv(qa_dir / ""common_esto_overrides.csv"", index=False)"
leap_mappings,codebase/mapping_tools/build_energy_balance_relationships.py,1822,write_excel,write,"with pd.ExcelWriter(path, engine=""openpyxl"") as writer:"
leap_mappings,codebase/mapping_tools/build_energy_balance_relationships.py,1823,write_excel,write,"relationship_df.to_excel(writer, sheet_name=""energy_balance_relationships"", index=False)"
leap_mappings,codebase/mapping_tools/build_energy_balance_relationships.py,1824,write_excel,write,"relationship_catalogue_df.to_excel(writer, sheet_name=""relationship_catalogue"", index=False)"
leap_mappings,codebase/mapping_tools/build_energy_balance_relationships.py,1825,write_excel,write,"compact_catalogue_df.to_excel(writer, sheet_name=""relationship_catalogue_6_col"", index=False)"
leap_mappings,codebase/mapping_tools/build_energy_balance_relationships.py,1826,write_excel,write,"coverage_exclusions_df.to_excel(writer, sheet_name=""coverage_exclusions"", index=False)"
leap_mappings,codebase/mapping_tools/build_energy_balance_relationships.py,1827,write_excel,write,"esto_combined_rows_df.to_excel(writer, sheet_name=""esto_combined_rows"", index=False)"
leap_mappings,codebase/mapping_tools/build_energy_balance_relationships.py,1829,write_excel,write,"qa_df.to_excel(writer, sheet_name=QA_SHEET_NAMES.get(qa_name, qa_name[:31]), index=False)"
leap_mappings,codebase/mapping_tools/build_energy_balance_relationships.py,1841,write_csv,write,"qa_df.to_csv(qa_dir / QA_FILENAMES[qa_name], index=False)"
leap_mappings,codebase/mapping_tools/build_energy_balance_relationships.py,1864,read_csv,read,"pd.read_csv(source_path, dtype=object)"
leap_mappings,codebase/mapping_tools/build_energy_balance_relationships.py,1945,write_csv,write,"unknown_esto_qa_df.to_csv(qa_dir / ""qa_unknown_esto_target_flows.csv"", index=False)"
leap_mappings,codebase/mapping_tools/build_energy_balance_relationships.py,1958,write_csv,write,"unknown_ninth_qa_df.to_csv(qa_dir / ""qa_unknown_ninth_target_flows.csv"", index=False)"
leap_mappings,codebase/mapping_tools/build_energy_balance_relationships.py,1980,write_csv,write,"non_expanding_catalogue_df.to_csv(qa_dir / ""non_expanding_rollups.csv"", index=False)"
leap_mappings,codebase/mapping_tools/build_energy_balance_relationships.py,1985,write_csv,write,"}).to_csv(qa_dir / ""rollup_edges.csv"", index=False)"
leap_mappings,codebase/mapping_tools/build_energy_balance_relationships.py,1986,write_csv,write,compile_normalized_rollup_rules(mapping_workbook_path).to_csv(
leap_mappings,codebase/mapping_tools/build_energy_balance_relationships.py,1990,write_csv,write,"non_expanding_unresolved_df.to_csv(qa_dir / ""qa_non_expanding_rollup_unresolved.csv"", index=False)"
leap_mappings,codebase/mapping_tools/build_esto_extended_test.py,207,read_excel,read,"frame = pd.read_excel(path, sheet_name=0, header=2, usecols=[""Branch Path""], dtype=object)"
leap_mappings,codebase/mapping_tools/build_esto_extended_test.py,266,read_excel,read,frame = pd.read_excel(
leap_mappings,codebase/mapping_tools/build_esto_extended_test.py,332,read_excel,read,"mappings = pd.read_excel(mapping_workbook_path, sheet_name=""leap_combined_esto"", dtype=object)"
leap_mappings,codebase/mapping_tools/build_esto_extended_test.py,377,read_csv,read,"esto = pd.read_csv(base_esto_path, usecols=[""flows""], dtype=object)"
leap_mappings,codebase/mapping_tools/build_esto_extended_test.py,615,read_excel,read,"rules = pd.read_excel(mapping_workbook_path, sheet_name=sheet_name, dtype=object).fillna("""")"
leap_mappings,codebase/mapping_tools/build_esto_extended_test.py,741,read_excel,read,"mappings = pd.read_excel(mapping_workbook_path, sheet_name=""leap_combined_esto"", dtype=object).fillna("""")"
leap_mappings,codebase/mapping_tools/build_esto_extended_test.py,1286,read_excel,read,"frame = pd.read_excel(mapping_workbook_path, sheet_name=sheet_name, dtype=object).fillna("""")"
leap_mappings,codebase/mapping_tools/build_esto_extended_test.py,1542,read_csv,read,"esto = pd.read_csv(base_esto_path, dtype=object, low_memory=False)"
leap_mappings,codebase/mapping_tools/build_esto_extended_test.py,1632,write_csv,write,"extended.to_csv(output_paths[""dataset""], index=False)"
leap_mappings,codebase/mapping_tools/build_esto_extended_test.py,1641,write_csv,write,"production_dataset.to_csv(output_paths[""data_dataset""], index=False)"
leap_mappings,codebase/mapping_tools/build_esto_extended_test.py,1642,write_csv,write,"inventory.to_csv(output_paths[""branch_inventory""], index=False)"
leap_mappings,codebase/mapping_tools/build_esto_extended_test.py,1643,write_csv,write,"candidates.to_csv(output_paths[""unmapped_candidates""], index=False)"
leap_mappings,codebase/mapping_tools/build_esto_extended_test.py,1644,write_csv,write,"all_generated.to_csv(output_paths[""generated_rows""], index=False)"
leap_mappings,codebase/mapping_tools/build_esto_extended_test.py,1645,write_csv,write,"rollup_catalogue.to_csv(output_paths[""rollup_catalogue""], index=False)"
leap_mappings,codebase/mapping_tools/build_esto_extended_test.py,1646,write_csv,write,"rollup_generated.to_csv(output_paths[""rollup_rows""], index=False)"
leap_mappings,codebase/mapping_tools/build_esto_extended_test.py,1647,write_csv,write,"rollup_audit.to_csv(output_paths[""rollup_lineage""], index=False)"
leap_mappings,codebase/mapping_tools/build_esto_extended_test.py,1648,write_csv,write,"build_rollup_tree_edges(rollup_catalogue).to_csv(output_paths[""rollup_tree_edges""], index=False)"
leap_mappings,codebase/mapping_tools/build_esto_extended_test.py,1649,write_csv,write,"template_child_candidates.to_csv(output_paths[""template_child_candidates""], index=False)"
leap_mappings,codebase/mapping_tools/build_esto_extended_test.py,1650,write_csv,write,"template_child_evidence.to_csv(output_paths[""template_child_evidence""], index=False)"
leap_mappings,codebase/mapping_tools/build_esto_extended_test.py,1651,write_csv,write,"template_candidate_rows.to_csv(output_paths[""template_candidate_rows""], index=False)"
leap_mappings,codebase/mapping_tools/build_esto_extended_test.py,1652,write_csv,write,"disaggregated_rows.to_csv(output_paths[""disaggregated_rows""], index=False)"
leap_mappings,codebase/mapping_tools/build_esto_extended_test.py,1653,write_csv,write,"disaggregation_audit.to_csv(output_paths[""disaggregation_audit""], index=False)"
leap_mappings,codebase/mapping_tools/build_esto_extended_test.py,1654,write_csv,write,"disaggregation_value_audit.to_csv(output_paths[""disaggregation_value_audit""], index=False)"
leap_mappings,codebase/mapping_tools/build_esto_extended_test.py,1657,write_csv,write,"frame.to_csv(output_paths[f""mapping_candidates_{key}""], index=False)"
leap_mappings,codebase/mapping_tools/build_esto_extended_test.py,1667,write_csv,write,"hierarchy_summary.to_csv(output_paths[""hierarchy_audit_summary""], index=False)"
leap_mappings,codebase/mapping_tools/build_esto_extended_test.py,1668,write_csv,write,"hierarchy_details.to_csv(output_paths[""hierarchy_audit_details""], index=False)"
leap_mappings,codebase/mapping_tools/build_esto_extended_test.py,1679,write_csv,write,").to_csv(output_paths[""rule_summary""], index=False)"
leap_mappings,codebase/mapping_tools/build_esto_extended_test.py,1680,write_csv,write,"extension_candidates.to_csv(output_paths[""extension_candidates""], index=False)"
leap_mappings,codebase/mapping_tools/build_esto_extended_test.py,1681,write_csv,write,"candidate_sets.to_csv(output_paths[""extension_candidate_sets""], index=False)"
leap_mappings,codebase/mapping_tools/build_esto_extended_test.py,1682,write_csv,write,"leap_parent_sets.to_csv(output_paths[""leap_parent_candidate_sets""], index=False)"
leap_mappings,codebase/mapping_tools/build_esto_extended_test.py,1683,write_csv,write,"lng_audit.to_csv(output_paths[""lng_split_audit""], index=False)"
leap_mappings,codebase/mapping_tools/build_esto_extended_test.py,1699,write_csv,write,"registry.to_csv(output_paths[""extension_registry""], index=False)"
leap_mappings,codebase/mapping_tools/build_leap_mapping_candidates.py,51,read_excel,read,"existing = pd.read_excel(MAPPING_PATH, sheet_name=""leap_combined_ninth"", dtype=str).fillna("""")"
leap_mappings,codebase/mapping_tools/build_leap_mapping_candidates.py,60,read_excel,read,"esto = pd.read_excel(MAPPING_PATH, sheet_name=""leap_combined_esto"", dtype=str).fillna("""")"
leap_mappings,codebase/mapping_tools/build_leap_mapping_candidates.py,75,write_csv,write,"result.to_csv(OUTPUT_PATH, index=False)"
leap_mappings,codebase/mapping_tools/build_missing_mapped_esto_rows.py,148,read_excel,read,mappings = pd.read_excel(
leap_mappings,codebase/mapping_tools/build_missing_mapped_esto_rows.py,173,read_csv,read,"header = pd.read_csv(ninth_csv_path, nrows=0).columns.tolist()"
leap_mappings,codebase/mapping_tools/build_missing_mapped_esto_rows.py,180,read_csv,read,ninth = pd.read_csv(
leap_mappings,codebase/mapping_tools/build_missing_mapped_esto_rows.py,530,read_csv,read,"esto = pd.read_csv(esto_csv_path, dtype=object, low_memory=False)"
leap_mappings,codebase/mapping_tools/build_missing_mapped_esto_rows.py,630,read_csv,read,"esto = pd.read_csv(esto_csv_path, dtype=object, low_memory=False)"
leap_mappings,codebase/mapping_tools/build_missing_mapped_esto_rows.py,865,read_csv,read,"esto = pd.read_csv(esto_csv_path, dtype=object, low_memory=False)"
leap_mappings,codebase/mapping_tools/build_missing_mapped_esto_rows.py,988,write_csv,write,"paste_ready.to_csv(output_path, index=False)"
leap_mappings,codebase/mapping_tools/build_missing_mapped_esto_rows.py,989,write_csv,write,"audit.to_csv(audit_path, index=False)"
leap_mappings,codebase/mapping_tools/build_missing_mapped_esto_rows.py,991,read_csv,read,"esto = pd.read_csv(esto_csv_path, dtype=object, low_memory=False)"
leap_mappings,codebase/mapping_tools/build_missing_mapped_esto_rows.py,998,write_csv,write,"filter_audit.to_csv(filter_audit_path, index=False)"
leap_mappings,codebase/mapping_tools/build_missing_mapped_esto_rows.py,1027,write_csv,write,"split_rows.to_csv(split_path, index=False)"
leap_mappings,codebase/mapping_tools/build_missing_mapped_esto_rows.py,1028,write_csv,write,"split_audit.to_csv(split_audit_path, index=False)"
leap_mappings,codebase/mapping_tools/build_missing_mapped_esto_rows.py,1045,write_csv,write,"completion_update.to_csv(completion_update_path, index=False)"
leap_mappings,codebase/mapping_tools/build_missing_mapped_esto_rows.py,1046,write_csv,write,"completion_validation.to_csv(completion_validation_path, index=False)"
leap_mappings,codebase/mapping_tools/build_missing_mapped_esto_rows.py,1088,write_csv,write,"summary.to_csv(output_dir / ""missing_mapped_esto_rows_summary.csv"", index=False)"
leap_mappings,codebase/mapping_tools/build_no_data_mapping_rows.py,49,read_csv,read,"esto_df = pd.read_csv(esto_csv_path, dtype=str, low_memory=False)"
leap_mappings,codebase/mapping_tools/build_no_data_mapping_rows.py,55,read_csv,read,"ninth_df = pd.read_csv(ninth_csv_path, dtype=str, low_memory=False)"
leap_mappings,codebase/mapping_tools/build_no_data_mapping_rows.py,62,read_excel,read,"df = pd.read_excel(workbook_path, sheet_name=sheet_name, dtype=str).fillna("""")"
leap_mappings,codebase/mapping_tools/build_no_data_mapping_rows.py,135,write_csv,write,"leap_esto_flagged.to_csv(leap_esto_path, index=False)"
leap_mappings,codebase/mapping_tools/build_no_data_mapping_rows.py,136,write_csv,write,"leap_ninth_flagged.to_csv(leap_ninth_path, index=False)"
leap_mappings,codebase/mapping_tools/build_no_data_mapping_rows.py,137,write_csv,write,"ninth_esto_flagged.to_csv(ninth_esto_path, index=False)"
leap_mappings,codebase/mapping_tools/build_no_data_mapping_rows.py,143,read_excel,read,"""total_rows"": len(pd.read_excel(workbook_path, sheet_name=""leap_combined_esto"")),"
leap_mappings,codebase/mapping_tools/build_no_data_mapping_rows.py,150,read_excel,read,"""total_rows"": len(pd.read_excel(workbook_path, sheet_name=""leap_combined_ninth"")),"
leap_mappings,codebase/mapping_tools/build_no_data_mapping_rows.py,158,read_excel,read,"pd.read_excel(workbook_path, sheet_name=""ninth_pairs_to_esto_pairs"")"
leap_mappings,codebase/mapping_tools/build_no_data_mapping_rows.py,166,write_csv,write,"summary.to_csv(summary_path, index=False)"
leap_mappings,codebase/mapping_tools/build_source_coverage_mapping_candidates.py,500,read_csv,read,"detail = pd.read_csv(detail_path).fillna("""")"
leap_mappings,codebase/mapping_tools/build_source_coverage_mapping_candidates.py,506,write_csv,write,"frame.to_csv(path, index=False)"
leap_mappings,codebase/mapping_tools/build_source_to_common_esto_map.py,108,read_csv,read,"relationships = pd.read_csv(relationships_path).drop_duplicates(subset=[""relationship_id""])"
leap_mappings,codebase/mapping_tools/build_source_to_common_esto_map.py,111,read_csv,read,esto_to_common = pd.read_csv(esto_to_common_map_path)
leap_mappings,codebase/mapping_tools/build_source_to_common_esto_map.py,174,write_csv,write,"source_to_common_map.to_csv(output_path, index=False)"
leap_mappings,codebase/mapping_tools/build_source_to_common_esto_map.py,176,write_csv,write,"coverage.to_csv(coverage_output_path, index=False)"
leap_mappings,codebase/mapping_tools/build_subtotal_mismatch_review.py,76,read_excel,read,"frame = pd.read_excel(workbook_path, sheet_name=sheet_name, dtype=object)"
leap_mappings,codebase/mapping_tools/build_subtotal_mismatch_review.py,199,write_csv,write,"review.to_csv(output_path, index=False)"
leap_mappings,codebase/mapping_tools/build_valid_nonzero_mapping_candidates.py,51,read_excel,read,"existing = pd.read_excel(MAPPING_PATH, sheet_name=""ninth_pairs_to_esto_pairs"", dtype=str).fillna("""")"
leap_mappings,codebase/mapping_tools/build_valid_nonzero_mapping_candidates.py,81,write_csv,write,"result.to_csv(OUTPUT_PATH, index=False)"
leap_mappings,codebase/mapping_tools/capture_multi_dataset_baseline.py,178,read_csv,read,"header = pd.read_csv(path, nrows=0)"
leap_mappings,codebase/mapping_tools/capture_multi_dataset_baseline.py,182,read_csv,read,for chunk in pd.read_csv(
leap_mappings,codebase/mapping_tools/check_leap_to_esto_conversion_coverage.py,43,read_excel,read,return pd.read_excel(path)
leap_mappings,codebase/mapping_tools/check_leap_to_esto_conversion_coverage.py,44,read_csv,read,return pd.read_csv(path)
leap_mappings,codebase/mapping_tools/check_leap_to_esto_conversion_coverage.py,70,read_csv,read,relationships_df = pd.read_csv(relationships_path)
leap_mappings,codebase/mapping_tools/check_leap_to_esto_conversion_coverage.py,274,write_csv,write,"output_df.to_csv(output_dir / OUTPUT_FILENAMES[name], index=False)"
leap_mappings,codebase/mapping_tools/common_esto_output_contract.py,311,write_csv,write,"fact_df.to_csv(staged_fact, index=False, compression={""method"": ""gzip"", ""mtime"": 0})"
leap_mappings,codebase/mapping_tools/common_esto_output_contract.py,312,write_csv,write,"metadata_df.to_csv(staged_metadata, index=False)"
leap_mappings,codebase/mapping_tools/common_esto_validation_orchestration.py,135,read_excel,read,"rules = pd.read_excel(workbook_path, sheet_name=sheet_name, dtype=object).fillna("""")"
leap_mappings,codebase/mapping_tools/common_esto_validation_orchestration.py,191,read_csv,read,mapping = pd.read_csv(
leap_mappings,codebase/mapping_tools/common_esto_validation_orchestration.py,196,read_excel,read,mapping = pd.read_excel(
leap_mappings,codebase/mapping_tools/common_esto_validation_orchestration.py,226,read_excel,read,"rollups = pd.read_excel(workbook_path, sheet_name=""esto_rollup_rules"", dtype=object).fillna("""")"
leap_mappings,codebase/mapping_tools/common_esto_validation_orchestration.py,295,read_csv,read,"columns = pd.read_csv(path, nrows=0).columns.tolist()"
leap_mappings,codebase/mapping_tools/common_esto_validation_orchestration.py,299,read_csv,read,"data = pd.read_csv(path, usecols=sorted(required), dtype=object)"
leap_mappings,codebase/mapping_tools/common_esto_validation_orchestration.py,369,read_csv,read,"comparison = pd.read_csv(comparison_data_path, dtype=object)"
leap_mappings,codebase/mapping_tools/common_esto_validation_orchestration.py,597,read_csv,read,"data = pd.read_csv(comparison_data_path, dtype=object)"
leap_mappings,codebase/mapping_tools/common_esto_validation_orchestration.py,752,read_csv,read,"data = pd.read_csv(comparison_data_path, dtype=object)"
leap_mappings,codebase/mapping_tools/common_esto_validation_orchestration.py,833,write_csv,write,"source_frontier.to_csv(output_dir / ""common_esto_source_frontier.csv"", index=False)"
leap_mappings,codebase/mapping_tools/common_esto_validation_orchestration.py,896,read_csv,read,"pd.read_csv(comparison_data_path, usecols=[""source_system""])["
leap_mappings,codebase/mapping_tools/common_esto_validation_orchestration.py,999,write_csv,write,"detail_df.to_csv(detail_path, index=False)"
leap_mappings,codebase/mapping_tools/common_esto_validation_orchestration.py,1006,write_csv,write,"grouped_checks_df.to_csv(grouped_checks_path, index=False)"
leap_mappings,codebase/mapping_tools/common_esto_validation_orchestration.py,1018,write_csv,write,"child_detail.to_csv(output_dir / ""common_esto_validation_child_detail.csv"", index=False)"
leap_mappings,codebase/mapping_tools/common_esto_validation_orchestration.py,1019,write_csv,write,"issue_patterns.to_csv(output_dir / ""common_esto_validation_issue_patterns.csv"", index=False)"
leap_mappings,codebase/mapping_tools/common_esto_validation_orchestration.py,1020,write_csv,write,"rollup_diagnosis.to_csv(output_dir / ""common_esto_validation_rollup_diagnosis.csv"", index=False)"
leap_mappings,codebase/mapping_tools/common_esto_validation_orchestration.py,1032,write_csv,write,"rollup_validation.to_csv(output_dir / ""common_esto_rollup_validation.csv"", index=False)"
leap_mappings,codebase/mapping_tools/common_esto_validation_orchestration.py,1033,write_csv,write,rollup_validation_summary.to_csv(
leap_mappings,codebase/mapping_tools/common_esto_validation_orchestration.py,1043,write_csv,write,"by_year_df.to_csv(by_year_path, index=False)"
leap_mappings,codebase/mapping_tools/common_esto_validation_orchestration.py,1047,write_csv,write,"totals_df.to_csv(totals_path, index=False)"
leap_mappings,codebase/mapping_tools/common_esto_validation_orchestration.py,1049,write_csv,write,"pd.DataFrame().to_csv(by_year_path, index=False)"
leap_mappings,codebase/mapping_tools/common_esto_validation_orchestration.py,1050,write_csv,write,"pd.DataFrame().to_csv(totals_path, index=False)"
leap_mappings,codebase/mapping_tools/common_esto_validation_orchestration.py,1062,write_csv,write,"summary_df.to_csv(summary_path, index=False)"
leap_mappings,codebase/mapping_tools/compile_structural_mapping_artifacts.py,330,read_csv,read,"relationships = pd.read_csv(relationships_path, dtype=object)"
leap_mappings,codebase/mapping_tools/compile_structural_mapping_artifacts.py,331,read_csv,read,"common_map = pd.read_csv(common_map_path, dtype=object)"
leap_mappings,codebase/mapping_tools/compile_structural_mapping_artifacts.py,373,write_csv,write,"frame.to_csv(output_dir / f""{name}.csv"", index=False)"
leap_mappings,codebase/mapping_tools/convert_leap_combined_esto_to_esto_first.py,217,read_excel,read,"return pd.read_excel(path, sheet_name=sheet_name)"
leap_mappings,codebase/mapping_tools/convert_leap_combined_esto_to_esto_first.py,219,read_csv,read,return pd.read_csv(path)
leap_mappings,codebase/mapping_tools/convert_leap_combined_esto_to_esto_first.py,770,write_csv,write,"mapping_df.to_csv(output_csv_path, index=False)"
leap_mappings,codebase/mapping_tools/convert_leap_combined_esto_to_esto_first.py,771,write_csv,write,"graph_links_df.to_csv(graph_links_csv_path, index=False)"
leap_mappings,codebase/mapping_tools/convert_leap_combined_esto_to_esto_first.py,772,write_excel,write,"with pd.ExcelWriter(output_xlsx_path, engine=""openpyxl"") as writer:"
leap_mappings,codebase/mapping_tools/convert_leap_combined_esto_to_esto_first.py,773,write_excel,write,"mapping_df.to_excel(writer, sheet_name=""mapping_candidates"", index=False)"
leap_mappings,codebase/mapping_tools/convert_leap_combined_esto_to_esto_first.py,774,write_excel,write,"graph_links_df.to_excel(writer, sheet_name=""graph_links"", index=False)"
leap_mappings,codebase/mapping_tools/convert_leap_combined_esto_to_esto_first.py,777,write_excel,write,"qa_df.to_excel(writer, sheet_name=sheet_name, index=False)"
leap_mappings,codebase/mapping_tools/convert_leap_combined_esto_to_esto_first.py,781,write_csv,write,"qa_df.to_csv(qa_dir / qa_filename, index=False)"
leap_mappings,codebase/mapping_tools/convert_leap_combined_esto_to_esto_first.py,795,read_csv,read,graph_flow_product_index_df = pd.read_csv(graph_flow_product_index_path)
leap_mappings,codebase/mapping_tools/convert_leap_results_to_esto.py,58,read_excel,read,return pd.read_excel(path)
leap_mappings,codebase/mapping_tools/convert_leap_results_to_esto.py,59,read_csv,read,return pd.read_csv(path)
leap_mappings,codebase/mapping_tools/convert_leap_results_to_esto.py,64,read_csv,read,relationships_df = pd.read_csv(relationships_path)
leap_mappings,codebase/mapping_tools/convert_leap_results_to_esto.py,227,read_excel,read,rollup_rules_df = pd.read_excel(
leap_mappings,codebase/mapping_tools/convert_leap_results_to_esto.py,268,write_csv,write,"converted_df.to_csv(output_path, index=False)"
leap_mappings,codebase/mapping_tools/convert_leap_results_to_esto.py,271,write_csv,write,"lineage_df.to_csv(lineage_output_path, index=False)"
leap_mappings,codebase/mapping_tools/convert_leap_results_to_esto.py,276,write_csv,write,"rollup_audit_df.to_csv(rollup_audit_path, index=False)"
leap_mappings,codebase/mapping_tools/dataset_registry.py,83,read_csv,read,"frame = pd.read_csv(path, dtype=str, keep_default_na=False)"
leap_mappings,codebase/mapping_tools/diagnostic_adapter_registry.py,68,read_csv,read,"frame = pd.read_csv(registry_path, dtype=str, keep_default_na=False)"
leap_mappings,codebase/mapping_tools/emissions_factor_resolution.py,241,read_excel,read,"frame = pd.read_excel(path, sheet_name=sheet_name)"
leap_mappings,codebase/mapping_tools/emissions_factor_resolution.py,267,read_csv,read,frame = pd.read_csv(
leap_mappings,codebase/mapping_tools/emissions_factor_resolution.py,311,read_csv,read,"raw = pd.read_csv(_resolve_repo_path(factor_set[""path""]))"
leap_mappings,codebase/mapping_tools/emissions_factor_resolution.py,482,write_csv,write,"factors.to_csv(output_path, index=False)"
leap_mappings,codebase/mapping_tools/esto_exact_rows.py,118,read_csv,read,"df = pd.read_csv(data_path, dtype=object)"
leap_mappings,codebase/mapping_tools/esto_exact_rows.py,123,read_csv,read,"relationships_df = pd.read_csv(relationships_path, dtype=object).fillna("""")"
leap_mappings,codebase/mapping_tools/esto_exact_rows.py,126,read_excel,read,leap_rollup_rules_df = pd.read_excel(
leap_mappings,codebase/mapping_tools/esto_exact_rows.py,150,read_excel,read,"esto_rollup_rules_raw = pd.read_excel(mapping_workbook_path, sheet_name=""esto_rollup_rules"", dtype=object).fillna("""")"
leap_mappings,codebase/mapping_tools/esto_exact_rows.py,234,write_csv,write,"long_df.to_csv(output_path, index=False)"
leap_mappings,codebase/mapping_tools/esto_extended_delta.py,452,read_csv,read,"header = pd.read_csv(path, nrows=0).columns.tolist()"
leap_mappings,codebase/mapping_tools/esto_extended_delta.py,457,read_csv,read,return pd.read_csv(
leap_mappings,codebase/mapping_tools/esto_extended_delta.py,551,write_csv,write,delta.to_csv(
leap_mappings,codebase/mapping_tools/esto_extended_delta.py,648,write_csv,write,"reconstructed.to_csv(output_path, index=False)"
leap_mappings,codebase/mapping_tools/hierarchy_subtotal_adapters.py,178,read_excel,read,"sheet: _active(pd.read_excel(workbook_path, sheet_name=sheet, dtype=object))"
leap_mappings,codebase/mapping_tools/hierarchy_subtotal_adapters.py,253,read_csv,read,"data = data_df.copy() if data_df is not None else pd.read_csv(data_path, dtype=object)"
leap_mappings,codebase/mapping_tools/hierarchy_subtotal_adapters.py,330,read_excel,read,"frame = pd.read_excel(new_branch_inventory_path, sheet_name=sheet, dtype=object)"
leap_mappings,codebase/mapping_tools/hierarchy_subtotal_adapters.py,433,read_csv,read,"tree = pd.read_csv(tree_path, dtype=object)"
leap_mappings,codebase/mapping_tools/hierarchy_subtotal_adapters.py,450,read_excel,read,rules = pd.read_excel(
leap_mappings,codebase/mapping_tools/hierarchy_subtotal_adapters.py,495,read_csv,read,"source = pd.read_csv(tree_path, dtype=object)"
leap_mappings,codebase/mapping_tools/hierarchy_subtotal_adapters.py,574,read_csv,read,common_rows = pd.read_csv(
leap_mappings,codebase/mapping_tools/hierarchy_subtotal_adapters.py,625,read_csv,read,"hierarchy = pd.read_csv(hierarchy_path, dtype=object, keep_default_na=False)"
leap_mappings,codebase/mapping_tools/hierarchy_subtotal_adapters.py,687,read_csv,read,"values = pd.read_csv(values_path, dtype=object)"
leap_mappings,codebase/mapping_tools/hierarchy_subtotal_adapters.py,921,read_csv,read,"header = pd.read_csv(data_path, nrows=0)"
leap_mappings,codebase/mapping_tools/hierarchy_subtotal_adapters.py,937,read_csv,read,"data = pd.read_csv(data_path, usecols=use_columns, dtype=object)"
leap_mappings,codebase/mapping_tools/hierarchy_subtotal_adapters.py,1079,read_csv,read,"header = pd.read_csv(data_path, nrows=0)"
leap_mappings,codebase/mapping_tools/hierarchy_subtotal_adapters.py,1086,read_csv,read,data = pd.read_csv(
leap_mappings,codebase/mapping_tools/hierarchy_subtotal_adapters.py,1196,read_csv,read,"validation = pd.read_csv(validation_path, dtype=object)"
leap_mappings,codebase/mapping_tools/hierarchy_subtotal_contract.py,72,write_csv,write,"return frame.to_csv(index=False, lineterminator=""\n"").encode(""utf-8"")"
leap_mappings,codebase/mapping_tools/hierarchy_subtotal_contract.py,647,read_csv,read,"frame = pd.read_csv(member_path, dtype=object)"
leap_mappings,codebase/mapping_tools/hierarchy_subtotal_review.py,103,read_excel,read,workbook_sheets = pd.read_excel(
leap_mappings,codebase/mapping_tools/hierarchy_subtotal_review.py,219,read_excel,read,"frame = pd.read_excel(exception_workbook_path, sheet_name=sheet, dtype=object)"
leap_mappings,codebase/mapping_tools/hierarchy_subtotal_review.py,266,write_csv,write,"frame.to_csv(output_dir / f""{name}.csv"", index=False, lineterminator=""\n"")"
leap_mappings,codebase/mapping_tools/infer_subtotal_labels.py,173,read_csv,read,return pd.read_csv(path)
leap_mappings,codebase/mapping_tools/infer_subtotal_labels.py,694,write_csv,write,"rollup_df.to_csv(out_path, index=False)"
leap_mappings,codebase/mapping_tools/infer_subtotal_labels.py,703,write_csv,write,"esto_df.to_csv(out_path, index=False)"
leap_mappings,codebase/mapping_tools/infer_subtotal_labels.py,712,write_csv,write,"ninth_df.to_csv(out_path, index=False)"
leap_mappings,codebase/mapping_tools/infer_subtotal_labels.py,721,write_csv,write,"leap_df.to_csv(out_path, index=False)"
leap_mappings,codebase/mapping_tools/inverted_conservation_validation.py,867,read_csv,read,"esto_columns = pd.read_csv(raw_paths[""ESTO""], nrows=0).columns"
leap_mappings,codebase/mapping_tools/inverted_conservation_validation.py,880,read_csv,read,"structural = pd.read_csv(structural_path, dtype=object)"
leap_mappings,codebase/mapping_tools/inverted_conservation_validation.py,881,read_csv,read,"tree = pd.read_csv(tree_path, dtype=object)"
leap_mappings,codebase/mapping_tools/inverted_conservation_validation.py,882,read_csv,read,"ninth_fuel_validation = pd.read_csv(ninth_fuel_validation_path, dtype=object)"
leap_mappings,codebase/mapping_tools/inverted_conservation_validation.py,932,write_csv,write,"contributions.to_csv(staging / ""inverted_conservation_contributors.csv"", index=False)"
leap_mappings,codebase/mapping_tools/inverted_conservation_validation.py,933,write_csv,write,"summary.to_csv(staging / ""inverted_conservation_summary.csv"", index=False)"
leap_mappings,codebase/mapping_tools/inverted_conservation_validation.py,934,write_csv,write,"counterpart.to_csv(staging / ""inverted_conservation_no_counterpart.csv"", index=False)"
leap_mappings,codebase/mapping_tools/inverted_conservation_validation.py,935,write_csv,write,"variant_coverage.to_csv(staging / ""inverted_conservation_variant_coverage.csv"", index=False)"
leap_mappings,codebase/mapping_tools/leap_pair_registry.py,578,read_excel,read,frame = pd.read_excel(
leap_mappings,codebase/mapping_tools/leap_pair_registry.py,616,read_excel,read,frame = pd.read_excel(
leap_mappings,codebase/mapping_tools/leap_pair_registry.py,864,read_csv,read,"return pd.read_csv(registry_path, low_memory=False), manifest"
leap_mappings,codebase/mapping_tools/leap_pair_registry.py,873,write_csv,write,"registry.to_csv(registry_path, index=False)"
leap_mappings,codebase/mapping_tools/leap_pair_registry.py,874,write_csv,write,"diagnostics.to_csv(diagnostics_path, index=False)"
leap_mappings,codebase/mapping_tools/mapping_candidate_generation.py,141,read_csv,read,"header = pd.read_csv(ninth_csv_path, nrows=0).columns.tolist()"
leap_mappings,codebase/mapping_tools/mapping_candidate_generation.py,147,read_csv,read,"raw_df = pd.read_csv(ninth_csv_path, usecols=required_columns + projection_columns, dtype=object)"
leap_mappings,codebase/mapping_tools/mapping_sheet_registry.py,75,read_csv,read,"frame = pd.read_csv(registry_path, dtype=str, keep_default_na=False)"
leap_mappings,codebase/mapping_tools/non_expanding_rollups.py,138,read_excel,read,"rules_df = pd.read_excel(workbook_path, sheet_name=sheet_name, dtype=object).fillna("""")"
leap_mappings,codebase/mapping_tools/non_expanding_rollups.py,182,read_excel,read,"rules_df = pd.read_excel(workbook_path, sheet_name=sheet_name, dtype=object).fillna("""")"
leap_mappings,codebase/mapping_tools/non_expanding_rollups.py,218,read_excel,read,rules_df = pd.read_excel(
leap_mappings,codebase/mapping_tools/non_expanding_rollups.py,555,read_csv,read,existing = pd.read_csv(qa_path)
leap_mappings,codebase/mapping_tools/non_expanding_rollups.py,566,write_csv,write,"combined.to_csv(qa_path, index=False)"
leap_mappings,codebase/mapping_tools/parse_leap_balance_export.py,415,write_csv,write,"combined.to_csv(output_path, index=False)"
leap_mappings,codebase/mapping_tools/reconcile_anchor_validation.py,155,read_csv,read,"for chunk in pd.read_csv(path, dtype=object, chunksize=chunksize):"
leap_mappings,codebase/mapping_tools/reconcile_anchor_validation.py,785,read_csv,read,"header = pd.read_csv(path, nrows=0)"
leap_mappings,codebase/mapping_tools/reconcile_anchor_validation.py,921,read_csv,read,"for chunk in pd.read_csv(raw_path, dtype=object, chunksize=chunksize):"
leap_mappings,codebase/mapping_tools/reconcile_anchor_validation.py,991,read_csv,read,"structural = pd.read_csv(structural_path, dtype=object)"
leap_mappings,codebase/mapping_tools/reconcile_anchor_validation.py,992,read_csv,read,"tree = pd.read_csv(tree_path, dtype=object)"
leap_mappings,codebase/mapping_tools/reconcile_anchor_validation.py,1002,write_csv,write,"checks.to_csv(staging / ""validation_summary.csv"", index=False)"
leap_mappings,codebase/mapping_tools/reconcile_anchor_validation.py,1003,write_csv,write,"classification.to_csv(staging / ""parent_boundary_classification.csv"", index=False)"
leap_mappings,codebase/mapping_tools/reconcile_anchor_validation.py,1004,write_csv,write,"pd.DataFrame(columns=DETAIL_COLUMNS).to_csv(staging / ""validation_failures.csv"", index=False)"
leap_mappings,codebase/mapping_tools/reconcile_anchor_validation.py,1005,write_csv,write,"pd.DataFrame(columns=DETAIL_COLUMNS).to_csv(staging / ""unmatched_unanchorable_boundaries.csv"", index=False)"
leap_mappings,codebase/mapping_tools/reconcile_anchor_validation.py,1006,write_csv,write,"pd.DataFrame([{""mode"": mode, ""status"": ""complete""}]).to_csv("
leap_mappings,codebase/mapping_tools/reconcile_anchor_validation.py,1081,write_csv,write,"summary.to_csv(staging / ""validation_summary.csv"", index=False)"
leap_mappings,codebase/mapping_tools/reconcile_anchor_validation.py,1082,write_csv,write,"failures.to_csv(staging / ""validation_failures.csv"", index=False)"
leap_mappings,codebase/mapping_tools/reconcile_anchor_validation.py,1083,write_csv,write,"unanchorable.to_csv(staging / ""unmatched_unanchorable_boundaries.csv"", index=False)"
leap_mappings,codebase/mapping_tools/reconcile_anchor_validation.py,1084,write_csv,write,"pd.DataFrame(accounting_records).to_csv(staging / ""partition_status_and_value_accounting.csv"", index=False)"
leap_mappings,codebase/mapping_tools/reconcile_anchor_validation.py,1089,write_csv,write,"pass_summary.to_csv(staging / ""validation_pass_summary.csv"", index=False)"
leap_mappings,codebase/mapping_tools/reconcile_anchor_validation.py,1090,write_csv,write,passes.sort_values(DETAIL_COLUMNS[:6]).head(pass_sample_size).to_csv(
leap_mappings,codebase/mapping_tools/reconcile_anchor_validation.py,1136,read_csv,read,"structural = pd.read_csv(structural_path, dtype=object)"
leap_mappings,codebase/mapping_tools/reconcile_anchor_validation.py,1137,read_csv,read,"tree = pd.read_csv(tree_path, dtype=object)"
leap_mappings,codebase/mapping_tools/reconcile_anchor_validation.py,1194,write_csv,write,"contributions_all.to_csv(staging / ""anchor_contribution_breakdown.csv"", index=False)"
leap_mappings,codebase/mapping_tools/reconcile_anchor_validation.py,1195,write_csv,write,"summary_all.to_csv(staging / ""anchor_contribution_summary.csv"", index=False)"
leap_mappings,codebase/mapping_tools/rollup_label_overrides.py,100,read_excel,read,"frame = pd.read_excel(workbook_path, sheet_name=sheet_name, dtype=object).fillna("""")"
leap_mappings,codebase/mapping_tools/rollup_label_overrides.py,321,read_excel,read,overrides_df = pd.read_excel(
leap_mappings,codebase/mapping_tools/rollup_sheet_registry.py,96,read_csv,read,"frame = pd.read_csv(registry_path, dtype=str, keep_default_na=False)"
leap_mappings,codebase/mapping_tools/rollup_sheet_registry.py,179,read_excel,read,rules = pd.read_excel(
leap_mappings,codebase/mapping_tools/source_branch_preflight.py,101,read_csv,read,"rules_df = pd.read_csv(path, dtype=object).fillna("""")"
leap_mappings,codebase/mapping_tools/source_branch_preflight.py,449,write_csv,write,"fallback_audit_df.to_csv(audit_output_dir / ""leap_source_branch_fallback_audit.csv"", index=False)"
leap_mappings,codebase/mapping_tools/source_branch_preflight.py,450,write_csv,write,all_demand_warnings_df.to_csv(
leap_mappings,codebase/mapping_tools/source_coverage_audit.py,176,read_csv,read,"header = pd.read_csv(path, nrows=0)"
leap_mappings,codebase/mapping_tools/source_coverage_audit.py,184,read_csv,read,"for chunk in pd.read_csv(path, usecols=usecols, chunksize=chunksize, low_memory=False):"
leap_mappings,codebase/mapping_tools/source_coverage_audit.py,225,read_csv,read,"frame = pd.read_csv(path, low_memory=False)"
leap_mappings,codebase/mapping_tools/source_coverage_audit.py,252,read_excel,read,"frame = pd.read_excel(path, sheet_name=sheet_name, dtype=object).fillna("""")"
leap_mappings,codebase/mapping_tools/source_coverage_audit.py,275,read_excel,read,"frame = pd.read_excel(path, sheet_name=""Export"", header=2, usecols=[""Branch Path""])"
leap_mappings,codebase/mapping_tools/source_coverage_audit.py,395,write_csv,write,"detail.to_csv(paths[""detail""], index=False)"
leap_mappings,codebase/mapping_tools/source_coverage_audit.py,396,write_csv,write,"gaps.to_csv(paths[""gaps""], index=False)"
leap_mappings,codebase/mapping_tools/source_coverage_audit.py,397,write_csv,write,"summary.to_csv(paths[""summary""], index=False)"
leap_mappings,codebase/mapping_tools/source_coverage_audit.py,398,write_csv,write,"source_inventory.to_csv(paths[""source_inventory""], index=False)"
leap_mappings,codebase/mapping_tools/source_parent_anchor_validation.py,2174,read_csv,read,"available_columns = pd.read_csv(data_path, nrows=0).columns.tolist()"
leap_mappings,codebase/mapping_tools/source_parent_anchor_validation.py,2198,read_csv,read,return pd.read_csv(
leap_mappings,codebase/mapping_tools/source_parent_anchor_validation.py,2309,read_excel,read,"pd.read_excel(workbook_path, sheet_name=""ninth_pairs_to_esto_pairs"", dtype=object)"
leap_mappings,codebase/mapping_tools/source_parent_anchor_validation.py,2326,read_csv,read,"leap = pd.read_csv(raw_leap_path, dtype=object).rename(columns={"
leap_mappings,codebase/mapping_tools/source_parent_anchor_validation.py,2336,read_excel,read,"pd.read_excel(workbook_path, sheet_name=""leap_combined_esto"", dtype=object)"
leap_mappings,codebase/mapping_tools/target_share_allocation.py,199,read_csv,read,"df = pd.read_csv(esto_csv_path, dtype=object)"
leap_mappings,codebase/mapping_tools/update_leap_display_names.py,245,read_excel,read,df = pd.read_excel(
leap_mappings,codebase/mapping_tools/update_leap_display_names.py,280,read_excel,read,leap_esto_df = pd.read_excel(
leap_mappings,codebase/mapping_tools/update_leap_display_names.py,283,read_excel,read,leap_ninth_df = pd.read_excel(
leap_mappings,codebase/mapping_tools/update_leap_display_names.py,521,write_csv,write,"proposed_df.to_csv(proposed_path, index=False)"
leap_mappings,codebase/mapping_tools/update_leap_display_names.py,530,write_csv,write,"proposed_df.to_csv(fallback, index=False)"
leap_mappings,codebase/mapping_tools/update_leap_display_names.py,543,write_csv,write,"qa_csv_df.to_csv(qa_path, index=False)"
leap_mappings,codebase/mapping_tools/update_leap_display_names.py,547,write_csv,write,"qa_csv_df.to_csv(fallback, index=False)"
leap_mappings,codebase/mapping_tools/update_leap_display_names.py,571,read_excel,read,leap_esto_df = pd.read_excel(
leap_mappings,codebase/mapping_tools/update_leap_display_names.py,574,read_excel,read,leap_ninth_df = pd.read_excel(
leap_mappings,codebase/mapping_tools/value_adapter_registry.py,76,read_csv,read,"frame = pd.read_csv(registry_path, dtype=str, keep_default_na=False)"
leap_mappings,codebase/mapping_tools/value_adapter_registry.py,257,read_csv,read,"values = pd.read_csv(input_path, dtype=object)"
leap_mappings,codebase/mapping_tools/value_adapter_registry.py,276,write_csv,write,"values.to_csv(output_path, index=False)"
leap_mappings,codebase/mapping_tools/verify_ninth_mirror_row_candidates.py,326,read_csv,read,"ninth_df = pd.read_csv(args.ninth_path, dtype=object)"
leap_mappings,codebase/mapping_tools/verify_ninth_mirror_row_candidates.py,327,read_csv,read,"anchor_df = pd.read_csv(args.anchor_path, dtype=object)"
leap_mappings,codebase/mapping_tools/verify_ninth_mirror_row_candidates.py,352,write_csv,write,"product_confirmed.to_csv(args.out_dir / ""verify_product_confirmed.csv"", index=False)"
leap_mappings,codebase/mapping_tools/verify_ninth_mirror_row_candidates.py,353,write_csv,write,"product_not_confirmed.to_csv(args.out_dir / ""verify_product_not_confirmed.csv"", index=False)"
leap_mappings,codebase/mapping_tools/verify_ninth_mirror_row_candidates.py,354,write_csv,write,"product_sanity.to_csv(args.out_dir / ""verify_product_sanity_mismatches.csv"", index=False)"
leap_mappings,codebase/mapping_tools/verify_ninth_mirror_row_candidates.py,359,write_csv,write,"flow_confirmed.to_csv(args.out_dir / ""verify_flow_confirmed.csv"", index=False)"
leap_mappings,codebase/mapping_tools/verify_ninth_mirror_row_candidates.py,360,write_csv,write,"flow_not_confirmed.to_csv(args.out_dir / ""verify_flow_not_confirmed.csv"", index=False)"
leap_mappings,codebase/scrapbook/rollup_mode_ab_exploration.py,62,read_csv,read,"for chunk in pd.read_csv(comparison_data_path, chunksize=CHUNK_SIZE, dtype=object):"
leap_mappings,codebase/scrapbook/rollup_mode_ab_exploration.py,71,write_csv,write,"selected.to_csv(output_path, mode=""a"", index=False, header=not wrote_header)"
leap_mappings,codebase/scrapbook/rollup_mode_ab_exploration.py,125,write_csv,write,"detail_df.to_csv(variant_dir / ""validation_detail_returned.csv"", index=False)"
leap_mappings,codebase/scrapbook/rollup_mode_ab_exploration.py,126,write_csv,write,"summary_df.to_csv(variant_dir / ""validation_summary_returned.csv"", index=False)"
leap_mappings,codebase/scrapbook/rollup_mode_ab_exploration.py,205,write_csv,write,"changed.to_csv(output_root / f""delta_from_baseline_{variant_name}.csv"", index=False)"
leap_mappings,codebase/scrapbook/rollup_mode_ab_exploration.py,218,write_csv,write,summary.to_csv(
leap_mappings,codebase/scrapbook/rollup_mode_ab_exploration.py,234,write_csv,write,"slice_summary.to_csv(run_dir / ""comparison_slice_summary.csv"", index=False)"
leap_mappings,codebase/scrapbook/rollup_mode_ab_exploration.py,248,write_csv,write,"pd.DataFrame(summaries).to_csv(run_dir / ""ab_summary.csv"", index=False)"
leap_mappings,codebase/utilities/build_canonical_mapping_views.py,48,write_csv,write,"df.to_csv(path, index=False)"
leap_mappings,codebase/utilities/energy_balance_template_extractor.py,127,write_csv,write,"conflict_rows.to_csv(output_path, index=False)"
leap_mappings,codebase/utilities/energy_balance_template_extractor.py,315,read_excel,read,"return pd.read_excel(path, sheet_name=sheet_name, **kwargs)"
leap_mappings,codebase/utilities/energy_balance_template_extractor.py,1821,write_csv,write,"raw_long.to_csv(raw_path, index=False)"
leap_mappings,codebase/utilities/energy_balance_template_extractor.py,1822,write_csv,write,"mapped_long.to_csv(mapped_path, index=False)"
leap_mappings,codebase/utilities/energy_balance_template_extractor.py,1823,write_csv,write,"simple_main.to_csv(main_simple_path, index=False)"
leap_mappings,codebase/utilities/energy_balance_template_extractor.py,1824,write_csv,write,"coverage.to_csv(coverage_path, index=False)"
leap_mappings,codebase/utilities/energy_balance_template_extractor.py,1825,write_csv,write,"unit_diag.to_csv(unit_diag_path, index=False)"
leap_mappings,codebase/utilities/energy_balance_template_extractor.py,1826,write_csv,write,"report[""diagnostics""].to_csv(diag_path, index=False)"
leap_mappings,codebase/utilities/energy_balance_template_extractor.py,1827,write_csv,write,"report[""many_to_many_is_ok_diagnostics""].to_csv(many_to_many_diag_path, index=False)"
leap_mappings,codebase/utilities/energy_balance_template_extractor.py,1828,write_csv,write,"pd.DataFrame([report[""summary""]]).to_csv(summary_path, index=False)"
leap_mappings,codebase/utilities/leap_balance_export_resolver.py,456,read_excel,read,"raw = pd.read_excel(workbook, sheet_name=sheet_name, header=None)"
leap_mappings,codebase/utilities/leap_results_dashboard_balance.py,383,read_excel,read,"frame = pd.read_excel(workbook, sheet_name=sheet_name, dtype=str).fillna("""")"
leap_mappings,codebase/utilities/leap_results_dashboard_balance.py,1785,read_excel,read,"mapping = pd.read_excel(mapping_workbook_path, sheet_name=sheet_name, dtype=str).fillna("""")"
leap_mappings,codebase/utilities/leap_results_dashboard_balance.py,1950,write_excel,write,with pd.ExcelWriter(output_path) as writer:
leap_mappings,codebase/utilities/leap_results_dashboard_balance.py,1951,write_excel,write,"esto_candidates.to_excel(writer, sheet_name=""esto_missing_paths"", index=False)"
leap_mappings,codebase/utilities/leap_results_dashboard_balance.py,1952,write_excel,write,"ninth_candidates.to_excel(writer, sheet_name=""ninth_missing_paths"", index=False)"
leap_mappings,codebase/utilities/leap_results_dashboard_balance.py,1953,write_excel,write,"summary.to_excel(writer, sheet_name=""summary"", index=False)"
leap_mappings,codebase/utilities/leap_results_dashboard_balance.py,2054,write_excel,write,with pd.ExcelWriter(output_path) as writer:
leap_mappings,codebase/utilities/leap_results_dashboard_balance.py,2055,write_excel,write,"leap_missing.to_excel(writer, sheet_name=""missing_leap_pairs_nonzero"", index=False)"
leap_mappings,codebase/utilities/leap_results_dashboard_balance.py,2056,write_excel,write,"ninth_missing.to_excel(writer, sheet_name=""missing_ninth_pairs_nonzero"", index=False)"
leap_mappings,codebase/utilities/leap_results_dashboard_balance.py,2057,write_excel,write,"esto_missing.to_excel(writer, sheet_name=""missing_esto_pairs_nonzero"", index=False)"
leap_mappings,codebase/utilities/leap_results_dashboard_balance.py,2058,write_excel,write,"summary.to_excel(writer, sheet_name=""summary"", index=False)"
leap_mappings,codebase/utilities/leap_results_dashboard_balance.py,2403,read_excel,read,"mapping = pd.read_excel(mapping_workbook_path, sheet_name=sheet_name, dtype=str).fillna("""")"
leap_mappings,codebase/utilities/leap_results_dashboard_balance.py,2653,read_excel,read,"mapping = pd.read_excel(mapping_workbook_path, sheet_name=mapping_sheet_name, dtype=str).fillna("""")"
leap_mappings,codebase/utilities/leap_results_dashboard_balance.py,2959,write_excel,write,with pd.ExcelWriter(output_path) as writer:
leap_mappings,codebase/utilities/leap_results_dashboard_balance.py,2960,write_excel,write,"all_chart_groups_sheet_df.to_excel(writer, sheet_name=""all_chart_groups"", index=False)"
leap_mappings,codebase/utilities/leap_results_dashboard_balance.py,2961,write_excel,write,"chart_group_exposure.to_excel(writer, sheet_name=""chart_group_exposure"", index=False)"
leap_mappings,codebase/utilities/leap_results_dashboard_balance.py,2962,write_excel,write,"missing_leap.to_excel(writer, sheet_name=""missing_leap_pairs_nonzero"", index=False)"
leap_mappings,codebase/utilities/leap_results_dashboard_balance.py,2963,write_excel,write,"missing_ninth.to_excel(writer, sheet_name=""missing_ninth_dashboard_pairs"", index=False)"
leap_mappings,codebase/utilities/leap_results_dashboard_balance.py,2964,write_excel,write,"missing_esto.to_excel(writer, sheet_name=""missing_esto_dashboard_pairs"", index=False)"
leap_mappings,codebase/utilities/leap_results_dashboard_balance.py,2965,write_excel,write,"duplicate_ninth.to_excel(writer, sheet_name=""duplicate_ninth_dashboard_pairs"", index=False)"
leap_mappings,codebase/utilities/leap_results_dashboard_balance.py,2966,write_excel,write,"duplicate_esto.to_excel(writer, sheet_name=""duplicate_esto_dashboard_pairs"", index=False)"
leap_mappings,codebase/utilities/leap_results_dashboard_balance.py,2967,write_excel,write,"allowed_many_to_one_esto.to_excel(writer, sheet_name=""allowed_many_to_one_esto"", index=False)"
leap_mappings,codebase/utilities/leap_results_dashboard_balance.py,2968,write_excel,write,"split_components.to_excel(writer, sheet_name=""split_esto_mapping_components"", index=False)"
leap_mappings,codebase/utilities/leap_results_dashboard_balance.py,2969,write_excel,write,"parent_child_warnings.to_excel(writer, sheet_name=""parent_child_esto_warnings"", index=False)"
leap_mappings,codebase/utilities/leap_results_dashboard_balance.py,2970,write_excel,write,"summary.to_excel(writer, sheet_name=""summary"", index=False)"
leap_mappings,codebase/utilities/leap_results_dashboard_balance.py,3023,read_csv,read,"chart_groups = pd.read_csv(chart_path, dtype=str).fillna("""")"
leap_mappings,codebase/utilities/leap_results_dashboard_balance.py,3565,write_excel,write,with pd.ExcelWriter(output_path) as writer:
leap_mappings,codebase/utilities/leap_results_dashboard_balance.py,3566,write_excel,write,"empty.to_excel(writer, sheet_name=""missing_exact_9th_pairs"", index=False)"
leap_mappings,codebase/utilities/leap_results_dashboard_balance.py,3567,write_excel,write,"empty.to_excel(writer, sheet_name=""missing_uncovered_9th_pairs"", index=False)"
leap_mappings,codebase/utilities/leap_results_dashboard_balance.py,3568,write_excel,write,"empty.to_excel(writer, sheet_name=""all_9th_data_paths"", index=False)"
leap_mappings,codebase/utilities/leap_results_dashboard_balance.py,3569,write_excel,write,"empty_hierarchy.to_excel(writer, sheet_name=""missing_hierarchy_pairs"", index=False)"
leap_mappings,codebase/utilities/leap_results_dashboard_balance.py,3570,write_excel,write,"empty_hierarchy.to_excel(writer, sheet_name=""all_hierarchy_pairs"", index=False)"
leap_mappings,codebase/utilities/leap_results_dashboard_balance.py,3791,write_excel,write,with pd.ExcelWriter(output_path) as writer:
leap_mappings,codebase/utilities/leap_results_dashboard_balance.py,3792,write_excel,write,"missing_exact.to_excel(writer, sheet_name=""missing_exact_9th_pairs"", index=False)"
leap_mappings,codebase/utilities/leap_results_dashboard_balance.py,3793,write_excel,write,"missing_uncovered.to_excel(writer, sheet_name=""missing_uncovered_9th_pairs"", index=False)"
leap_mappings,codebase/utilities/leap_results_dashboard_balance.py,3794,write_excel,write,"all_data.to_excel(writer, sheet_name=""all_9th_data_paths"", index=False)"
leap_mappings,codebase/utilities/leap_results_dashboard_balance.py,3795,write_excel,write,"missing_hierarchy.to_excel(writer, sheet_name=""missing_hierarchy_pairs"", index=False)"
leap_mappings,codebase/utilities/leap_results_dashboard_balance.py,3796,write_excel,write,"all_hierarchy.to_excel(writer, sheet_name=""all_hierarchy_pairs"", index=False)"
leap_mappings,codebase/utilities/leap_results_dashboard_balance.py,3797,write_excel,write,"summary.to_excel(writer, sheet_name=""summary"", index=False)"
leap_mappings,codebase/utilities/leap_results_dashboard_balance.py,5275,write_csv,write,"df.to_csv(output_path, index=False)"
leap_mappings,codebase/utilities/leap_results_dashboard_balance.py,7015,write_csv,write,").sort_values([""dashboard_path"", ""template_order"", ""chart_group_key"", ""sheet"", ""measure"", ""fuel"", ""esto_flow"", ""esto_product""]).to_csv(csv_path, index=False)"
leap_mappings,codebase/utilities/leap_results_dashboard_balance.py,7326,write_csv,write,"exposed_df.to_csv(chart_group_path, index=False)"
leap_mappings,codebase/utilities/leap_results_dashboard_balance.py,7355,write_csv,write,"all_chart_groups_df.to_csv(all_chart_groups_path, index=False)"
leap_mappings,codebase/utilities/leap_results_dashboard_balance.py,7408,write_csv,write,"empty_pages_df.to_csv(empty_pages_path, index=False)"
leap_mappings,codebase/utilities/master_config.py,79,read_excel,read,"return pd.read_excel(MASTER_CONFIG_PATH, sheet_name=sheet_name, **kwargs)"
leap_mappings,codebase/utilities/master_config.py,101,read_excel,read,"return pd.read_excel(path, **kwargs)"
leap_mappings,codebase/utilities/master_config.py,104,read_csv,read,"return pd.read_csv(path, **kwargs)"
leap_mappings,codebase/utilities/workflow_outputs.py,148,read_csv,read,"return pd.read_csv(path, nrows=0).columns.astype(str).tolist()"
leap_mappings,codebase/utilities/workflow_outputs.py,154,read_excel,read,"return pd.read_excel(path, sheet_name=first_sheet, nrows=0).columns.astype(str).tolist()"
leap_mappings,codebase/utilities/leap_results_dashboard_v2/config_loader.py,51,write_csv,write,"conflicts.to_csv(out, index=False)"
leap_mappings,codebase/utilities/leap_results_dashboard_v2/derived_transformation_metrics.py,280,read_csv,read,df = pd.read_csv(path)
leap_mappings,codebase/utilities/leap_results_dashboard_v2/derived_transformation_metrics.py,328,read_csv,read,df = pd.read_csv(path)
leap_mappings,codebase/utilities/leap_results_dashboard_v2/derived_transformation_metrics.py,1182,write_csv,write,"derived_leap_long.to_csv(data_path, index=False)"
leap_mappings,codebase/utilities/leap_results_dashboard_v2/derived_transformation_metrics.py,1188,write_csv,write,"derived_leap_long.to_csv(fallback_data_path, index=False)"
leap_mappings,codebase/utilities/leap_results_dashboard_v2/derived_transformation_metrics.py,1192,write_csv,write,"leap_audit.to_csv(leap_audit_path, index=False)"
leap_mappings,codebase/utilities/leap_results_dashboard_v2/derived_transformation_metrics.py,1196,write_csv,write,"comparison_audit.to_csv(comparison_audit_path, index=False)"
leap_mappings,codebase/utilities/leap_results_dashboard_v2/derived_transformation_metrics.py,1200,write_csv,write,"summary.to_csv(summary_path, index=False)"
leap_mappings,codebase/utilities/leap_results_dashboard_v2/leap_loader.py,38,read_csv,read,frame = pd.read_csv(candidate)
leap_mappings,codebase/utilities/leap_results_dashboard_v2/output_writer.py,29,write_csv,write,"comparison_long.to_csv(comparison_long_path, index=False)"
leap_mappings,codebase/utilities/leap_results_dashboard_v2/output_writer.py,30,write_csv,write,"comparison_wide.to_csv(comparison_wide_path, index=False)"
leap_mappings,codebase/utilities/leap_results_dashboard_v2/output_writer.py,32,write_csv,write,"leap_long.to_csv(leap_long_path, index=False)"
leap_mappings,codebase/utilities/leap_results_dashboard_v2/output_writer.py,46,write_csv,write,"atomic_comparison_long.to_csv(p, index=False)"
leap_mappings,codebase/utilities/leap_results_dashboard_v2/output_writer.py,50,write_csv,write,"atomic_comparison_wide.to_csv(p, index=False)"
leap_mappings,codebase/utilities/leap_results_dashboard_v2/output_writer.py,54,write_csv,write,"atomic_mapping_edges.to_csv(p, index=False)"
leap_mappings,codebase/utilities/leap_results_dashboard_v2/output_writer.py,58,write_csv,write,"atomic_validation_report.to_csv(p, index=False)"
leap_mappings,codebase/utilities/leap_results_dashboard_v2/shadow_compare.py,11,read_csv,read,return pd.read_csv(path)
leap_mappings,codebase/utilities/leap_results_dashboard_v2/shadow_compare.py,51,write_csv,write,"diff_rows.to_csv(detail, index=False)"
leap_mappings,codebase/utilities/leap_results_dashboard_v2/shadow_compare.py,55,write_csv,write,"pd.DataFrame(rows).to_csv(out_path, index=False)"
leap_mappings,outputs/019fc2a9-cf44-7671-b580-29079f59a49d/build_apec_anchor_exception_set.py,84,read_csv,read,"diagnostics = pd.read_csv(SOURCE_CSV, low_memory=False)"
leap_mappings,outputs/019fc2a9-cf44-7671-b580-29079f59a49d/prepare_apec_anchor_review_data.py,31,read_csv,read,"return pd.read_csv(path, low_memory=False).fillna("""")"
leap_mappings,outputs/019fc2a9-cf44-7671-b580-29079f59a49d/run_corrected_anchor_validation.py,49,read_csv,read,"pd.read_csv(TREE_DIR / ""ninth_tree.csv"", dtype=object),"
leap_mappings,outputs/019fc2a9-cf44-7671-b580-29079f59a49d/run_corrected_anchor_validation.py,50,read_csv,read,"pd.read_csv(TREE_DIR / ""leap_tree.csv"", dtype=object),"
leap_mappings,outputs/019fc2a9-cf44-7671-b580-29079f59a49d/run_corrected_anchor_validation.py,51,read_csv,read,"pd.read_csv(TREE_DIR / ""common_esto_tree.csv"", dtype=object),"
leap_mappings,outputs/019fc2a9-cf44-7671-b580-29079f59a49d/run_corrected_anchor_validation.py,58,write_csv,write,"validation_tree.to_csv(CORRECTED_TREE_PATH, index=False)"
leap_mappings,outputs/019fc2a9-cf44-7671-b580-29079f59a49d/verify_corrected_anchor_outputs.py,16,read_csv,read,detail = pd.read_csv(
leap_mappings,outputs/019fc2a9-cf44-7671-b580-29079f59a49d/verify_corrected_anchor_outputs.py,20,read_csv,read,tree = pd.read_csv(
leap_mappings,outputs/ORCH_STAGE1_DIAG_20260731_220720/validate_outputs.py,20,read_csv,read,pd.read_csv(expected[0])
leap_mappings,outputs/ORCH_STAGE1_DIAG_20260731_220720/validate_outputs.py,21,read_excel,read,"pd.read_excel(expected[1], sheet_name=""energy_balance_relationships"")"
leap_mappings,outputs/ORCH_STAGE1_DIAG_20260731_220720/validate_outputs.py,22,read_csv,read,pd.read_csv(expected[2])
leap_mappings,outputs/ORCH_STAGE1_DIAG_20260731_221500/validate_outputs.py,16,read_csv,read,assert len(pd.read_csv(csv_path)) > 0
leap_mappings,outputs/ORCH_STAGE1_DIAG_20260731_221500/validate_outputs.py,17,read_excel,read,"assert len(pd.read_excel(xlsx_path, sheet_name=""energy_balance_relationships"")) > 0"
leap_mappings,outputs/ORCH_STAGE1_DIAG_20260731_221500/validate_outputs.py,18,read_csv,read,assert len(pd.read_csv(catalogue_path)) > 0
leap_mappings,tests/smoke_run.py,46,read_csv,read,df = pd.read_csv(path)
leap_mappings,tests/test_anchor_validation_only_workflow.py,62,write_csv,write,").to_csv(comparison_path, index=False)"
leap_mappings,tests/test_anchor_validation_only_workflow.py,100,write_csv,write,").to_csv(comparison_path, index=False)"
leap_mappings,tests/test_apply_common_esto_structure.py,39,write_csv,write,"]).to_csv(common_rows_path, index=False)"
leap_mappings,tests/test_apply_common_esto_structure.py,41,write_excel,write,"with pd.ExcelWriter(workbook_path, engine=""openpyxl"") as writer:"
leap_mappings,tests/test_apply_common_esto_structure.py,46,write_excel,write,"]).to_excel(writer, sheet_name=""esto_rollup_rules"", index=False)"
leap_mappings,tests/test_apply_common_esto_structure.py,126,write_csv,write,").to_csv(first_path, index=False)"
leap_mappings,tests/test_apply_common_esto_structure.py,139,write_csv,write,").to_csv(second_path, index=False)"
leap_mappings,tests/test_apply_common_esto_structure.py,503,read_csv,read,"lineage = pd.read_csv(lineage_path).fillna("""")"
leap_mappings,tests/test_apply_common_esto_structure.py,711,write_csv,write,").to_csv(vintage_2024, index=False)"
leap_mappings,tests/test_apply_common_esto_structure.py,720,write_csv,write,").to_csv(vintage_2025, index=False)"
leap_mappings,tests/test_apply_ninth_to_esto_conversion.py,278,write_csv,write,"]).to_csv(path, index=False)"
leap_mappings,tests/test_apply_partitioned_common_esto.py,57,write_csv,write,"pd.concat([_source(), _source().assign(year=2024)], ignore_index=True).to_csv(source_path, index=False)"
leap_mappings,tests/test_apply_partitioned_common_esto.py,58,write_csv,write,"_mapping().to_csv(map_path, index=False)"
leap_mappings,tests/test_apply_partitioned_common_esto.py,66,read_csv,read,"result = pd.read_csv(output_dir / ""common_esto_comparison_data.csv"")"
leap_mappings,tests/test_balance_flow_single_axis_mappings.py,22,read_excel,read,leap_to_esto = pd.read_excel(
leap_mappings,tests/test_balance_flow_single_axis_mappings.py,27,read_excel,read,leap_to_ninth = pd.read_excel(
leap_mappings,tests/test_balance_flow_single_axis_mappings.py,89,read_excel,read,leap_to_esto = pd.read_excel(
leap_mappings,tests/test_balance_flow_single_axis_mappings.py,109,read_excel,read,ninth_to_esto = pd.read_excel(
leap_mappings,tests/test_balance_flow_single_axis_mappings.py,125,read_excel,read,leap_to_esto = pd.read_excel(
leap_mappings,tests/test_balance_flow_single_axis_mappings.py,130,read_excel,read,leap_to_ninth = pd.read_excel(
leap_mappings,tests/test_balance_flow_single_axis_mappings.py,161,read_excel,read,leap_to_esto_flow = pd.read_excel(
leap_mappings,tests/test_balance_flow_single_axis_mappings.py,166,read_excel,read,leap_to_esto_product = pd.read_excel(
leap_mappings,tests/test_build_dataset_tree_structure.py,35,write_excel,write,"with pd.ExcelWriter(path, engine=""openpyxl"") as writer:"
leap_mappings,tests/test_build_dataset_tree_structure.py,38,write_excel,write,"]).to_excel(writer, sheet_name=""ninth_pairs_to_esto_pairs"", index=False)"
leap_mappings,tests/test_build_dataset_tree_structure.py,42,write_excel,write,"]).to_excel(writer, sheet_name=""leap_combined_esto"", index=False)"
leap_mappings,tests/test_build_dataset_tree_structure.py,138,write_csv,write,"}).to_csv(common_rows_path, index=False)"
leap_mappings,tests/test_build_dataset_tree_structure.py,170,write_excel,write,"]).to_excel(workbook_path, sheet_name=""esto_rollup_rules"", index=False)"
leap_mappings,tests/test_build_dataset_tree_structure.py,269,write_csv,write,"]).to_csv(data_path, index=False)"
leap_mappings,tests/test_build_dataset_tree_structure.py,359,write_csv,write,"pd.DataFrame(rows).to_csv(data_path, index=False)"
leap_mappings,tests/test_build_dataset_tree_structure.py,392,write_csv,write,"]).to_csv(data_path, index=False)"
leap_mappings,tests/test_build_dataset_tree_structure.py,450,write_csv,write,"pd.DataFrame(rows).to_csv(tmp_path / ""ninth.csv"", index=False)"
leap_mappings,tests/test_build_dataset_tree_structure.py,461,write_csv,write,"]).to_csv(common_rows_path, index=False)"
leap_mappings,tests/test_build_dataset_tree_structure.py,486,write_csv,write,"]).to_csv(data_path, index=False)"
leap_mappings,tests/test_build_dataset_tree_structure.py,487,write_csv,write,"pd.DataFrame({""flows"": [""09 Parent"", ""09.01 Child A"", ""09.02 Child B""]}).to_csv(esto_path, index=False)"
leap_mappings,tests/test_build_dataset_tree_structure.py,563,write_csv,write,"pd.DataFrame(rows).to_csv(comparison_path, index=False)"
leap_mappings,tests/test_build_dataset_tree_structure.py,600,write_csv,write,"]).to_csv(comparison_path, index=False)"
leap_mappings,tests/test_build_dataset_tree_structure.py,648,write_csv,write,"]).to_csv(comparison_path, index=False)"
leap_mappings,tests/test_build_dataset_tree_structure.py,706,write_csv,write,"]).to_csv(comparison_path, index=False)"
leap_mappings,tests/test_build_dataset_tree_structure.py,871,write_csv,write,"]).to_csv(comparison_path, index=False)"
leap_mappings,tests/test_build_energy_balance_relationships.py,144,write_excel,write,"source_df.to_excel(mapping_path, index=False)"
leap_mappings,tests/test_build_energy_balance_relationships.py,151,write_excel,write,"source_df.to_excel(mapping_path, index=False)"
leap_mappings,tests/test_build_energy_balance_relationships.py,159,write_excel,write,"source_df.to_excel(mapping_path, index=False)"
leap_mappings,tests/test_build_energy_balance_relationships.py,176,write_excel,write,"source_df.to_excel(mapping_path, index=False)"
leap_mappings,tests/test_build_energy_balance_relationships.py,189,write_excel,write,"source_df.to_excel(mapping_path, index=False)"
leap_mappings,tests/test_build_missing_mapped_esto_rows.py,91,write_excel,write,"with pd.ExcelWriter(path, engine=""openpyxl"") as writer:"
leap_mappings,tests/test_build_missing_mapped_esto_rows.py,92,write_excel,write,"mappings.to_excel(writer, sheet_name=""ninth_pairs_to_esto_pairs"", index=False)"
leap_mappings,tests/test_build_missing_mapped_esto_rows.py,171,write_csv,write,"rows.to_csv(path, index=False)"
leap_mappings,tests/test_build_missing_mapped_esto_rows.py,237,write_csv,write,"rows.to_csv(path, index=False)"
leap_mappings,tests/test_build_missing_mapped_esto_rows.py,352,read_csv,read,"source = pd.read_csv(esto_path, dtype=object)"
leap_mappings,tests/test_build_missing_mapped_esto_rows.py,363,write_csv,write,"pd.concat([source, datacentres], ignore_index=True).to_csv(esto_path, index=False)"
leap_mappings,tests/test_build_missing_mapped_esto_rows.py,387,read_csv,read,"source = pd.read_csv(esto_path, dtype=object)"
leap_mappings,tests/test_build_missing_mapped_esto_rows.py,398,write_csv,write,"pd.concat([source, existing], ignore_index=True).to_csv(esto_path, index=False)"
leap_mappings,tests/test_build_missing_mapped_esto_rows.py,441,read_csv,read,"source = pd.read_csv(esto_path, dtype=object)"
leap_mappings,tests/test_build_missing_mapped_esto_rows.py,442,write_csv,write,"pd.concat([source, rows], ignore_index=True).to_csv(esto_path, index=False)"
leap_mappings,tests/test_build_missing_mapped_esto_rows.py,470,read_csv,read,assert list(pd.read_csv(paste_path).columns) == list(pd.read_csv(esto_path).columns)
leap_mappings,tests/test_coke_blast_rollup_config.py,15,read_excel,read,"rules = pd.read_excel(MAPPING_WORKBOOK, sheet_name=""ninth_rollup_rules"")"
leap_mappings,tests/test_coke_blast_rollup_config.py,37,read_excel,read,"mappings = pd.read_excel(AXIS_WORKBOOK, sheet_name=""ninth_sector_to_esto"")"
leap_mappings,tests/test_common_esto_fast_path.py,12,write_csv,write,"pd.DataFrame(rows).to_csv(path, index=False)"
leap_mappings,tests/test_common_esto_fast_path.py,118,read_csv,read,"status_df = pd.read_csv(common_dir / ""common_esto_output_status.csv"")"
leap_mappings,tests/test_common_esto_output_contract.py,197,read_csv,read,"assert record[""row_count""] == len(pd.read_csv(artifact_path))"
leap_mappings,tests/test_common_esto_validation_orchestration.py,44,write_excel,write,"with pd.ExcelWriter(workbook_path, engine=""openpyxl"") as writer:"
leap_mappings,tests/test_common_esto_validation_orchestration.py,48,write_excel,write,"]).to_excel(writer, sheet_name=""ninth_pairs_to_esto_pairs"", index=False)"
leap_mappings,tests/test_common_esto_validation_orchestration.py,52,write_excel,write,"]).to_excel(writer, sheet_name=""leap_combined_esto"", index=False)"
leap_mappings,tests/test_common_esto_validation_orchestration.py,53,write_excel,write,"pd.DataFrame(columns=[""input_esto_flow"", ""rolled_esto_flow"", ""include""]).to_excel("
leap_mappings,tests/test_common_esto_validation_orchestration.py,74,write_excel,write,"with pd.ExcelWriter(path, engine=""openpyxl"") as writer:"
leap_mappings,tests/test_common_esto_validation_orchestration.py,88,write_excel,write,"]).to_excel(writer, sheet_name=""esto_rollup_rules"", index=False)"
leap_mappings,tests/test_common_esto_validation_orchestration.py,133,write_csv,write,"]).to_csv(comparison_path, index=False)"
leap_mappings,tests/test_common_esto_validation_orchestration.py,156,write_csv,write,"]).to_csv(comparison_path, index=False)"
leap_mappings,tests/test_common_esto_validation_orchestration.py,225,write_csv,write,"]).to_csv(path, index=False)"
leap_mappings,tests/test_common_esto_validation_orchestration.py,305,read_csv,read,second_year = pd.read_csv(comparison_path)
leap_mappings,tests/test_common_esto_validation_orchestration.py,307,read_csv,read,"pd.concat([pd.read_csv(comparison_path), second_year], ignore_index=True).to_csv("
leap_mappings,tests/test_common_esto_validation_orchestration.py,307,write_csv,write,"pd.concat([pd.read_csv(comparison_path), second_year], ignore_index=True).to_csv("
leap_mappings,tests/test_common_esto_validation_orchestration.py,318,read_csv,read,"grouped = pd.read_csv(tmp_path / ""common_esto_validation_grouped_checks.csv"")"
leap_mappings,tests/test_common_esto_validation_orchestration.py,347,write_csv,write,"pd.DataFrame([{""stale"": True}]).to_csv(detail_path, index=False)"
leap_mappings,tests/test_common_esto_validation_orchestration.py,353,read_csv,read,current_detail = pd.read_csv(detail_path)
leap_mappings,tests/test_compile_structural_mapping_artifacts.py,61,write_csv,write,"_relationships().to_csv(relationships_path, index=False)"
leap_mappings,tests/test_compile_structural_mapping_artifacts.py,62,write_csv,write,"_common_map().to_csv(common_path, index=False)"
leap_mappings,tests/test_compile_structural_mapping_artifacts.py,63,write_excel,write,"with pd.ExcelWriter(workbook_path, engine=""openpyxl"") as writer:"
leap_mappings,tests/test_compile_structural_mapping_artifacts.py,64,write_excel,write,"_rules()[""LEAP""].to_excel(writer, sheet_name=""leap_rollup_rules"", index=False)"
leap_mappings,tests/test_compile_structural_mapping_artifacts.py,65,write_excel,write,"pd.DataFrame(columns=[""input_ninth_sector"", ""rolled_ninth_sector""]).to_excel(writer, sheet_name=""ninth_rollup_rules"", index=False)"
leap_mappings,tests/test_dashboard_esto_source_alignment.py,15,read_csv,read,registry = pd.read_csv(
leap_mappings,tests/test_dataset_registry.py,110,read_csv,read,"datasets = pd.read_csv(DATASET_REGISTRY_PATH, dtype=str, keep_default_na=False)"
leap_mappings,tests/test_dataset_registry.py,115,write_csv,write,"datasets.to_csv(registry_path, index=False)"
leap_mappings,tests/test_dataset_registry.py,124,read_csv,read,scopes = pd.read_csv(
leap_mappings,tests/test_dataset_registry.py,134,write_csv,write,"scopes.to_csv(registry_path, index=False)"
leap_mappings,tests/test_dataset_registry.py,144,read_csv,read,scopes = pd.read_csv(
leap_mappings,tests/test_dataset_registry.py,151,write_csv,write,"scopes.to_csv(registry_path, index=False)"
leap_mappings,tests/test_diagnostic_adapter_registry.py,65,write_csv,write,"registry.to_csv(registry_path, index=False)"
leap_mappings,tests/test_diagnostic_adapter_registry.py,77,write_csv,write,"registry.to_csv(registry_path, index=False)"
leap_mappings,tests/test_energy_balance_template_extractor_descendants.py,179,write_excel,write,with pd.ExcelWriter(workbook) as writer:
leap_mappings,tests/test_energy_balance_template_extractor_descendants.py,180,write_excel,write,"codebook.to_excel(writer, sheet_name=""code_to_name"", index=False)"
leap_mappings,tests/test_energy_balance_template_extractor_descendants.py,181,write_excel,write,"esto_leap.to_excel(writer, sheet_name=""ESTO_LEAP_names"", index=False)"
leap_mappings,tests/test_energy_balance_template_extractor_descendants.py,182,write_excel,write,"esto.to_excel(writer, sheet_name=""leap_combined_esto"", index=False)"
leap_mappings,tests/test_energy_balance_template_extractor_descendants.py,183,write_excel,write,"ninth.to_excel(writer, sheet_name=""leap_combined_ninth"", index=False)"
leap_mappings,tests/test_esto_extended_delta.py,290,write_csv,write,"base.to_csv(base_path, index=False)"
leap_mappings,tests/test_esto_extended_delta.py,291,write_csv,write,"extended.to_csv(extended_path, index=False)"
leap_mappings,tests/test_esto_extended_delta.py,316,read_csv,read,"_sort(pd.read_csv(reconstructed_path)),"
leap_mappings,tests/test_esto_extended_delta.py,317,read_csv,read,"_sort(pd.read_csv(extended_path)),"
leap_mappings,tests/test_esto_extended_delta.py,330,write_csv,write,"base.to_csv(base_path, index=False)"
leap_mappings,tests/test_esto_extended_delta.py,331,write_csv,write,"extended.to_csv(extended_path, index=False)"
leap_mappings,tests/test_esto_extended_delta.py,342,write_csv,write,"changed_base.to_csv(base_path, index=False)"
leap_mappings,tests/test_esto_extended_delta.py,371,write_csv,write,"base.to_csv(base_path, index=False)"
leap_mappings,tests/test_esto_extended_delta.py,372,write_csv,write,"extended.to_csv(extended_path, index=False)"
leap_mappings,tests/test_esto_extended_delta.py,390,read_csv,read,"pd.read_csv(selected_path),"
leap_mappings,tests/test_esto_extended_delta.py,391,read_csv,read,"pd.read_csv(extended_path),"
leap_mappings,tests/test_esto_extended_delta.py,399,write_csv,write,"changed_base.to_csv(base_path, index=False)"
leap_mappings,tests/test_hierarchy_subtotal_contract.py,238,write_csv,write,"pd.DataFrame(rows).to_csv(data_path, index=False)"
leap_mappings,tests/test_hierarchy_subtotal_contract.py,289,write_csv,write,"pd.DataFrame(rows).to_csv(data_path, index=False)"
leap_mappings,tests/test_hierarchy_subtotal_contract.py,343,write_csv,write,"]).to_csv(common_rows_path, index=False)"
leap_mappings,tests/test_hierarchy_subtotal_contract.py,345,write_excel,write,"with pd.ExcelWriter(workbook_path, engine=""openpyxl"") as writer:"
leap_mappings,tests/test_hierarchy_subtotal_contract.py,363,write_excel,write,"]).to_excel(writer, sheet_name=""esto_rollup_rules"", index=False)"
leap_mappings,tests/test_hierarchy_subtotal_contract.py,421,write_csv,write,"}]).to_csv(validation_path, index=False)"
leap_mappings,tests/test_hierarchy_subtotal_contract.py,449,write_excel,write,"with pd.ExcelWriter(workbook, engine=""openpyxl"") as writer:"
leap_mappings,tests/test_hierarchy_subtotal_contract.py,450,write_excel,write,"pd.DataFrame([{**leap_pair, ""esto_flow"": ""leaf"", ""esto_product"": ""leaf"", ""leap_is_subtotal"": False}]).to_excel("
leap_mappings,tests/test_hierarchy_subtotal_contract.py,460,write_excel,write,"}]).to_excel(writer, sheet_name=""ninth_pairs_to_esto_pairs"", index=False)"
leap_mappings,tests/test_hierarchy_subtotal_contract.py,461,write_excel,write,"pd.DataFrame([{**leap_pair, ""ninth_sector"": ""leaf"", ""ninth_fuel"": ""leaf"", ""leap_is_subtotal"": True}]).to_excel("
leap_mappings,tests/test_hierarchy_subtotal_contract.py,467,write_excel,write,"with pd.ExcelWriter(exception_workbook, engine=""openpyxl"") as writer:"
leap_mappings,tests/test_hierarchy_subtotal_contract.py,473,write_excel,write,"pd.DataFrame(columns=[""enabled"", ""notes""]).to_excel("
leap_mappings,tests/test_leap_results_dashboard_balance_crosswalk.py,37,write_excel,write,with pd.ExcelWriter(workbook) as writer:
leap_mappings,tests/test_leap_results_dashboard_balance_crosswalk.py,38,write_excel,write,"esto.to_excel(writer, sheet_name=""leap_combined_esto"", index=False)"
leap_mappings,tests/test_leap_results_dashboard_balance_crosswalk.py,39,write_excel,write,"ninth.to_excel(writer, sheet_name=""leap_combined_ninth"", index=False)"
leap_mappings,tests/test_mapping_pipeline_smoke.py,48,read_csv,read,"df = pd.read_csv(path, low_memory=False)"
leap_mappings,tests/test_mapping_pipeline_smoke.py,91,read_csv,read,"pd.read_csv(LEAP_ESTO_PATH, low_memory=False),"
leap_mappings,tests/test_mapping_pipeline_smoke.py,96,read_csv,read,"pd.read_csv(NINTH_ESTO_PATH, low_memory=False),"
leap_mappings,tests/test_mapping_sheet_registry.py,62,read_csv,read,frame = pd.read_csv(
leap_mappings,tests/test_mapping_sheet_registry.py,69,write_csv,write,"frame.to_csv(path, index=False)"
leap_mappings,tests/test_mapping_sheet_registry.py,82,read_csv,read,frame = pd.read_csv(
leap_mappings,tests/test_mapping_sheet_registry.py,89,write_csv,write,"frame.to_csv(path, index=False)"
leap_mappings,tests/test_non_expanding_rollups.py,136,write_excel,write,"]).to_excel(workbook_path, sheet_name=""esto_rollup_rules"", index=False)"
leap_mappings,tests/test_non_expanding_rollups.py,589,read_csv,read,written = pd.read_csv(qa_path)
leap_mappings,tests/test_non_expanding_rollups.py,615,read_csv,read,written = pd.read_csv(qa_path)
leap_mappings,tests/test_non_expanding_rollups.py,645,read_csv,read,written = pd.read_csv(qa_path)
leap_mappings,tests/test_outlook_mapping_maintenance_workflow.py,23,write_excel,write,"pd.DataFrame(rows).to_excel(path, sheet_name=sheet_name, index=False)"
leap_mappings,tests/test_parse_leap_balance_export.py,23,write_excel,write,with pd.ExcelWriter(workbook_path) as writer:
leap_mappings,tests/test_parse_leap_balance_export.py,24,write_excel,write,"_sheet(2060).to_excel(writer, sheet_name=""2060"", header=False, index=False)"
leap_mappings,tests/test_parse_leap_balance_export.py,25,write_excel,write,"_sheet(2059).to_excel(writer, sheet_name=""2059"", header=False, index=False)"
leap_mappings,tests/test_parse_leap_balance_export.py,36,write_excel,write,with pd.ExcelWriter(workbook_path) as writer:
leap_mappings,tests/test_parse_leap_balance_export.py,37,write_excel,write,"_sheet(2060).to_excel(writer, sheet_name=""2060"", header=False, index=False)"
leap_mappings,tests/test_parse_leap_balance_export.py,54,write_excel,write,with pd.ExcelWriter(old_ref) as writer:
leap_mappings,tests/test_parse_leap_balance_export.py,55,write_excel,write,"_sheet(2059).to_excel(writer, sheet_name=""2059"", header=False, index=False)"
leap_mappings,tests/test_parse_leap_balance_export.py,56,write_excel,write,with pd.ExcelWriter(new_ref) as writer:
leap_mappings,tests/test_parse_leap_balance_export.py,57,write_excel,write,"_sheet(2060).to_excel(writer, sheet_name=""2060"", header=False, index=False)"
leap_mappings,tests/test_parse_leap_balance_export.py,58,write_excel,write,with pd.ExcelWriter(review) as writer:
leap_mappings,tests/test_parse_leap_balance_export.py,59,write_excel,write,"_sheet(2023).to_excel(writer, sheet_name=""2023"", header=False, index=False)"
leap_mappings,tests/test_parse_leap_balance_export.py,91,write_excel,write,with pd.ExcelWriter(workbook_path) as writer:
leap_mappings,tests/test_parse_leap_balance_export.py,92,write_excel,write,"raw.to_excel(writer, sheet_name=""2060"", header=False, index=False)"
leap_mappings,tests/test_parse_leap_balance_export.py,118,write_excel,write,with pd.ExcelWriter(workbook_path) as writer:
leap_mappings,tests/test_parse_leap_balance_export.py,119,write_excel,write,"raw.to_excel(writer, sheet_name=""2022"", header=False, index=False)"
leap_mappings,tests/test_portable_mapping_chain_esto_refresh.py,85,read_csv,read,"header = pd.read_csv(prepared, nrows=0).columns.tolist()"
leap_mappings,tests/test_propagate_esto_rows_workflow.py,24,write_csv,write,"pd.DataFrame([row]).to_csv(path, index=False)"
leap_mappings,tests/test_propagate_esto_rows_workflow.py,37,write_csv,write,"]).to_csv(chosen_path, index=False)"
leap_mappings,tests/test_propagate_esto_rows_workflow.py,49,read_csv,read,assert len(pd.read_csv(target_a)) == 1
leap_mappings,tests/test_propagate_esto_rows_workflow.py,50,read_csv,read,assert len(pd.read_csv(target_b)) == 1
leap_mappings,tests/test_propagate_esto_rows_workflow.py,59,read_csv,read,result_a = pd.read_csv(target_a)
leap_mappings,tests/test_propagate_esto_rows_workflow.py,60,read_csv,read,result_b = pd.read_csv(target_b)
leap_mappings,tests/test_propagate_esto_rows_workflow.py,77,write_excel,write,"with pd.ExcelWriter(chosen_path, engine=""openpyxl"") as writer:"
leap_mappings,tests/test_propagate_esto_rows_workflow.py,78,write_excel,write,"chosen.to_excel(writer, sheet_name=""All economies rows"", index=False)"
leap_mappings,tests/test_propagate_esto_rows_workflow.py,89,read_csv,read,result = pd.read_csv(target)
leap_mappings,tests/test_propagate_esto_rows_workflow.py,100,write_csv,write,pd.DataFrame(columns=columns).to_csv(
leap_mappings,tests/test_propagate_esto_rows_workflow.py,109,write_csv,write,"}]).to_csv(rows_2024, index=False)"
leap_mappings,tests/test_propagate_esto_rows_workflow.py,113,write_csv,write,"}]).to_csv(rows_2025, index=False)"
leap_mappings,tests/test_propagate_esto_rows_workflow.py,121,read_csv,read,"written_2024 = pd.read_csv(data_dir / ""00APEC_2024_low_with_subtotals.csv"")"
leap_mappings,tests/test_propagate_esto_rows_workflow.py,122,read_csv,read,"written_2025 = pd.read_csv(data_dir / ""00APEC_2025_low_with_subtotals.csv"")"
leap_mappings,tests/test_rollup_label_overrides.py,66,write_excel,write,"with pd.ExcelWriter(path, engine=""openpyxl"") as writer:"
leap_mappings,tests/test_rollup_label_overrides.py,67,write_excel,write,"_esto_rules().to_excel(writer, sheet_name=""esto_rollup_rules"", index=False)"
leap_mappings,tests/test_rollup_label_overrides.py,68,write_excel,write,"pd.DataFrame(columns=[""rollup_group_id""]).to_excel("
leap_mappings,tests/test_rollup_label_overrides.py,71,write_excel,write,"pd.DataFrame(columns=[""rollup_group_id""]).to_excel("
leap_mappings,tests/test_rollup_label_overrides.py,74,write_excel,write,pd.DataFrame(override_rows).to_excel(
leap_mappings,tests/test_rollup_sheet_registry.py,50,write_excel,write,with pd.ExcelWriter(workbook) as writer:
leap_mappings,tests/test_rollup_sheet_registry.py,58,write_excel,write,"}]).to_excel(writer, sheet_name=""leap_rollup_rules"", index=False)"
leap_mappings,tests/test_rollup_sheet_registry.py,66,write_excel,write,"}]).to_excel(writer, sheet_name=""esto_rollup_rules"", index=False)"
leap_mappings,tests/test_rollup_sheet_registry.py,74,write_excel,write,"}]).to_excel(writer, sheet_name=""ninth_rollup_rules"", index=False)"
leap_mappings,tests/test_rollup_sheet_registry.py,89,read_csv,read,frame = pd.read_csv(
leap_mappings,tests/test_rollup_sheet_registry.py,96,write_csv,write,"frame.to_csv(path, index=False)"
leap_mappings,tests/test_run_leap_parse_economies.py,21,write_excel,write,with pd.ExcelWriter(export_dir / filename) as writer:
leap_mappings,tests/test_run_leap_parse_economies.py,22,write_excel,write,"sheet.to_excel(writer, sheet_name=str(year), header=False, index=False)"
leap_mappings,tests/test_run_leap_parse_economies.py,41,read_csv,read,combined = pd.read_csv(run_mapping_pipeline.RAW_LEAP_PATH)
leap_mappings,tests/test_run_leap_parse_economies.py,54,read_csv,read,combined = pd.read_csv(run_mapping_pipeline.RAW_LEAP_PATH)
leap_mappings,tests/test_run_leap_parse_economies.py,69,read_csv,read,combined = pd.read_csv(run_mapping_pipeline.RAW_LEAP_PATH)
leap_mappings,tests/test_run_leap_parse_economies.py,79,read_csv,read,combined = pd.read_csv(run_mapping_pipeline.RAW_LEAP_PATH)
leap_mappings,tests/test_separate_axis_mapping_exploration.py,322,write_csv,write,").to_csv(source, index=False)"
leap_mappings,tests/test_separate_axis_mapping_exploration.py,364,write_csv,write,"pd.DataFrame(rows).to_csv(source, index=False)"
leap_mappings,tests/test_separate_axis_mapping_exploration.py,399,write_csv,write,").to_csv(source, index=False)"
leap_mappings,tests/test_separate_axis_mapping_shadow_validation.py,140,write_csv,write,).to_csv(
leap_mappings,tests/test_separate_axis_mapping_shadow_validation.py,153,write_csv,write,).to_csv(
leap_mappings,tests/test_separate_axis_mapping_shadow_validation.py,164,write_csv,write,).to_csv(
leap_mappings,tests/test_separate_axis_mapping_shadow_validation.py,178,write_csv,write,").to_csv(common_dir / ""common_esto_total_check.csv"", index=False)"
leap_mappings,tests/test_separate_axis_mapping_shadow_validation.py,181,write_csv,write,").to_csv(common_dir / ""common_esto_output_status.csv"", index=False)"
leap_mappings,tests/test_separate_axis_mapping_shadow_validation.py,184,write_csv,write,).to_csv(
leap_mappings,tests/test_separate_axis_mapping_shadow_validation.py,190,write_csv,write,).to_csv(
leap_mappings,tests/test_separate_axis_mapping_shadow_validation.py,199,write_csv,write,"pd.DataFrame(columns=[""qa_status""]).to_csv("
leap_mappings,tests/test_source_branch_preflight.py,133,write_csv,write,"_rules().to_csv(rules_path, index=False)"
leap_mappings,tests/test_source_coverage_audit.py,51,write_excel,write,with pd.ExcelWriter(mapping_path) as writer:
leap_mappings,tests/test_source_coverage_audit.py,52,write_excel,write,"mapping.to_excel(writer, sheet_name=""leap_combined_ninth"", index=False)"
leap_mappings,tests/test_source_coverage_audit.py,53,write_excel,write,"pd.DataFrame(columns=[""esto_flow"", ""esto_product"", ""raw_leap_fuel_name"", ""duplicate_to_remove""]).to_excel(writer, sheet_name=""leap_combined_esto"", index=False)"
leap_mappings,tests/test_source_coverage_audit.py,76,write_excel,write,with pd.ExcelWriter(mapping_path) as writer:
leap_mappings,tests/test_source_coverage_audit.py,77,write_excel,write,"pd.DataFrame([{""ninth_sector"": ""14"", ""ninth_fuel"": ""mapped"", ""raw_leap_fuel_name"": ""Mapped fuel"", ""duplicate_to_remove"": False}]).to_excel(writer, sheet_name=""leap_combined_ninth"", index=False)"
leap_mappings,tests/test_source_coverage_audit.py,78,write_excel,write,"pd.DataFrame(columns=[""esto_flow"", ""esto_product"", ""raw_leap_fuel_name"", ""duplicate_to_remove""]).to_excel(writer, sheet_name=""leap_combined_esto"", index=False)"
leap_mappings,tests/test_source_coverage_mapping_candidates.py,89,write_excel,write,with pd.ExcelWriter(mapping_path) as writer:
leap_mappings,tests/test_source_coverage_mapping_candidates.py,100,write_excel,write,").to_excel(writer, sheet_name=""leap_combined_ninth"", index=False)"
leap_mappings,tests/test_source_coverage_mapping_candidates.py,111,write_excel,write,").to_excel(writer, sheet_name=""leap_combined_esto"", index=False)"
leap_mappings,tests/test_source_coverage_mapping_candidates.py,112,write_excel,write,"pd.DataFrame(columns=[""ninth_sector"", ""ninth_fuel"", ""esto_flow"", ""esto_product""]).to_excel("
leap_mappings,tests/test_source_parent_anchor_validation.py,38,write_csv,write,").to_csv(source_path, index=False)"
leap_mappings,tests/test_source_parent_anchor_validation.py,1462,write_excel,write,"pd.DataFrame([row]).to_excel(workbook_path, sheet_name=DATA_QUALITY_EXCEPTION_SHEET, index=False)"
leap_mappings,tests/test_source_parent_anchor_validation.py,1596,read_excel,read,rows = pd.read_excel(workbook_path)
leap_mappings,tests/test_source_parent_anchor_validation.py,1602,write_excel,write,rows.to_excel(
leap_mappings,tests/test_source_parent_anchor_validation.py,1635,read_excel,read,duplicate_rows = pd.read_excel(workbook_path)
leap_mappings,tests/test_source_parent_anchor_validation.py,1638,write_excel,write,duplicate_rows.to_excel(
leap_mappings,tests/test_source_parent_anchor_validation.py,1723,write_excel,write,"pd.DataFrame([{""placeholder"": 1}]).to_excel(workbook_path, sheet_name=""unrelated"", index=False)"
leap_mappings,tests/test_synthetic_coarse_dataset_pipeline.py,50,read_csv,read,relationships = pd.read_csv(
leap_mappings,tests/test_synthetic_coarse_dataset_pipeline.py,73,read_csv,read,"pd.read_csv(FIXTURE_DIR / ""synthetic_first_level_esto_values.csv""),"
leap_mappings,tests/test_synthetic_coarse_dataset_pipeline.py,74,read_csv,read,"pd.read_csv(FIXTURE_DIR / ""synthetic_detailed_esto_values.csv""),"
leap_mappings,tests/test_synthetic_coarse_dataset_pipeline.py,123,read_csv,read,relationships = pd.read_csv(
leap_mappings,tests/test_synthetic_coarse_dataset_pipeline.py,140,read_csv,read,source_values = pd.read_csv(
leap_mappings,tests/test_synthetic_coarse_dataset_pipeline.py,162,read_csv,read,source_values = pd.read_csv(
leap_mappings,tests/test_synthetic_coarse_dataset_pipeline.py,235,read_csv,read,datasets = pd.read_csv(
leap_mappings,tests/test_synthetic_coarse_dataset_pipeline.py,240,read_csv,read,scopes = pd.read_csv(
leap_mappings,tests/test_synthetic_coarse_dataset_pipeline.py,245,read_csv,read,mappings = pd.read_csv(
leap_mappings,tests/test_synthetic_coarse_dataset_pipeline.py,250,read_csv,read,adapters = pd.read_csv(
leap_mappings,tests/test_synthetic_coarse_dataset_pipeline.py,291,write_csv,write,"datasets.to_csv(dataset_path, index=False)"
leap_mappings,tests/test_synthetic_coarse_dataset_pipeline.py,292,write_csv,write,"scopes.to_csv(scope_path, index=False)"
leap_mappings,tests/test_synthetic_coarse_dataset_pipeline.py,293,write_csv,write,"mappings.to_csv(mapping_path, index=False)"
leap_mappings,tests/test_synthetic_coarse_dataset_pipeline.py,294,write_csv,write,"adapters.to_csv(adapter_path, index=False)"
leap_mappings,tests/test_synthetic_coarse_dataset_pipeline.py,298,read_csv,read,pd.read_csv(
leap_mappings,tests/test_synthetic_coarse_dataset_pipeline.py,300,write_csv,write,").to_csv(input_path, index=False)"
leap_mappings,tests/test_synthetic_coarse_dataset_pipeline.py,301,read_csv,read,pd.read_csv(
leap_mappings,tests/test_synthetic_coarse_dataset_pipeline.py,303,write_csv,write,").to_csv(tmp_path / ""input"" / ""synthetic_hierarchy.csv"", index=False)"
leap_mappings,tests/test_synthetic_coarse_dataset_pipeline.py,337,read_csv,read,source_df=pd.read_csv(
leap_mappings,tests/test_synthetic_coarse_dataset_pipeline.py,375,read_csv,read,"published = pd.read_csv(tmp_path / ""output"" / ""synthetic_values.csv"")"
leap_mappings,tests/test_synthetic_coarse_dataset_pipeline.py,379,read_csv,read,pd.read_csv(
leap_mappings,tests/test_synthetic_coarse_dataset_pipeline.py,392,read_csv,read,"checks = pd.read_csv(output_dir / ""acceptance_checklist.csv"")"
leap_mappings,tests/test_synthetic_coarse_dataset_pipeline.py,393,read_csv,read,comparison = pd.read_csv(
leap_mappings,tests/test_target_share_allocation.py,202,write_csv,write,"]).to_csv(esto_csv, index=False)"
leap_mappings,tests/test_target_share_allocation.py,217,write_csv,write,"]).to_csv(esto_csv, index=False)"
leap_mappings,tests/test_tfc_rollup_configuration.py,19,read_excel,read,rules = pd.read_excel(
leap_mappings,tests/test_tfc_rollup_configuration.py,43,read_excel,read,pairs = pd.read_excel(
leap_mappings,tests/test_tfc_rollup_configuration.py,76,read_excel,read,pairs = pd.read_excel(
leap_mappings,tests/test_tpes_rollup_configuration.py,14,read_excel,read,"rules = pd.read_excel(WORKBOOK_PATH, sheet_name=""leap_rollup_rules"", dtype=object).fillna("""")"
leap_mappings,tests/test_tpes_rollup_configuration.py,28,read_excel,read,"rules = pd.read_excel(WORKBOOK_PATH, sheet_name=""leap_rollup_rules"", dtype=object).fillna("""")"
leap_mappings,tests/test_tpes_rollup_configuration.py,29,read_excel,read,"sector_map = pd.read_excel(WORKBOOK_PATH, sheet_name=""leap_sector_to_esto"", dtype=object).fillna("""")"
leap_dashboard,archive/codebase/functions/analysis_input_write_dispatcher.py,127,read_excel,read,"raw = pd.read_excel(path, sheet_name=sheet_name, header=None)"
leap_dashboard,archive/codebase/functions/analysis_input_write_dispatcher.py,154,write_excel,write,"with pd.ExcelWriter(path, **writer_kwargs) as writer:"
leap_dashboard,archive/codebase/functions/analysis_input_write_dispatcher.py,155,write_excel,write,"output.to_excel(writer, sheet_name=sheet_name, index=False, header=False)"
leap_dashboard,archive/codebase/functions/leap_core.py,521,write_excel,write,"with pd.ExcelWriter(filename, engine='openpyxl') as writer:"
leap_dashboard,archive/codebase/functions/leap_core.py,522,write_excel,write,"export_df.to_excel(writer, sheet_name='All_Data', index=False)"
leap_dashboard,archive/codebase/functions/leap_core.py,1773,read_excel,read,"return pd.read_excel(path, sheet_name=sheet_name, header=header_guess)"
leap_dashboard,archive/codebase/functions/leap_core.py,1996,read_excel,read,"return pd.read_excel(path, sheet_name=sheet_name, header=header_guess)"
leap_dashboard,archive/codebase/scrapbook/utilities.py,198,write_csv,write,"df.to_csv(output_path, index=False)"
leap_dashboard,archive/codebase/scrapbook/utilities.py,334,write_csv,write,"esto_df.to_csv(esto_cache, index=False)"
leap_dashboard,archive/codebase/scrapbook/utilities.py,335,write_csv,write,"ninth_df.to_csv(ninth_cache, index=False)"
leap_dashboard,archive/codebase/utilities/fuel_catalog_preflight.py,437,write_csv,write,"probe_df.to_csv(probe_path_resolved, index=False)"
leap_dashboard,archive/codebase/utilities/fuel_catalog_preflight.py,471,write_csv,write,"merged_df.to_csv(catalog_path_resolved, index=False)"
leap_dashboard,archive/codebase/utilities/fuel_catalog_preflight.py,665,read_csv,read,df = pd.read_csv(path)
leap_dashboard,archive/codebase/utilities/fuel_catalog_preflight.py,670,read_excel,read,"df = pd.read_excel(path, sheet_name=sheet_name, header=header)"
leap_dashboard,archive/codebase/utilities/fuel_catalog_preflight.py,677,read_excel,read,"raw = pd.read_excel(path, sheet_name=sheet_name, header=None)"
leap_dashboard,archive/codebase/utilities/fuel_catalog_preflight.py,805,read_csv,read,df = pd.read_csv(path)
leap_dashboard,archive/codebase/utilities/ninth_to_esto_mapping_coverage.py,244,write_csv,write,"summary_df.to_csv(summary_path, index=False)"
leap_dashboard,archive/codebase/utilities/ninth_to_esto_mapping_coverage.py,245,write_csv,write,"missing_esto_pairs.to_csv(missing_esto_path, index=False)"
leap_dashboard,archive/codebase/utilities/ninth_to_esto_mapping_coverage.py,246,write_csv,write,"missing_ninth_pairs.to_csv(missing_ninth_path, index=False)"
leap_dashboard,archive/codebase/utilities/leap_results_dashboard_v2/derived_transformation_metrics.py,280,read_csv,read,df = pd.read_csv(path)
leap_dashboard,archive/codebase/utilities/leap_results_dashboard_v2/derived_transformation_metrics.py,328,read_csv,read,df = pd.read_csv(path)
leap_dashboard,archive/codebase/utilities/leap_results_dashboard_v2/derived_transformation_metrics.py,1182,write_csv,write,"derived_leap_long.to_csv(data_path, index=False)"
leap_dashboard,archive/codebase/utilities/leap_results_dashboard_v2/derived_transformation_metrics.py,1188,write_csv,write,"derived_leap_long.to_csv(fallback_data_path, index=False)"
leap_dashboard,archive/codebase/utilities/leap_results_dashboard_v2/derived_transformation_metrics.py,1192,write_csv,write,"leap_audit.to_csv(leap_audit_path, index=False)"
leap_dashboard,archive/codebase/utilities/leap_results_dashboard_v2/derived_transformation_metrics.py,1196,write_csv,write,"comparison_audit.to_csv(comparison_audit_path, index=False)"
leap_dashboard,archive/codebase/utilities/leap_results_dashboard_v2/derived_transformation_metrics.py,1200,write_csv,write,"summary.to_csv(summary_path, index=False)"
leap_dashboard,archive/codebase/utilities/leap_results_dashboard_v2/leap_loader.py,38,read_csv,read,frame = pd.read_csv(candidate)
leap_dashboard,archive/codebase/utilities/leap_results_dashboard_v2/shadow_compare.py,11,read_csv,read,return pd.read_csv(path)
leap_dashboard,archive/codebase/utilities/leap_results_dashboard_v2/shadow_compare.py,51,write_csv,write,"diff_rows.to_csv(detail, index=False)"
leap_dashboard,archive/codebase/utilities/leap_results_dashboard_v2/shadow_compare.py,55,write_csv,write,"pd.DataFrame(rows).to_csv(out_path, index=False)"
leap_dashboard,codebase/common_esto_dashboard_convergence.py,35,read_csv,read,"df = pd.read_csv(path, dtype=object).fillna("""")"
leap_dashboard,codebase/common_esto_dashboard_convergence.py,247,write_csv,write,"history_df.to_csv(history_out, index=False)"
leap_dashboard,codebase/common_esto_dashboard_convergence.py,248,write_csv,write,"run_df.to_csv(latest_out, index=False)"
leap_dashboard,codebase/common_esto_dashboard_data.py,197,read_csv,read,"audit = pd.read_csv(path, usecols=required, dtype=str).fillna("""")"
leap_dashboard,codebase/common_esto_dashboard_data.py,224,read_csv,read,"source_map = pd.read_csv(Path(source_to_common_map_path), dtype=str).fillna("""")"
leap_dashboard,codebase/common_esto_dashboard_data.py,236,read_csv,read,"esto_map = pd.read_csv(Path(esto_to_common_map_path), dtype=str).fillna("""")"
leap_dashboard,codebase/common_esto_dashboard_data.py,312,read_csv,read,"columns = pd.read_csv(path, nrows=0).columns"
leap_dashboard,codebase/common_esto_dashboard_data.py,448,read_csv,read,wide_df = pd.read_csv(
leap_dashboard,codebase/common_esto_dashboard_data.py,495,read_csv,read,df = pd.read_csv(
leap_dashboard,codebase/common_esto_dashboard_data.py,629,read_csv,read,"frame = pd.read_csv(member_path, dtype=str, keep_default_na=False, low_memory=False)"
leap_dashboard,codebase/common_esto_dashboard_data.py,814,read_csv,read,"registry = pd.read_csv(path, usecols=[""dataset_id"", ""native_unit""])"
leap_dashboard,codebase/common_esto_dashboard_data.py,867,read_csv,read,"sample_df = pd.read_csv(path, nrows=0, low_memory=False)"
leap_dashboard,codebase/common_esto_dashboard_data.py,898,read_csv,read,"common_rows = pd.read_csv(common_rows_path, low_memory=False).fillna("""")"
leap_dashboard,codebase/common_esto_dashboard_data.py,944,read_csv,read,"rollups = pd.read_csv(qa_path, low_memory=False).fillna("""")"
leap_dashboard,codebase/common_esto_dashboard_emissions.py,267,read_excel,read,"frame = pd.read_excel(path, sheet_name=sheet_name)"
leap_dashboard,codebase/common_esto_dashboard_emissions.py,293,read_csv,read,frame = pd.read_csv(
leap_dashboard,codebase/common_esto_dashboard_emissions.py,332,read_csv,read,"raw = pd.read_csv(_resolve_repo_path(factor_set[""path""]))"
leap_dashboard,codebase/common_esto_dashboard_emissions.py,1224,write_csv,write,"frame.to_csv(layout[""supporting""] / f""emissions_{name}.csv"", index=False)"
leap_dashboard,codebase/common_esto_dashboard_emissions.py,1227,write_csv,write,)[EMISSIONS_COLUMN].sum().to_csv(
leap_dashboard,codebase/common_esto_dashboard_mapping_diagnostics.py,44,read_csv,read,"return pd.read_csv(path, low_memory=False).fillna("""")"
leap_dashboard,codebase/common_esto_dashboard_mapping_diagnostics.py,75,read_csv,read,"for chunk in pd.read_csv(esto_exact_rows_path, usecols=columns, chunksize=250_000):"
leap_dashboard,codebase/common_esto_dashboard_mapping_diagnostics.py,1764,write_csv,write,"summary.to_csv(layout[""supporting""] / ""mapping_diagnostics_summary.csv"", index=False)"
leap_dashboard,codebase/common_esto_dashboard_portable.py,195,write_csv,write,"summary.to_csv(summary_path, index=False)"
leap_dashboard,codebase/common_esto_dashboard_portable.py,368,write_csv,write,"sign_summary_df.to_csv(layout[""supporting""] / ""sign_semantics_summary.csv"", index=False)"
leap_dashboard,codebase/common_esto_dashboard_renderer.py,6002,write_csv,write,"page_summary_df.to_csv(layout[""supporting""] / ""page_assignment_summary.csv"", index=False)"
leap_dashboard,codebase/common_esto_dashboard_renderer.py,6502,write_csv,write,"manifest_df.to_csv(layout[""supporting""] / ""chart_manifest.csv"", index=False)"
leap_dashboard,codebase/common_esto_dashboard_workflow.py,567,write_csv,write,sign_summary_df.to_csv(
leap_dashboard,codebase/hierarchy_subtotal_contract_loader.py,53,read_csv,read,"frame = pd.read_csv(path, dtype=object)"
leap_dashboard,scripts/analyze_common_esto_dashboard_page_noise.py,54,read_csv,read,df = pd.read_csv(path)
leap_dashboard,scripts/analyze_common_esto_dashboard_page_noise.py,131,write_csv,write,"summary_df.to_csv(PAGE_NOISE_SUMMARY_PATH, index=False, quoting=csv.QUOTE_MINIMAL)"
leap_dashboard,scripts/analyze_common_esto_dashboard_page_noise.py,133,write_csv,write,"flags_df.to_csv(PAGE_NOISE_FLAGS_PATH, index=False, quoting=csv.QUOTE_MINIMAL)"
leap_dashboard,scripts/capture_common_esto_baseline.py,150,read_csv,read,df = pd.read_csv(src)
leap_dashboard,scripts/capture_common_esto_baseline.py,153,write_csv,write,"_normalize(df).to_csv(dest / filename, index=False)"
leap_dashboard,scripts/capture_common_esto_baseline.py,156,write_csv,write,"_normalize(inventory_df).to_csv(dest / ""page_inventory.csv"", index=False)"
leap_dashboard,scripts/capture_common_esto_baseline.py,163,write_csv,write,"_normalize(fingerprint_df).to_csv(dest / ""bundle_fingerprint_t3.csv"", index=False)"
leap_dashboard,scripts/capture_frontier_baseline.py,87,write_csv,write,"pd.DataFrame(columns=TUPLE_COLUMNS).to_csv(dest / ""frontier_tuples_t6.csv"", index=False)"
leap_dashboard,scripts/capture_frontier_baseline.py,91,write_csv,write,"tuples.to_csv(dest / ""frontier_tuples_t6.csv"", index=False)"
leap_dashboard,scripts/check_common_esto_dashboard_determinism.py,80,read_csv,read,out[filename] = _normalize(pd.read_csv(src))
leap_dashboard,scripts/check_common_esto_sankey_routing.py,119,read_csv,read,"routes = pd.read_csv(path).fillna("""")"
leap_dashboard,scripts/check_common_esto_sankey_routing.py,234,write_csv,write,"qa_df.to_csv(qa_path, index=False)"
leap_dashboard,scripts/check_common_esto_sankey_routing.py,235,write_csv,write,"route_summary.to_csv(summary_path, index=False)"
leap_dashboard,scripts/render_common_esto_dashboard_all_economies.py,259,write_csv,write,sign_summary_df.to_csv(
leap_dashboard,scripts/render_common_esto_dashboard_all_economies.py,342,read_csv,read,manifest_df = pd.read_csv(manifest_path)
leap_dashboard,scripts/render_common_esto_dashboard_all_economies.py,355,write_csv,write,"summary_df.to_csv(SUMMARY_PATH, index=False)"
leap_dashboard,scripts/render_full_mapping_tree_explorer.py,31,read_csv,read,"trees = pd.read_csv(MAPPINGS_ROOT / ""results"" / ""tree_structure"" / ""all_dataset_trees.csv"", low_memory=False)"
leap_dashboard,scripts/render_full_mapping_tree_explorer.py,32,read_csv,read,routes = pd.read_csv(
leap_dashboard,scripts/render_mapping_pipeline_health_report.py,82,read_csv,read,"artifact.frame = pd.read_csv(path, dtype=str, keep_default_na=False)"
leap_dashboard,scripts/render_mapping_tree_explorer_prototype.py,27,read_csv,read,"return pd.read_csv(path, low_memory=False)"
leap_dashboard,scripts/render_transformation_rollup_diagnostics_prototype.py,60,read_csv,read,"for chunk in pd.read_csv(COMPARISON_DATA_PATH, usecols=required_columns, chunksize=CHUNK_SIZE):"
leap_dashboard,scripts/update_common_esto_dashboard_fixture.py,149,write_csv,write,"compact_fixture.to_csv(destination_path, index=False)"
leap_dashboard,tests/test_capacity_unmet_convergence_dashboard.py,66,write_csv,write,").to_csv(path, index=False)"
leap_dashboard,tests/test_capacity_unmet_convergence_dashboard.py,72,read_csv,read,"df = pd.read_csv(csv_path, dtype=object).fillna("""")"
leap_dashboard,tests/test_common_esto_consumer_loaders.py,83,read_csv,read,"""row_count"": len(pd.read_csv(path)),"
leap_dashboard,tests/test_common_esto_consumer_loaders.py,93,write_csv,write,"fact.to_csv(fact_path, index=False)"
leap_dashboard,tests/test_common_esto_consumer_loaders.py,94,write_csv,write,"metadata.to_csv(metadata_path, index=False)"
leap_dashboard,tests/test_common_esto_consumer_loaders.py,116,write_csv,write,"legacy.to_csv(legacy_path, index=False)"
leap_dashboard,tests/test_common_esto_consumer_loaders.py,215,read_csv,read,legacy = pd.read_csv(legacy_output)
leap_dashboard,tests/test_common_esto_consumer_loaders.py,216,read_csv,read,contract = pd.read_csv(contract_output)
leap_dashboard,tests/test_common_esto_dashboard.py,194,write_csv,write,").to_csv(audit_path, index=False)"
leap_dashboard,tests/test_common_esto_dashboard.py,678,read_csv,read,default_manifest = pd.read_csv(
leap_dashboard,tests/test_common_esto_dashboard.py,681,read_csv,read,two_way_manifest = pd.read_csv(
leap_dashboard,tests/test_common_esto_dashboard.py,1489,write_csv,write,").to_csv(source_path, index=False)"
leap_dashboard,tests/test_common_esto_dashboard.py,1502,write_csv,write,").to_csv(esto_path, index=False)"
leap_dashboard,tests/test_common_esto_dashboard.py,1763,read_csv,read,"assignments = pd.read_csv(layout[""supporting""] / ""page_assignment_summary.csv"")"
leap_dashboard,tests/test_common_esto_dashboard.py,1949,write_csv,write,"pd.DataFrame(rows).to_csv(path, index=False)"
leap_dashboard,tests/test_common_esto_dashboard.py,1988,write_csv,write,"]).to_csv(wide_path, index=False)"
leap_dashboard,tests/test_common_esto_dashboard.py,2021,write_csv,write,"]).to_csv(long_path, index=False)"
leap_dashboard,tests/test_common_esto_dashboard.py,2068,read_csv,read,"fixture = pd.read_csv(fixture_dir / ""common_esto_comparison_data_sample.csv"", low_memory=False)"
leap_dashboard,tests/test_common_esto_dashboard.py,2137,read_csv,read,"df = pd.read_csv(fixture, low_memory=False)"
leap_dashboard,tests/test_common_esto_dashboard.py,2598,write_csv,write,"]).to_csv(common_rows_path, index=False)"
leap_dashboard,tests/test_common_esto_dashboard.py,2607,write_csv,write,]).to_csv(
leap_dashboard,tests/test_common_esto_dashboard.py,3194,read_csv,read,"summary = pd.read_csv(layout[""supporting""] / ""page_assignment_summary.csv"")"
leap_dashboard,tests/test_common_esto_dashboard.py,3823,read_csv,read,"df = pd.read_csv(fixture, low_memory=False)"
leap_dashboard,tests/test_common_esto_dashboard_portable.py,197,read_csv,read,manifest = pd.read_csv(manifest_path)
leap_dashboard,tests/test_common_esto_dashboard_portable.py,251,write_csv,write,").to_csv(audit_path, index=False)"
leap_dashboard,tests/test_common_esto_output_contract.py,96,read_csv,read,"""row_count"": len(pd.read_csv(path)),"
leap_dashboard,tests/test_common_esto_output_contract.py,111,write_csv,write,"fact.to_csv(fact_path, index=False)"
leap_dashboard,tests/test_common_esto_output_contract.py,112,write_csv,write,"metadata.to_csv(metadata_path, index=False)"
leap_dashboard,tests/test_common_esto_output_contract.py,154,write_csv,write,"_legacy_frame(fact, metadata).to_csv(legacy_path, index=False)"
leap_dashboard,tests/test_common_esto_output_contract.py,180,write_csv,write,"legacy.to_csv(legacy_path, index=False)"
leap_dashboard,tests/test_common_esto_output_contract.py,196,write_csv,write,"_legacy_frame(fact, metadata).to_csv(legacy_path, index=False)"
leap_dashboard,tests/test_emissions_page.py,58,write_excel,write,"NINTH_TO_ESTO.to_excel(workbook_path, sheet_name=""ninth_fuel_to_esto"", index=False)"
leap_dashboard,tests/test_emissions_page.py,60,write_csv,write,"ESTO_TO_COMMON.to_csv(map_path, index=False)"
leap_dashboard,tests/test_emissions_page.py,93,read_csv,read,"pd.read_csv(factor_workspace[""factor_set""][""path""]).rename("
leap_dashboard,tests/test_mapping_diagnostics_contract.py,77,write_csv,write,"frame.to_csv(path, index=False, lineterminator=""\n"")"
leap_dashboard,tests/test_mapping_diagnostics_page.py,319,write_csv,write,"frame.to_csv(compressed_path, index=False)"
leap_dashboard,tests/test_mapping_diagnostics_page.py,326,write_csv,write,"frame.to_csv(plain_path, index=False)"
leap_dashboard,tests/test_mapping_diagnostics_page.py,479,write_csv,write,"tree.to_csv(tree_root / ""ninth_tree.csv"", index=False)"
leap_dashboard,tests/test_mapping_diagnostics_page.py,480,write_csv,write,"tree.assign(code=[""Oil Refining"", ""Oil Refining/Child""]).to_csv(tree_root / ""leap_tree.csv"", index=False)"
leap_dashboard,tests/test_mapping_diagnostics_page.py,485,write_csv,write,"]).to_csv(tree_root / ""common_esto_tree.csv"", index=False)"
leap_dashboard,tests/test_mapping_diagnostics_page.py,488,write_csv,write,"]).to_csv(tree_root / ""common_esto_validation.csv"", index=False)"
leap_dashboard,tests/test_mapping_diagnostics_page.py,493,write_csv,write,"]).to_csv(tree_root / ""source_parent_anchor_validation.csv"", index=False)"
leap_dashboard,tests/test_mapping_diagnostics_page.py,496,write_csv,write,"]).to_csv(tree_root / ""source_parent_anchor_child_values.csv"", index=False)"
leap_dashboard,tests/test_mapping_diagnostics_page.py,499,write_csv,write,"]).to_csv(tree_root / ""source_parent_anchor_child_context_values.csv"", index=False)"
leap_dashboard,tests/test_mapping_diagnostics_page.py,507,write_csv,write,"]).to_csv(tree_root / ""source_parent_anchor_mapped_component_context_values.csv"", index=False)"
leap_dashboard,tests/test_mapping_diagnostics_page.py,515,write_csv,write,"}]).to_csv(tree_root / ""source_parent_anchor_leaf_reconciliation_candidates.csv"", index=False)"
leap_dashboard,tests/test_mapping_diagnostics_page.py,516,write_csv,write,"pd.DataFrame([{ ""source_system"": ""LEAP"", ""common_row_id"": ""row"", ""missing_component_pairs"": ""flow :: product"", ""relevance_evidence"": ""nonzero"", ""mapping_action"": ""review"", ""mapping_sheet_to_review"": ""leap_combined_esto"" }]).to_csv(common_root / ""qa_common_esto_unresolved_partial_coverage.csv"", index=False)"
leap_dashboard,tests/test_mapping_diagnostics_page.py,517,write_csv,write,"pd.DataFrame([{ ""leap_flow"": ""Industry"", ""leap_product"": ""Gas"", ""qa_status"": ""review"" }]).to_csv(common_root / ""qa_nonzero_unmapped_leap_branches.csv"", index=False)"
leap_dashboard,tests/test_mapping_diagnostics_page.py,518,write_csv,write,"pd.DataFrame([{ ""leap_sector_name_full_path"": ""Industry"", ""raw_leap_fuel_name"": ""Gas"", ""presence_status"": ""ESTO only"" }]).to_csv(maintenance_root / ""leap_source_presence_conflicts.csv"", index=False)"
leap_dashboard,tests/test_mapping_diagnostics_page.py,519,write_csv,write,"pd.DataFrame([{ ""coverage_status"": ""UNMAPPED"", ""mapping_status"": ""UNMAPPED"" }]).to_csv(coverage_root / ""all_demand_aggregated_coverage_gaps.csv"", index=False)"
leap_dashboard,tests/test_mapping_diagnostics_rollup_source.py,62,write_csv,write,"pd.DataFrame(catalogue_rows).to_csv(rollup_root / ""rollup_edges.csv"", index=False)"
leap_review_tools,runtime/leap_dashboard/codebase/common_esto_dashboard_data.py,197,read_csv,read,"audit = pd.read_csv(path, usecols=required, dtype=str).fillna("""")"
leap_review_tools,runtime/leap_dashboard/codebase/common_esto_dashboard_data.py,224,read_csv,read,"source_map = pd.read_csv(Path(source_to_common_map_path), dtype=str).fillna("""")"
leap_review_tools,runtime/leap_dashboard/codebase/common_esto_dashboard_data.py,236,read_csv,read,"esto_map = pd.read_csv(Path(esto_to_common_map_path), dtype=str).fillna("""")"
leap_review_tools,runtime/leap_dashboard/codebase/common_esto_dashboard_data.py,312,read_csv,read,"columns = pd.read_csv(path, nrows=0).columns"
leap_review_tools,runtime/leap_dashboard/codebase/common_esto_dashboard_data.py,448,read_csv,read,wide_df = pd.read_csv(
leap_review_tools,runtime/leap_dashboard/codebase/common_esto_dashboard_data.py,495,read_csv,read,df = pd.read_csv(
leap_review_tools,runtime/leap_dashboard/codebase/common_esto_dashboard_data.py,629,read_csv,read,"frame = pd.read_csv(member_path, dtype=str, keep_default_na=False, low_memory=False)"
leap_review_tools,runtime/leap_dashboard/codebase/common_esto_dashboard_data.py,814,read_csv,read,"registry = pd.read_csv(path, usecols=[""dataset_id"", ""native_unit""])"
leap_review_tools,runtime/leap_dashboard/codebase/common_esto_dashboard_data.py,867,read_csv,read,"sample_df = pd.read_csv(path, nrows=0, low_memory=False)"
leap_review_tools,runtime/leap_dashboard/codebase/common_esto_dashboard_data.py,898,read_csv,read,"common_rows = pd.read_csv(common_rows_path, low_memory=False).fillna("""")"
leap_review_tools,runtime/leap_dashboard/codebase/common_esto_dashboard_data.py,944,read_csv,read,"rollups = pd.read_csv(qa_path, low_memory=False).fillna("""")"
leap_review_tools,runtime/leap_dashboard/codebase/common_esto_dashboard_emissions.py,267,read_excel,read,"frame = pd.read_excel(path, sheet_name=sheet_name)"
leap_review_tools,runtime/leap_dashboard/codebase/common_esto_dashboard_emissions.py,293,read_csv,read,frame = pd.read_csv(
leap_review_tools,runtime/leap_dashboard/codebase/common_esto_dashboard_emissions.py,332,read_csv,read,"raw = pd.read_csv(_resolve_repo_path(factor_set[""path""]))"
leap_review_tools,runtime/leap_dashboard/codebase/common_esto_dashboard_emissions.py,1224,write_csv,write,"frame.to_csv(layout[""supporting""] / f""emissions_{name}.csv"", index=False)"
leap_review_tools,runtime/leap_dashboard/codebase/common_esto_dashboard_emissions.py,1227,write_csv,write,)[EMISSIONS_COLUMN].sum().to_csv(
leap_review_tools,runtime/leap_dashboard/codebase/common_esto_dashboard_portable.py,218,write_csv,write,"sign_summary_df.to_csv(layout[""supporting""] / ""sign_semantics_summary.csv"", index=False)"
leap_review_tools,runtime/leap_dashboard/codebase/common_esto_dashboard_renderer.py,6002,write_csv,write,"page_summary_df.to_csv(layout[""supporting""] / ""page_assignment_summary.csv"", index=False)"
leap_review_tools,runtime/leap_dashboard/codebase/common_esto_dashboard_renderer.py,6502,write_csv,write,"manifest_df.to_csv(layout[""supporting""] / ""chart_manifest.csv"", index=False)"
leap_review_tools,runtime/leap_initialisation/codebase/functions/analysis_input_write_dispatcher.py,166,read_excel,read,"raw = pd.read_excel(path, sheet_name=sheet_name, header=None)"
leap_review_tools,runtime/leap_initialisation/codebase/functions/analysis_input_write_dispatcher.py,193,write_excel,write,"with pd.ExcelWriter(path, **writer_kwargs) as writer:"
leap_review_tools,runtime/leap_initialisation/codebase/functions/analysis_input_write_dispatcher.py,194,write_excel,write,"output.to_excel(writer, sheet_name=sheet_name, index=False, header=False)"
leap_review_tools,runtime/leap_initialisation/codebase/functions/baseline_seed_balance_diagnostics.py,404,read_csv,read,rules = pd.read_csv(_resolve(path))
leap_review_tools,runtime/leap_initialisation/codebase/functions/baseline_seed_balance_diagnostics.py,1160,write_excel,write,with pd.ExcelWriter(output_path) as writer:
leap_review_tools,runtime/leap_initialisation/codebase/functions/baseline_seed_balance_diagnostics.py,1161,write_excel,write,"esto_mapping.to_excel(writer, sheet_name=""leap_combined_esto"", index=False)"
leap_review_tools,runtime/leap_initialisation/codebase/functions/baseline_seed_balance_diagnostics.py,1162,write_excel,write,pd.DataFrame(columns=ninth_columns).to_excel(
leap_review_tools,runtime/leap_initialisation/codebase/functions/baseline_seed_balance_diagnostics.py,3130,write_csv,write,"differences.to_csv(differences_path, index=False)"
leap_review_tools,runtime/leap_initialisation/codebase/functions/baseline_seed_balance_diagnostics.py,3136,write_csv,write,"mapping_issues.to_csv(mapping_issues_path, index=False)"
leap_review_tools,runtime/leap_initialisation/codebase/functions/baseline_seed_balance_diagnostics.py,3146,write_csv,write,"ignored_rows.to_csv(ignored_rows_path, index=False)"
leap_review_tools,runtime/leap_initialisation/codebase/functions/baseline_seed_balance_diagnostics.py,3156,write_csv,write,"projection_diagnostics.to_csv(projection_diagnostics_path, index=False)"
leap_review_tools,runtime/leap_initialisation/codebase/functions/baseline_seed_balance_diagnostics.py,3165,write_csv,write,"review.to_csv(review_path, index=False)"
leap_review_tools,runtime/leap_initialisation/codebase/functions/baseline_seed_validation.py,1739,read_excel,read,data = pd.read_excel(
leap_review_tools,runtime/leap_initialisation/codebase/functions/baseline_seed_validation.py,1759,read_excel,read,data = pd.read_excel(
leap_review_tools,runtime/leap_initialisation/codebase/functions/baseline_seed_validation.py,2287,write_csv,write,"filter_actionable_findings(result.findings).to_csv(findings_path, index=False)"
leap_review_tools,runtime/leap_initialisation/codebase/functions/baseline_seed_validation.py,2288,write_csv,write,"result.duplicate_groups.to_csv(duplicates_path, index=False)"
leap_review_tools,runtime/leap_initialisation/codebase/functions/baseline_seed_validation.py,2290,write_csv,write,"build_validation_issue_groups(actionable_findings).to_csv(issue_groups_path, index=False)"
leap_review_tools,runtime/leap_initialisation/codebase/functions/baseline_seed_validation.py,2291,write_csv,write,"build_branch_issue_summary(actionable_findings).to_csv(branch_issue_summary_path, index=False)"
leap_review_tools,runtime/leap_initialisation/codebase/functions/leap_core.py,522,write_excel,write,"with pd.ExcelWriter(filename, engine='openpyxl') as writer:"
leap_review_tools,runtime/leap_initialisation/codebase/functions/leap_core.py,523,write_excel,write,"export_df.to_excel(writer, sheet_name='All_Data', index=False)"
leap_review_tools,runtime/leap_initialisation/codebase/functions/leap_core.py,1774,read_excel,read,"return pd.read_excel(path, sheet_name=sheet_name, header=header_guess)"
leap_review_tools,runtime/leap_initialisation/codebase/functions/leap_core.py,1997,read_excel,read,"return pd.read_excel(path, sheet_name=sheet_name, header=header_guess)"
leap_review_tools,runtime/leap_initialisation/codebase/functions/leap_excel_io.py,137,read_excel,read,"raw = pd.read_excel(resolved, sheet_name=sheet_name, header=None)"
leap_review_tools,runtime/leap_initialisation/codebase/functions/leap_excel_io.py,196,read_excel,read,"raw = pd.read_excel(path, sheet_name=sheet_name, header=None)"
leap_review_tools,runtime/leap_initialisation/codebase/functions/leap_excel_io.py,220,write_excel,write,"with pd.ExcelWriter(path, **writer_kwargs) as writer:"
leap_review_tools,runtime/leap_initialisation/codebase/functions/leap_excel_io.py,221,write_excel,write,"output.to_excel(writer, sheet_name=sheet_name, index=False, header=False)"
leap_review_tools,runtime/leap_initialisation/codebase/functions/leap_excel_io.py,302,read_excel,read,"reference = pd.read_excel(path, sheet_name=sheet_name, header=2)"
leap_review_tools,runtime/leap_initialisation/codebase/functions/leap_excel_io.py,369,write_excel,write,"instructions.to_excel(writer, sheet_name=""Instructions"", index=False)"
leap_review_tools,runtime/leap_initialisation/codebase/functions/leap_excel_io.py,816,write_csv,write,"diagnostic.to_csv(diagnostic_path, index=False)"
leap_review_tools,runtime/leap_initialisation/codebase/functions/leap_excel_io.py,835,write_excel,write,"with pd.ExcelWriter(out_path, engine=""openpyxl"") as writer:"
leap_review_tools,runtime/leap_initialisation/codebase/functions/leap_excel_io.py,836,write_excel,write,"export_df_for_viewing2.to_excel(writer, sheet_name=""FOR_VIEWING"", index=False, header=False, startrow=0)"
leap_review_tools,runtime/leap_initialisation/codebase/functions/leap_excel_io.py,837,write_excel,write,"leap_export_df2.to_excel(writer, sheet_name=""LEAP"", index=False, header=False, startrow=0)"
leap_review_tools,runtime/leap_initialisation/codebase/functions/leap_excel_io.py,895,read_excel,read,"import_df = pd.read_excel(import_filename, sheet_name='Export', header=2)"
leap_review_tools,runtime/leap_initialisation/codebase/functions/leap_excel_io.py,1275,read_csv,read,energy_df = pd.read_csv(source_path)
leap_review_tools,runtime/leap_initialisation/codebase/functions/leap_excel_io.py,1277,read_excel,read,energy_df = pd.read_excel(source_path)
leap_review_tools,runtime/leap_initialisation/codebase/functions/leap_excel_io.py,1359,write_excel,write,"with pd.ExcelWriter(leap_export_filename, engine=""openpyxl"", mode=""w"") as writer:"
leap_review_tools,runtime/leap_initialisation/codebase/functions/leap_excel_io.py,1360,write_excel,write,"export_df.to_excel(writer, sheet_name=sheet_name, index=False)"
leap_review_tools,runtime/leap_initialisation/codebase/functions/transformation_analysis_utils.py,1383,read_excel,read,"mapping_df = pd.read_excel(path, sheet_name=""leap_display_names"")"
leap_review_tools,runtime/leap_initialisation/codebase/functions/transformation_analysis_utils.py,1817,write_csv,write,"context.to_csv(output_path, index=False)"
leap_review_tools,runtime/leap_initialisation/codebase/functions/transformation_analysis_utils.py,1909,write_csv,write,"projection_diagnostics.to_csv(PROJECTION_DIAGNOSTICS_PATH, index=False)"
leap_review_tools,runtime/leap_initialisation/codebase/functions/transformation_record_builder.py,2340,write_csv,write,"process_summary.to_csv(process_summary_path, index=False)"
leap_review_tools,runtime/leap_initialisation/codebase/functions/transformation_record_builder.py,2341,write_csv,write,"detail_summary.to_csv(detail_summary_path, index=False)"
leap_review_tools,runtime/leap_initialisation/codebase/mappings/canonical_loaders.py,210,read_excel,read,"frame = pd.read_excel(path, **read_kwargs)"
leap_review_tools,runtime/leap_initialisation/codebase/portable_release/validation.py,761,read_excel,read,"sheet = pd.read_excel(Path(str(mapping_workbook_path)), sheet_name=""leap_combined_esto"")"
leap_review_tools,runtime/leap_initialisation/codebase/utilities/energy_balance_template_extractor.py,99,read_excel,read,frame = pd.read_excel(
leap_review_tools,runtime/leap_initialisation/codebase/utilities/energy_balance_template_extractor.py,147,read_excel,read,"frame = pd.read_excel(workbook, sheet_name=sheet_name, dtype=str).fillna("""")"
leap_review_tools,runtime/leap_initialisation/codebase/utilities/energy_balance_template_extractor.py,275,write_csv,write,"conflict_rows.to_csv(output_path, index=False)"
leap_review_tools,runtime/leap_initialisation/codebase/utilities/energy_balance_template_extractor.py,464,read_excel,read,"return pd.read_excel(path, sheet_name=sheet_name, **kwargs)"
leap_review_tools,runtime/leap_initialisation/codebase/utilities/energy_balance_template_extractor.py,978,write_csv,write,"diag.to_csv(diag_path, index=False, encoding=""utf-8-sig"")"
leap_review_tools,runtime/leap_initialisation/codebase/utilities/energy_balance_template_extractor.py,1029,write_csv,write,"warning_export.to_csv(warning_path, index=False, encoding=""utf-8-sig"")"
leap_review_tools,runtime/leap_initialisation/codebase/utilities/energy_balance_template_extractor.py,2174,write_csv,write,"raw_long.to_csv(raw_path, index=False)"
leap_review_tools,runtime/leap_initialisation/codebase/utilities/energy_balance_template_extractor.py,2175,write_csv,write,"mapped_long.to_csv(mapped_path, index=False)"
leap_review_tools,runtime/leap_initialisation/codebase/utilities/energy_balance_template_extractor.py,2176,write_csv,write,"simple_main.to_csv(main_simple_path, index=False)"
leap_review_tools,runtime/leap_initialisation/codebase/utilities/energy_balance_template_extractor.py,2177,write_csv,write,"coverage.to_csv(coverage_path, index=False)"
leap_review_tools,runtime/leap_initialisation/codebase/utilities/energy_balance_template_extractor.py,2178,write_csv,write,"unit_diag.to_csv(unit_diag_path, index=False)"
leap_review_tools,runtime/leap_initialisation/codebase/utilities/energy_balance_template_extractor.py,2179,write_csv,write,"report[""diagnostics""].to_csv(diag_path, index=False)"
leap_review_tools,runtime/leap_initialisation/codebase/utilities/energy_balance_template_extractor.py,2180,write_csv,write,"report[""many_to_many_is_ok_diagnostics""].to_csv(many_to_many_diag_path, index=False)"
leap_review_tools,runtime/leap_initialisation/codebase/utilities/energy_balance_template_extractor.py,2181,write_csv,write,"pd.DataFrame([report[""summary""]]).to_csv(summary_path, index=False)"
leap_review_tools,runtime/leap_initialisation/codebase/utilities/esto_reference_loader.py,73,write_csv,write,"df.to_csv(path, index=False)"
leap_review_tools,runtime/leap_initialisation/codebase/utilities/esto_reference_loader.py,200,write_csv,write,"esto_df.to_csv(esto_cache, index=False)"
leap_review_tools,runtime/leap_initialisation/codebase/utilities/esto_reference_loader.py,201,write_csv,write,"ninth_df.to_csv(ninth_cache, index=False)"
leap_review_tools,runtime/leap_initialisation/codebase/utilities/fuel_catalog_preflight.py,216,read_csv,read,frame = pd.read_csv(cache_path)
leap_review_tools,runtime/leap_initialisation/codebase/utilities/fuel_catalog_preflight.py,223,write_csv,write,"frame.to_csv(cache_path, index=False)"
leap_review_tools,runtime/leap_initialisation/codebase/utilities/fuel_catalog_preflight.py,265,write_csv,write,"catalog_df.to_csv(catalog_file, index=False)"
leap_review_tools,runtime/leap_initialisation/codebase/utilities/fuel_catalog_preflight.py,267,write_csv,write,"registry_df.to_csv(registry_file, index=False)"
leap_review_tools,runtime/leap_initialisation/codebase/utilities/fuel_catalog_preflight.py,674,write_csv,write,"probe_df.to_csv(probe_path_resolved, index=False)"
leap_review_tools,runtime/leap_initialisation/codebase/utilities/fuel_catalog_preflight.py,709,write_csv,write,"registry_df.to_csv(registry_file, index=False)"
leap_review_tools,runtime/leap_initialisation/codebase/utilities/fuel_catalog_preflight.py,713,write_csv,write,"merged_df.to_csv(catalog_path_resolved, index=False)"
leap_review_tools,runtime/leap_initialisation/codebase/utilities/fuel_catalog_preflight.py,964,read_csv,read,df = pd.read_csv(path)
leap_review_tools,runtime/leap_initialisation/codebase/utilities/fuel_catalog_preflight.py,969,read_excel,read,"df = pd.read_excel(path, sheet_name=sheet_name, header=header)"
leap_review_tools,runtime/leap_initialisation/codebase/utilities/fuel_catalog_preflight.py,976,read_excel,read,"raw = pd.read_excel(path, sheet_name=sheet_name, header=None)"
leap_review_tools,runtime/leap_initialisation/codebase/utilities/fuel_catalog_preflight.py,1109,read_csv,read,df = pd.read_csv(path)
leap_review_tools,runtime/leap_initialisation/codebase/utilities/leap_balance_export_resolver.py,811,read_excel,read,"raw = pd.read_excel(workbook, sheet_name=sheet_name, header=None)"
leap_review_tools,runtime/leap_initialisation/codebase/utilities/leap_results_dashboard_balance.py,439,read_excel,read,"frame = pd.read_excel(workbook, sheet_name=sheet_name, dtype=str).fillna("""")"
leap_review_tools,runtime/leap_initialisation/codebase/utilities/leap_results_dashboard_balance.py,2134,read_excel,read,"mapping = pd.read_excel(mapping_workbook_path, sheet_name=sheet_name, dtype=str).fillna("""")"
leap_review_tools,runtime/leap_initialisation/codebase/utilities/leap_results_dashboard_balance.py,2299,write_excel,write,with pd.ExcelWriter(output_path) as writer:
leap_review_tools,runtime/leap_initialisation/codebase/utilities/leap_results_dashboard_balance.py,2300,write_excel,write,"esto_candidates.to_excel(writer, sheet_name=""esto_missing_paths"", index=False)"
leap_review_tools,runtime/leap_initialisation/codebase/utilities/leap_results_dashboard_balance.py,2301,write_excel,write,"ninth_candidates.to_excel(writer, sheet_name=""ninth_missing_paths"", index=False)"
leap_review_tools,runtime/leap_initialisation/codebase/utilities/leap_results_dashboard_balance.py,2302,write_excel,write,"summary.to_excel(writer, sheet_name=""summary"", index=False)"
leap_review_tools,runtime/leap_initialisation/codebase/utilities/leap_results_dashboard_balance.py,2403,write_excel,write,with pd.ExcelWriter(output_path) as writer:
leap_review_tools,runtime/leap_initialisation/codebase/utilities/leap_results_dashboard_balance.py,2404,write_excel,write,"leap_missing.to_excel(writer, sheet_name=""missing_leap_pairs_nonzero"", index=False)"
leap_review_tools,runtime/leap_initialisation/codebase/utilities/leap_results_dashboard_balance.py,2405,write_excel,write,"ninth_missing.to_excel(writer, sheet_name=""missing_ninth_pairs_nonzero"", index=False)"
leap_review_tools,runtime/leap_initialisation/codebase/utilities/leap_results_dashboard_balance.py,2406,write_excel,write,"esto_missing.to_excel(writer, sheet_name=""missing_esto_pairs_nonzero"", index=False)"
leap_review_tools,runtime/leap_initialisation/codebase/utilities/leap_results_dashboard_balance.py,2407,write_excel,write,"summary.to_excel(writer, sheet_name=""summary"", index=False)"
leap_review_tools,runtime/leap_initialisation/codebase/utilities/leap_results_dashboard_balance.py,2752,read_excel,read,"mapping = pd.read_excel(mapping_workbook_path, sheet_name=sheet_name, dtype=str).fillna("""")"
leap_review_tools,runtime/leap_initialisation/codebase/utilities/leap_results_dashboard_balance.py,3002,read_excel,read,"mapping = pd.read_excel(mapping_workbook_path, sheet_name=mapping_sheet_name, dtype=str).fillna("""")"
leap_review_tools,runtime/leap_initialisation/codebase/utilities/leap_results_dashboard_balance.py,3308,write_excel,write,with pd.ExcelWriter(output_path) as writer:
leap_review_tools,runtime/leap_initialisation/codebase/utilities/leap_results_dashboard_balance.py,3309,write_excel,write,"all_chart_groups_sheet_df.to_excel(writer, sheet_name=""all_chart_groups"", index=False)"
leap_review_tools,runtime/leap_initialisation/codebase/utilities/leap_results_dashboard_balance.py,3310,write_excel,write,"chart_group_exposure.to_excel(writer, sheet_name=""chart_group_exposure"", index=False)"
leap_review_tools,runtime/leap_initialisation/codebase/utilities/leap_results_dashboard_balance.py,3311,write_excel,write,"missing_leap.to_excel(writer, sheet_name=""missing_leap_pairs_nonzero"", index=False)"
leap_review_tools,runtime/leap_initialisation/codebase/utilities/leap_results_dashboard_balance.py,3312,write_excel,write,"missing_ninth.to_excel(writer, sheet_name=""missing_ninth_dashboard_pairs"", index=False)"
leap_review_tools,runtime/leap_initialisation/codebase/utilities/leap_results_dashboard_balance.py,3313,write_excel,write,"missing_esto.to_excel(writer, sheet_name=""missing_esto_dashboard_pairs"", index=False)"
leap_review_tools,runtime/leap_initialisation/codebase/utilities/leap_results_dashboard_balance.py,3314,write_excel,write,"duplicate_ninth.to_excel(writer, sheet_name=""duplicate_ninth_dashboard_pairs"", index=False)"
leap_review_tools,runtime/leap_initialisation/codebase/utilities/leap_results_dashboard_balance.py,3315,write_excel,write,"duplicate_esto.to_excel(writer, sheet_name=""duplicate_esto_dashboard_pairs"", index=False)"
leap_review_tools,runtime/leap_initialisation/codebase/utilities/leap_results_dashboard_balance.py,3316,write_excel,write,"allowed_many_to_one_esto.to_excel(writer, sheet_name=""allowed_many_to_one_esto"", index=False)"
leap_review_tools,runtime/leap_initialisation/codebase/utilities/leap_results_dashboard_balance.py,3317,write_excel,write,"split_components.to_excel(writer, sheet_name=""split_esto_mapping_components"", index=False)"
leap_review_tools,runtime/leap_initialisation/codebase/utilities/leap_results_dashboard_balance.py,3318,write_excel,write,"parent_child_warnings.to_excel(writer, sheet_name=""parent_child_esto_warnings"", index=False)"
leap_review_tools,runtime/leap_initialisation/codebase/utilities/leap_results_dashboard_balance.py,3319,write_excel,write,"summary.to_excel(writer, sheet_name=""summary"", index=False)"
leap_review_tools,runtime/leap_initialisation/codebase/utilities/leap_results_dashboard_balance.py,3372,read_csv,read,"chart_groups = pd.read_csv(chart_path, dtype=str).fillna("""")"
leap_review_tools,runtime/leap_initialisation/codebase/utilities/leap_results_dashboard_balance.py,3914,write_excel,write,with pd.ExcelWriter(output_path) as writer:
leap_review_tools,runtime/leap_initialisation/codebase/utilities/leap_results_dashboard_balance.py,3915,write_excel,write,"empty.to_excel(writer, sheet_name=""missing_exact_9th_pairs"", index=False)"
leap_review_tools,runtime/leap_initialisation/codebase/utilities/leap_results_dashboard_balance.py,3916,write_excel,write,"empty.to_excel(writer, sheet_name=""missing_uncovered_9th_pairs"", index=False)"
leap_review_tools,runtime/leap_initialisation/codebase/utilities/leap_results_dashboard_balance.py,3917,write_excel,write,"empty.to_excel(writer, sheet_name=""all_9th_data_paths"", index=False)"
leap_review_tools,runtime/leap_initialisation/codebase/utilities/leap_results_dashboard_balance.py,3918,write_excel,write,"empty_hierarchy.to_excel(writer, sheet_name=""missing_hierarchy_pairs"", index=False)"
leap_review_tools,runtime/leap_initialisation/codebase/utilities/leap_results_dashboard_balance.py,3919,write_excel,write,"empty_hierarchy.to_excel(writer, sheet_name=""all_hierarchy_pairs"", index=False)"
leap_review_tools,runtime/leap_initialisation/codebase/utilities/leap_results_dashboard_balance.py,4140,write_excel,write,with pd.ExcelWriter(output_path) as writer:
leap_review_tools,runtime/leap_initialisation/codebase/utilities/leap_results_dashboard_balance.py,4141,write_excel,write,"missing_exact.to_excel(writer, sheet_name=""missing_exact_9th_pairs"", index=False)"
leap_review_tools,runtime/leap_initialisation/codebase/utilities/leap_results_dashboard_balance.py,4142,write_excel,write,"missing_uncovered.to_excel(writer, sheet_name=""missing_uncovered_9th_pairs"", index=False)"
leap_review_tools,runtime/leap_initialisation/codebase/utilities/leap_results_dashboard_balance.py,4143,write_excel,write,"all_data.to_excel(writer, sheet_name=""all_9th_data_paths"", index=False)"
leap_review_tools,runtime/leap_initialisation/codebase/utilities/leap_results_dashboard_balance.py,4144,write_excel,write,"missing_hierarchy.to_excel(writer, sheet_name=""missing_hierarchy_pairs"", index=False)"
leap_review_tools,runtime/leap_initialisation/codebase/utilities/leap_results_dashboard_balance.py,4145,write_excel,write,"all_hierarchy.to_excel(writer, sheet_name=""all_hierarchy_pairs"", index=False)"
leap_review_tools,runtime/leap_initialisation/codebase/utilities/leap_results_dashboard_balance.py,4146,write_excel,write,"summary.to_excel(writer, sheet_name=""summary"", index=False)"
leap_review_tools,runtime/leap_initialisation/codebase/utilities/leap_results_dashboard_balance.py,5311,write_csv,write,"df.to_csv(output_path, index=False)"
leap_review_tools,runtime/leap_initialisation/codebase/utilities/leap_results_dashboard_balance.py,7051,write_csv,write,").sort_values([""dashboard_path"", ""template_order"", ""chart_group_key"", ""sheet"", ""measure"", ""fuel"", ""esto_flow"", ""esto_product""]).to_csv(csv_path, index=False)"
leap_review_tools,runtime/leap_initialisation/codebase/utilities/leap_results_dashboard_balance.py,7362,write_csv,write,"exposed_df.to_csv(chart_group_path, index=False)"
leap_review_tools,runtime/leap_initialisation/codebase/utilities/leap_results_dashboard_balance.py,7391,write_csv,write,"all_chart_groups_df.to_csv(all_chart_groups_path, index=False)"
leap_review_tools,runtime/leap_initialisation/codebase/utilities/leap_results_dashboard_balance.py,7444,write_csv,write,"empty_pages_df.to_csv(empty_pages_path, index=False)"
leap_review_tools,runtime/leap_initialisation/codebase/utilities/master_config.py,107,read_excel,read,combined = pd.read_excel(
leap_review_tools,runtime/leap_initialisation/codebase/utilities/master_config.py,138,read_excel,read,"return pd.read_excel(path, **kwargs)"
leap_review_tools,runtime/leap_initialisation/codebase/utilities/master_config.py,214,read_csv,read,"return pd.read_csv(runtime_table, **kwargs)"
leap_review_tools,runtime/leap_initialisation/codebase/utilities/master_config.py,222,read_csv,read,"return pd.read_csv(path, **kwargs)"
leap_review_tools,runtime/leap_initialisation/codebase/utilities/workflow_common.py,281,write_csv,write,"df.to_csv(output_path, index=False)"
leap_review_tools,runtime/leap_initialisation/codebase/utilities/workflow_common.py,291,write_csv,write,"df.to_csv(history_path, index=False)"
leap_review_tools,runtime/leap_initialisation/codebase/utilities/workflow_common.py,367,read_csv,read,df = pd.read_csv(f)
leap_review_tools,runtime/leap_initialisation/codebase/utilities/workflow_common.py,669,read_excel,read,df = pd.read_excel(
leap_review_tools,runtime/leap_initialisation/codebase/utilities/workflow_common.py,764,write_csv,write,"pd.DataFrame(rows).to_csv(out_path, index=False)"
leap_review_tools,runtime/leap_initialisation/codebase/utilities/workflow_outputs.py,148,read_csv,read,"return pd.read_csv(path, nrows=0).columns.astype(str).tolist()"
leap_review_tools,runtime/leap_initialisation/codebase/utilities/workflow_outputs.py,154,read_excel,read,"return pd.read_excel(path, sheet_name=first_sheet, nrows=0).columns.astype(str).tolist()"
leap_review_tools,runtime/leap_initialisation/codebase/utilities/leap_results_dashboard_v2/config_loader.py,51,write_csv,write,"conflicts.to_csv(out, index=False)"
leap_review_tools,runtime/leap_initialisation/codebase/utilities/leap_results_dashboard_v2/shadow_compare.py,11,read_csv,read,return pd.read_csv(path)
leap_review_tools,runtime/leap_initialisation/codebase/utilities/leap_results_dashboard_v2/shadow_compare.py,51,write_csv,write,"diff_rows.to_csv(detail, index=False)"
leap_review_tools,runtime/leap_initialisation/codebase/utilities/leap_results_dashboard_v2/shadow_compare.py,55,write_csv,write,"pd.DataFrame(rows).to_csv(out_path, index=False)"
leap_review_tools,runtime/leap_mappings/codebase/mapping_issue_exceptions.py,50,read_excel,read,"source_df = pd.read_excel(workbook_path, sheet_name=sheet_name, dtype=object)"
leap_review_tools,runtime/leap_mappings/codebase/mapping_issue_exceptions.py,98,read_excel,read,"sheet = pd.read_excel(workbook_path, sheet_name=sheet_name, dtype=str).fillna("""")"
leap_review_tools,runtime/leap_mappings/codebase/portable_mapping_chain.py,205,read_csv,read,"esto_df = pd.read_csv(esto_table, dtype=object)"
leap_review_tools,runtime/leap_mappings/codebase/portable_mapping_chain.py,221,write_csv,write,"esto_out.to_csv(prepared, index=False)"
leap_review_tools,runtime/leap_mappings/codebase/mapping_tools/apply_common_esto_structure.py,219,read_excel,read,return pd.read_excel(path)
leap_review_tools,runtime/leap_mappings/codebase/mapping_tools/apply_common_esto_structure.py,220,read_csv,read,return pd.read_csv(
leap_review_tools,runtime/leap_mappings/codebase/mapping_tools/apply_common_esto_structure.py,922,write_csv,write,"pruned_components_df.to_csv(diagnostics_dir / ""common_esto_components_pruned_not_applicable.csv"", index=False)"
leap_review_tools,runtime/leap_mappings/codebase/mapping_tools/apply_common_esto_structure.py,939,write_csv,write,"relevance_df.to_csv(diagnostics_dir / ""common_esto_component_relevance.csv"", index=False)"
leap_review_tools,runtime/leap_mappings/codebase/mapping_tools/apply_common_esto_structure.py,940,write_csv,write,"pruned_components_df.to_csv(output_dir / ""qa_common_esto_existing_components_without_relevance.csv"", index=False)"
leap_review_tools,runtime/leap_mappings/codebase/mapping_tools/apply_common_esto_structure.py,941,write_csv,write,"leap_branch_audit_df.to_csv(output_dir / ""qa_nonzero_unmapped_leap_branches.csv"", index=False)"
leap_review_tools,runtime/leap_mappings/codebase/mapping_tools/apply_common_esto_structure.py,942,write_csv,write,"actionable_partial_df.to_csv(output_dir / ""qa_common_esto_unresolved_partial_coverage.csv"", index=False)"
leap_review_tools,runtime/leap_mappings/codebase/mapping_tools/apply_common_esto_structure.py,943,write_csv,write,"inactive_partial_df.to_csv(output_dir / ""qa_common_esto_partial_coverage_components_without_relevance.csv"", index=False)"
leap_review_tools,runtime/leap_mappings/codebase/mapping_tools/apply_common_esto_structure.py,1181,write_csv,write,lineage_chunk_df.to_csv(
leap_review_tools,runtime/leap_mappings/codebase/mapping_tools/apply_common_esto_structure.py,1220,write_csv,write,").to_csv(lineage_handle, index=False)"
leap_review_tools,runtime/leap_mappings/codebase/mapping_tools/apply_common_esto_structure.py,1308,write_csv,write,"df.to_csv(diagnostics_dir / f""{name}.csv"", index=False)"
leap_review_tools,runtime/leap_mappings/codebase/mapping_tools/apply_common_esto_structure.py,1309,write_excel,write,"with pd.ExcelWriter(diagnostics_dir / ""broad_common_row_diagnostics.xlsx"", engine=""openpyxl"") as writer:"
leap_review_tools,runtime/leap_mappings/codebase/mapping_tools/apply_common_esto_structure.py,1311,write_excel,write,"df.to_excel(writer, sheet_name=name[:31], index=False)"
leap_review_tools,runtime/leap_mappings/codebase/mapping_tools/apply_common_esto_structure.py,1433,write_csv,write,"product_diagnostics_df.to_csv(diagnostics_dir / ""intersecting_common_product_groups.csv"", index=False)"
leap_review_tools,runtime/leap_mappings/codebase/mapping_tools/apply_common_esto_structure.py,1434,write_csv,write,"flow_diagnostics_df.to_csv(diagnostics_dir / ""intersecting_common_flow_groups.csv"", index=False)"
leap_review_tools,runtime/leap_mappings/codebase/mapping_tools/apply_common_esto_structure.py,1435,write_excel,write,"with pd.ExcelWriter(diagnostics_dir / ""intersecting_common_axis_groups.xlsx"", engine=""openpyxl"") as writer:"
leap_review_tools,runtime/leap_mappings/codebase/mapping_tools/apply_common_esto_structure.py,1436,write_excel,write,"product_diagnostics_df.to_excel(writer, sheet_name=""product_group_overlaps"", index=False)"
leap_review_tools,runtime/leap_mappings/codebase/mapping_tools/apply_common_esto_structure.py,1437,write_excel,write,"flow_diagnostics_df.to_excel(writer, sheet_name=""flow_group_overlaps"", index=False)"
leap_review_tools,runtime/leap_mappings/codebase/mapping_tools/apply_common_esto_structure.py,1695,write_csv,write,"df.to_csv(output_path, index=False)"
leap_review_tools,runtime/leap_mappings/codebase/mapping_tools/apply_common_esto_structure.py,1701,write_csv,write,"df.to_csv(fallback_path, index=False)"
leap_review_tools,runtime/leap_mappings/codebase/mapping_tools/apply_common_esto_structure.py,1847,write_csv,write,"status_df.to_csv(output_dir / ""common_esto_output_status.csv"", index=False)"
leap_review_tools,runtime/leap_mappings/codebase/mapping_tools/apply_common_esto_structure.py,1904,write_csv,write,"status_df.to_csv(output_dir / ""common_esto_output_status.csv"", index=False)"
leap_review_tools,runtime/leap_mappings/codebase/mapping_tools/apply_common_esto_structure.py,1963,read_csv,read,"common_rows_df = pd.read_csv(common_rows_path, dtype=str).fillna("""")"
leap_review_tools,runtime/leap_mappings/codebase/mapping_tools/apply_common_esto_structure.py,2054,read_csv,read,"common_rows_df = pd.read_csv(common_rows_path, dtype=str).fillna("""")"
leap_review_tools,runtime/leap_mappings/codebase/mapping_tools/apply_common_esto_structure.py,2091,read_csv,read,raw_source_df = pd.read_csv(
leap_review_tools,runtime/leap_mappings/codebase/mapping_tools/apply_common_esto_structure.py,2095,read_excel,read,direct_mapping_df = pd.read_excel(
leap_review_tools,runtime/leap_mappings/codebase/mapping_tools/apply_common_esto_structure.py,2099,read_excel,read,bridge_mapping_df = pd.read_excel(
leap_review_tools,runtime/leap_mappings/codebase/mapping_tools/apply_common_esto_structure.py,2103,read_excel,read,bridge_target_mapping_df = pd.read_excel(
leap_review_tools,runtime/leap_mappings/codebase/mapping_tools/apply_common_esto_structure.py,2199,read_csv,read,"structural_partial_df = pd.read_csv(structural_partial_coverage_path, low_memory=False)"
leap_review_tools,runtime/leap_mappings/codebase/mapping_tools/build_dataset_tree_structure.py,127,read_excel,read,"rules = pd.read_excel(workbook_path, sheet_name=""esto_rollup_rules"", dtype=object)"
leap_review_tools,runtime/leap_mappings/codebase/mapping_tools/build_dataset_tree_structure.py,285,read_csv,read,"df = pd.read_csv(data_csv_path, dtype=object)"
leap_review_tools,runtime/leap_mappings/codebase/mapping_tools/build_dataset_tree_structure.py,516,read_csv,read,"df = data_df.copy() if data_df is not None else pd.read_csv(data_csv_path, dtype=object)"
leap_review_tools,runtime/leap_mappings/codebase/mapping_tools/build_dataset_tree_structure.py,534,read_excel,read,"esto_df  = pd.read_excel(workbook_path, sheet_name=""leap_combined_esto"",  dtype=object)"
leap_review_tools,runtime/leap_mappings/codebase/mapping_tools/build_dataset_tree_structure.py,535,read_excel,read,"ninth_df = pd.read_excel(workbook_path, sheet_name=""leap_combined_ninth"", dtype=object)"
leap_review_tools,runtime/leap_mappings/codebase/mapping_tools/build_dataset_tree_structure.py,604,read_csv,read,"df = pd.read_csv(common_rows_path, dtype=object)"
leap_review_tools,runtime/leap_mappings/codebase/mapping_tools/build_dataset_tree_structure.py,676,read_csv,read,"data = pd.read_csv(data_csv_path, dtype=object)"
leap_review_tools,runtime/leap_mappings/codebase/mapping_tools/build_dataset_tree_structure.py,935,read_excel,read,"pairs = pd.read_excel(Path(workbook_path), sheet_name=""ninth_pairs_to_esto_pairs"", dtype=object)"
leap_review_tools,runtime/leap_mappings/codebase/mapping_tools/build_dataset_tree_structure.py,1151,read_csv,read,"df = data_df.copy() if data_df is not None else pd.read_csv(data_csv_path, dtype=object)"
leap_review_tools,runtime/leap_mappings/codebase/mapping_tools/build_dataset_tree_structure.py,1165,read_excel,read,"pairs = pd.read_excel(workbook_path, sheet_name=""ninth_pairs_to_esto_pairs"", dtype=object)"
leap_review_tools,runtime/leap_mappings/codebase/mapping_tools/build_dataset_tree_structure.py,1339,read_excel,read,"pairs = pd.read_excel(workbook_path, sheet_name=""ninth_pairs_to_esto_pairs"", dtype=object).fillna("""")"
leap_review_tools,runtime/leap_mappings/codebase/mapping_tools/build_dataset_tree_structure.py,1350,read_csv,read,"common_rows = pd.read_csv(common_rows_path, dtype=object).fillna("""")"
leap_review_tools,runtime/leap_mappings/codebase/mapping_tools/build_dataset_tree_structure.py,1414,read_csv,read,"df = data_df.copy() if data_df is not None else pd.read_csv(data_csv_path, dtype=object)"
leap_review_tools,runtime/leap_mappings/codebase/mapping_tools/build_dataset_tree_structure.py,1454,read_excel,read,"pairs = pd.read_excel(workbook_path, sheet_name=""ninth_pairs_to_esto_pairs"", dtype=object)"
leap_review_tools,runtime/leap_mappings/codebase/mapping_tools/build_dataset_tree_structure.py,1472,read_csv,read,"common_rows = pd.read_csv(common_rows_path, dtype=object)"
leap_review_tools,runtime/leap_mappings/codebase/mapping_tools/build_dataset_tree_structure.py,1599,read_excel,read,"pairs = pd.read_excel(workbook_path, sheet_name=""ninth_pairs_to_esto_pairs"", dtype=object).fillna("""")"
leap_review_tools,runtime/leap_mappings/codebase/mapping_tools/build_dataset_tree_structure.py,1601,read_csv,read,"common_rows = pd.read_csv(common_rows_path, dtype=object).fillna("""")"
leap_review_tools,runtime/leap_mappings/codebase/mapping_tools/build_dataset_tree_structure.py,1661,read_csv,read,"df = data_df.copy() if data_df is not None else pd.read_csv(data_csv_path, dtype=object)"
leap_review_tools,runtime/leap_mappings/codebase/mapping_tools/build_dataset_tree_structure.py,1697,read_excel,read,"pairs = pd.read_excel(workbook_path, sheet_name=""ninth_pairs_to_esto_pairs"", dtype=object)"
leap_review_tools,runtime/leap_mappings/codebase/mapping_tools/build_dataset_tree_structure.py,1709,read_csv,read,"common_rows = pd.read_csv(common_rows_path, dtype=object)"
leap_review_tools,runtime/leap_mappings/codebase/mapping_tools/build_dataset_tree_structure.py,1798,read_csv,read,"leap_df = pd.concat([pd.read_csv(path, dtype=object) for path in available], ignore_index=True)"
leap_review_tools,runtime/leap_mappings/codebase/mapping_tools/build_dataset_tree_structure.py,1805,read_excel,read,"esto_map = pd.read_excel(workbook_path, sheet_name=""leap_combined_esto"", dtype=object).fillna("""")"
leap_review_tools,runtime/leap_mappings/codebase/mapping_tools/build_dataset_tree_structure.py,1812,read_csv,read,"esto_flows = set(pd.read_csv(esto_data_path, usecols=[""flows""], dtype=object)[""flows""].dropna().map(_str))"
leap_review_tools,runtime/leap_mappings/codebase/mapping_tools/build_dataset_tree_structure.py,1958,read_csv,read,"[pd.read_csv(p, dtype=object) for p in available], ignore_index=True"
leap_review_tools,runtime/leap_mappings/codebase/mapping_tools/build_dataset_tree_structure.py,1967,read_excel,read,"esto_map = pd.read_excel(workbook_path, sheet_name=""leap_combined_esto"", dtype=object)"
leap_review_tools,runtime/leap_mappings/codebase/mapping_tools/build_dataset_tree_structure.py,1981,read_csv,read,"pd.read_csv(esto_data_path, usecols=[""flows""], dtype=object)[""flows""]"
leap_review_tools,runtime/leap_mappings/codebase/mapping_tools/build_dataset_tree_structure.py,2266,read_csv,read,"data = pd.read_csv(data_csv_path, dtype=object)"
leap_review_tools,runtime/leap_mappings/codebase/mapping_tools/build_dataset_tree_structure.py,2481,read_csv,read,"data = pd.read_csv(comparison_data_path, dtype=object)"
leap_review_tools,runtime/leap_mappings/codebase/mapping_tools/build_dataset_tree_structure.py,2782,write_csv,write,"all_trees.to_csv(all_trees_path, index=False)"
leap_review_tools,runtime/leap_mappings/codebase/mapping_tools/build_dataset_tree_structure.py,2792,write_csv,write,"esto_validation.to_csv(esto_val_path, index=False)"
leap_review_tools,runtime/leap_mappings/codebase/mapping_tools/build_dataset_tree_structure.py,2808,write_csv,write,"ninth_validation.to_csv(ninth_val_path, index=False)"
leap_review_tools,runtime/leap_mappings/codebase/mapping_tools/build_dataset_tree_structure.py,2822,write_csv,write,"leap_validation.to_csv(leap_val_path, index=False)"
leap_review_tools,runtime/leap_mappings/codebase/mapping_tools/build_dataset_tree_structure.py,2839,write_csv,write,"common_validation.to_csv(common_val_path, index=False)"
leap_review_tools,runtime/leap_mappings/codebase/mapping_tools/build_dataset_tree_structure.py,2843,write_csv,write,"common_validation.to_csv(common_val_path, index=False)"
leap_review_tools,runtime/leap_mappings/codebase/mapping_tools/build_dataset_tree_structure.py,2884,write_csv,write,"common_validation.to_csv(common_val_path, index=False)"
leap_review_tools,runtime/leap_mappings/codebase/mapping_tools/build_dataset_tree_structure.py,2898,write_csv,write,"non_esto_edges.to_csv(non_esto_edges_path, index=False)"
leap_review_tools,runtime/leap_mappings/codebase/mapping_tools/build_dataset_tree_structure.py,2909,write_csv,write,"df.to_csv(path, index=False)"
leap_review_tools,runtime/leap_mappings/codebase/mapping_tools/common_esto_output_contract.py,311,write_csv,write,"fact_df.to_csv(staged_fact, index=False, compression={""method"": ""gzip"", ""mtime"": 0})"
leap_review_tools,runtime/leap_mappings/codebase/mapping_tools/common_esto_output_contract.py,312,write_csv,write,"metadata_df.to_csv(staged_metadata, index=False)"
leap_review_tools,runtime/leap_mappings/codebase/mapping_tools/convert_leap_results_to_esto.py,58,read_excel,read,return pd.read_excel(path)
leap_review_tools,runtime/leap_mappings/codebase/mapping_tools/convert_leap_results_to_esto.py,59,read_csv,read,return pd.read_csv(path)
leap_review_tools,runtime/leap_mappings/codebase/mapping_tools/convert_leap_results_to_esto.py,64,read_csv,read,relationships_df = pd.read_csv(relationships_path)
leap_review_tools,runtime/leap_mappings/codebase/mapping_tools/convert_leap_results_to_esto.py,227,read_excel,read,rollup_rules_df = pd.read_excel(
leap_review_tools,runtime/leap_mappings/codebase/mapping_tools/convert_leap_results_to_esto.py,268,write_csv,write,"converted_df.to_csv(output_path, index=False)"
leap_review_tools,runtime/leap_mappings/codebase/mapping_tools/convert_leap_results_to_esto.py,271,write_csv,write,"lineage_df.to_csv(lineage_output_path, index=False)"
leap_review_tools,runtime/leap_mappings/codebase/mapping_tools/convert_leap_results_to_esto.py,276,write_csv,write,"rollup_audit_df.to_csv(rollup_audit_path, index=False)"
leap_review_tools,runtime/leap_mappings/codebase/mapping_tools/dataset_registry.py,83,read_csv,read,"frame = pd.read_csv(path, dtype=str, keep_default_na=False)"
leap_review_tools,runtime/leap_mappings/codebase/mapping_tools/diagnostic_adapter_registry.py,68,read_csv,read,"frame = pd.read_csv(registry_path, dtype=str, keep_default_na=False)"
leap_review_tools,runtime/leap_mappings/codebase/mapping_tools/esto_exact_rows.py,118,read_csv,read,"df = pd.read_csv(data_path, dtype=object)"
leap_review_tools,runtime/leap_mappings/codebase/mapping_tools/esto_exact_rows.py,123,read_csv,read,"relationships_df = pd.read_csv(relationships_path, dtype=object).fillna("""")"
leap_review_tools,runtime/leap_mappings/codebase/mapping_tools/esto_exact_rows.py,126,read_excel,read,leap_rollup_rules_df = pd.read_excel(
leap_review_tools,runtime/leap_mappings/codebase/mapping_tools/esto_exact_rows.py,150,read_excel,read,"esto_rollup_rules_raw = pd.read_excel(mapping_workbook_path, sheet_name=""esto_rollup_rules"", dtype=object).fillna("""")"
leap_review_tools,runtime/leap_mappings/codebase/mapping_tools/esto_exact_rows.py,234,write_csv,write,"long_df.to_csv(output_path, index=False)"
leap_review_tools,runtime/leap_mappings/codebase/mapping_tools/hierarchy_subtotal_adapters.py,178,read_excel,read,"sheet: _active(pd.read_excel(workbook_path, sheet_name=sheet, dtype=object))"
leap_review_tools,runtime/leap_mappings/codebase/mapping_tools/hierarchy_subtotal_adapters.py,253,read_csv,read,"data = data_df.copy() if data_df is not None else pd.read_csv(data_path, dtype=object)"
leap_review_tools,runtime/leap_mappings/codebase/mapping_tools/hierarchy_subtotal_adapters.py,330,read_excel,read,"frame = pd.read_excel(new_branch_inventory_path, sheet_name=sheet, dtype=object)"
leap_review_tools,runtime/leap_mappings/codebase/mapping_tools/hierarchy_subtotal_adapters.py,433,read_csv,read,"tree = pd.read_csv(tree_path, dtype=object)"
leap_review_tools,runtime/leap_mappings/codebase/mapping_tools/hierarchy_subtotal_adapters.py,450,read_excel,read,rules = pd.read_excel(
leap_review_tools,runtime/leap_mappings/codebase/mapping_tools/hierarchy_subtotal_adapters.py,495,read_csv,read,"source = pd.read_csv(tree_path, dtype=object)"
leap_review_tools,runtime/leap_mappings/codebase/mapping_tools/hierarchy_subtotal_adapters.py,574,read_csv,read,common_rows = pd.read_csv(
leap_review_tools,runtime/leap_mappings/codebase/mapping_tools/hierarchy_subtotal_adapters.py,625,read_csv,read,"hierarchy = pd.read_csv(hierarchy_path, dtype=object, keep_default_na=False)"
leap_review_tools,runtime/leap_mappings/codebase/mapping_tools/hierarchy_subtotal_adapters.py,687,read_csv,read,"values = pd.read_csv(values_path, dtype=object)"
leap_review_tools,runtime/leap_mappings/codebase/mapping_tools/hierarchy_subtotal_adapters.py,921,read_csv,read,"header = pd.read_csv(data_path, nrows=0)"
leap_review_tools,runtime/leap_mappings/codebase/mapping_tools/hierarchy_subtotal_adapters.py,937,read_csv,read,"data = pd.read_csv(data_path, usecols=use_columns, dtype=object)"
leap_review_tools,runtime/leap_mappings/codebase/mapping_tools/hierarchy_subtotal_adapters.py,1079,read_csv,read,"header = pd.read_csv(data_path, nrows=0)"
leap_review_tools,runtime/leap_mappings/codebase/mapping_tools/hierarchy_subtotal_adapters.py,1086,read_csv,read,data = pd.read_csv(
leap_review_tools,runtime/leap_mappings/codebase/mapping_tools/hierarchy_subtotal_adapters.py,1196,read_csv,read,"validation = pd.read_csv(validation_path, dtype=object)"
leap_review_tools,runtime/leap_mappings/codebase/mapping_tools/hierarchy_subtotal_contract.py,72,write_csv,write,"return frame.to_csv(index=False, lineterminator=""\n"").encode(""utf-8"")"
leap_review_tools,runtime/leap_mappings/codebase/mapping_tools/hierarchy_subtotal_contract.py,647,read_csv,read,"frame = pd.read_csv(member_path, dtype=object)"
leap_review_tools,runtime/leap_mappings/codebase/mapping_tools/mapping_candidate_generation.py,141,read_csv,read,"header = pd.read_csv(ninth_csv_path, nrows=0).columns.tolist()"
leap_review_tools,runtime/leap_mappings/codebase/mapping_tools/mapping_candidate_generation.py,147,read_csv,read,"raw_df = pd.read_csv(ninth_csv_path, usecols=required_columns + projection_columns, dtype=object)"
leap_review_tools,runtime/leap_mappings/codebase/mapping_tools/mapping_sheet_registry.py,75,read_csv,read,"frame = pd.read_csv(registry_path, dtype=str, keep_default_na=False)"
leap_review_tools,runtime/leap_mappings/codebase/mapping_tools/non_expanding_rollups.py,138,read_excel,read,"rules_df = pd.read_excel(workbook_path, sheet_name=sheet_name, dtype=object).fillna("""")"
leap_review_tools,runtime/leap_mappings/codebase/mapping_tools/non_expanding_rollups.py,182,read_excel,read,"rules_df = pd.read_excel(workbook_path, sheet_name=sheet_name, dtype=object).fillna("""")"
leap_review_tools,runtime/leap_mappings/codebase/mapping_tools/non_expanding_rollups.py,218,read_excel,read,rules_df = pd.read_excel(
leap_review_tools,runtime/leap_mappings/codebase/mapping_tools/non_expanding_rollups.py,555,read_csv,read,existing = pd.read_csv(qa_path)
leap_review_tools,runtime/leap_mappings/codebase/mapping_tools/non_expanding_rollups.py,566,write_csv,write,"combined.to_csv(qa_path, index=False)"
leap_review_tools,runtime/leap_mappings/codebase/mapping_tools/parse_leap_balance_export.py,415,write_csv,write,"combined.to_csv(output_path, index=False)"
leap_review_tools,runtime/leap_mappings/codebase/mapping_tools/rollup_sheet_registry.py,96,read_csv,read,"frame = pd.read_csv(registry_path, dtype=str, keep_default_na=False)"
leap_review_tools,runtime/leap_mappings/codebase/mapping_tools/rollup_sheet_registry.py,179,read_excel,read,rules = pd.read_excel(
leap_review_tools,runtime/leap_mappings/codebase/mapping_tools/source_branch_preflight.py,101,read_csv,read,"rules_df = pd.read_csv(path, dtype=object).fillna("""")"
leap_review_tools,runtime/leap_mappings/codebase/mapping_tools/source_branch_preflight.py,449,write_csv,write,"fallback_audit_df.to_csv(audit_output_dir / ""leap_source_branch_fallback_audit.csv"", index=False)"
leap_review_tools,runtime/leap_mappings/codebase/mapping_tools/source_branch_preflight.py,450,write_csv,write,all_demand_warnings_df.to_csv(
leap_review_tools,runtime/leap_mappings/codebase/mapping_tools/target_share_allocation.py,199,read_csv,read,"df = pd.read_csv(esto_csv_path, dtype=object)"
leap_review_tools,runtime/leap_mappings/codebase/mapping_tools/value_adapter_registry.py,75,read_csv,read,"frame = pd.read_csv(registry_path, dtype=str, keep_default_na=False)"
leap_review_tools,runtime/leap_mappings/codebase/mapping_tools/value_adapter_registry.py,227,read_csv,read,"values = pd.read_csv(input_path, dtype=object)"
leap_review_tools,runtime/leap_mappings/codebase/mapping_tools/value_adapter_registry.py,246,write_csv,write,"values.to_csv(output_path, index=False)"
leap_review_tools,runtime/leap_mappings/codebase/utilities/leap_balance_export_resolver.py,456,read_excel,read,"raw = pd.read_excel(workbook, sheet_name=sheet_name, header=None)"
leap_review_tools,runtime/leap_mappings/codebase/utilities/master_config.py,79,read_excel,read,"return pd.read_excel(MASTER_CONFIG_PATH, sheet_name=sheet_name, **kwargs)"
leap_review_tools,runtime/leap_mappings/codebase/utilities/master_config.py,101,read_excel,read,"return pd.read_excel(path, **kwargs)"
leap_review_tools,runtime/leap_mappings/codebase/utilities/master_config.py,104,read_csv,read,"return pd.read_csv(path, **kwargs)"
leap_review_web_app,runtime/leap_dashboard/codebase/common_esto_dashboard_data.py,197,read_csv,read,"audit = pd.read_csv(path, usecols=required, dtype=str).fillna("""")"
leap_review_web_app,runtime/leap_dashboard/codebase/common_esto_dashboard_data.py,224,read_csv,read,"source_map = pd.read_csv(Path(source_to_common_map_path), dtype=str).fillna("""")"
leap_review_web_app,runtime/leap_dashboard/codebase/common_esto_dashboard_data.py,236,read_csv,read,"esto_map = pd.read_csv(Path(esto_to_common_map_path), dtype=str).fillna("""")"
leap_review_web_app,runtime/leap_dashboard/codebase/common_esto_dashboard_data.py,312,read_csv,read,"columns = pd.read_csv(path, nrows=0).columns"
leap_review_web_app,runtime/leap_dashboard/codebase/common_esto_dashboard_data.py,448,read_csv,read,wide_df = pd.read_csv(
leap_review_web_app,runtime/leap_dashboard/codebase/common_esto_dashboard_data.py,495,read_csv,read,df = pd.read_csv(
leap_review_web_app,runtime/leap_dashboard/codebase/common_esto_dashboard_data.py,629,read_csv,read,"frame = pd.read_csv(member_path, dtype=str, keep_default_na=False, low_memory=False)"
leap_review_web_app,runtime/leap_dashboard/codebase/common_esto_dashboard_data.py,814,read_csv,read,"registry = pd.read_csv(path, usecols=[""dataset_id"", ""native_unit""])"
leap_review_web_app,runtime/leap_dashboard/codebase/common_esto_dashboard_data.py,867,read_csv,read,"sample_df = pd.read_csv(path, nrows=0, low_memory=False)"
leap_review_web_app,runtime/leap_dashboard/codebase/common_esto_dashboard_data.py,898,read_csv,read,"common_rows = pd.read_csv(common_rows_path, low_memory=False).fillna("""")"
leap_review_web_app,runtime/leap_dashboard/codebase/common_esto_dashboard_data.py,944,read_csv,read,"rollups = pd.read_csv(qa_path, low_memory=False).fillna("""")"
leap_review_web_app,runtime/leap_dashboard/codebase/common_esto_dashboard_emissions.py,267,read_excel,read,"frame = pd.read_excel(path, sheet_name=sheet_name)"
leap_review_web_app,runtime/leap_dashboard/codebase/common_esto_dashboard_emissions.py,293,read_csv,read,frame = pd.read_csv(
leap_review_web_app,runtime/leap_dashboard/codebase/common_esto_dashboard_emissions.py,332,read_csv,read,"raw = pd.read_csv(_resolve_repo_path(factor_set[""path""]))"
leap_review_web_app,runtime/leap_dashboard/codebase/common_esto_dashboard_emissions.py,1224,write_csv,write,"frame.to_csv(layout[""supporting""] / f""emissions_{name}.csv"", index=False)"
leap_review_web_app,runtime/leap_dashboard/codebase/common_esto_dashboard_emissions.py,1227,write_csv,write,)[EMISSIONS_COLUMN].sum().to_csv(
leap_review_web_app,runtime/leap_dashboard/codebase/common_esto_dashboard_portable.py,195,write_csv,write,"summary.to_csv(summary_path, index=False)"
leap_review_web_app,runtime/leap_dashboard/codebase/common_esto_dashboard_portable.py,368,write_csv,write,"sign_summary_df.to_csv(layout[""supporting""] / ""sign_semantics_summary.csv"", index=False)"
leap_review_web_app,runtime/leap_dashboard/codebase/common_esto_dashboard_renderer.py,6002,write_csv,write,"page_summary_df.to_csv(layout[""supporting""] / ""page_assignment_summary.csv"", index=False)"
leap_review_web_app,runtime/leap_dashboard/codebase/common_esto_dashboard_renderer.py,6502,write_csv,write,"manifest_df.to_csv(layout[""supporting""] / ""chart_manifest.csv"", index=False)"
leap_review_web_app,runtime/leap_initialisation/codebase/functions/analysis_input_write_dispatcher.py,166,read_excel,read,"raw = pd.read_excel(path, sheet_name=sheet_name, header=None)"
leap_review_web_app,runtime/leap_initialisation/codebase/functions/analysis_input_write_dispatcher.py,193,write_excel,write,"with pd.ExcelWriter(path, **writer_kwargs) as writer:"
leap_review_web_app,runtime/leap_initialisation/codebase/functions/analysis_input_write_dispatcher.py,194,write_excel,write,"output.to_excel(writer, sheet_name=sheet_name, index=False, header=False)"
leap_review_web_app,runtime/leap_initialisation/codebase/functions/baseline_seed_balance_diagnostics.py,404,read_csv,read,rules = pd.read_csv(_resolve(path))
leap_review_web_app,runtime/leap_initialisation/codebase/functions/baseline_seed_balance_diagnostics.py,1160,write_excel,write,with pd.ExcelWriter(output_path) as writer:
leap_review_web_app,runtime/leap_initialisation/codebase/functions/baseline_seed_balance_diagnostics.py,1161,write_excel,write,"esto_mapping.to_excel(writer, sheet_name=""leap_combined_esto"", index=False)"
leap_review_web_app,runtime/leap_initialisation/codebase/functions/baseline_seed_balance_diagnostics.py,1162,write_excel,write,pd.DataFrame(columns=ninth_columns).to_excel(
leap_review_web_app,runtime/leap_initialisation/codebase/functions/baseline_seed_balance_diagnostics.py,3130,write_csv,write,"differences.to_csv(differences_path, index=False)"
leap_review_web_app,runtime/leap_initialisation/codebase/functions/baseline_seed_balance_diagnostics.py,3136,write_csv,write,"mapping_issues.to_csv(mapping_issues_path, index=False)"
leap_review_web_app,runtime/leap_initialisation/codebase/functions/baseline_seed_balance_diagnostics.py,3146,write_csv,write,"ignored_rows.to_csv(ignored_rows_path, index=False)"
leap_review_web_app,runtime/leap_initialisation/codebase/functions/baseline_seed_balance_diagnostics.py,3156,write_csv,write,"projection_diagnostics.to_csv(projection_diagnostics_path, index=False)"
leap_review_web_app,runtime/leap_initialisation/codebase/functions/baseline_seed_balance_diagnostics.py,3165,write_csv,write,"review.to_csv(review_path, index=False)"
leap_review_web_app,runtime/leap_initialisation/codebase/functions/baseline_seed_validation.py,1739,read_excel,read,data = pd.read_excel(
leap_review_web_app,runtime/leap_initialisation/codebase/functions/baseline_seed_validation.py,1759,read_excel,read,data = pd.read_excel(
leap_review_web_app,runtime/leap_initialisation/codebase/functions/baseline_seed_validation.py,2287,write_csv,write,"filter_actionable_findings(result.findings).to_csv(findings_path, index=False)"
leap_review_web_app,runtime/leap_initialisation/codebase/functions/baseline_seed_validation.py,2288,write_csv,write,"result.duplicate_groups.to_csv(duplicates_path, index=False)"
leap_review_web_app,runtime/leap_initialisation/codebase/functions/baseline_seed_validation.py,2290,write_csv,write,"build_validation_issue_groups(actionable_findings).to_csv(issue_groups_path, index=False)"
leap_review_web_app,runtime/leap_initialisation/codebase/functions/baseline_seed_validation.py,2291,write_csv,write,"build_branch_issue_summary(actionable_findings).to_csv(branch_issue_summary_path, index=False)"
leap_review_web_app,runtime/leap_initialisation/codebase/functions/leap_core.py,522,write_excel,write,"with pd.ExcelWriter(filename, engine='openpyxl') as writer:"
leap_review_web_app,runtime/leap_initialisation/codebase/functions/leap_core.py,523,write_excel,write,"export_df.to_excel(writer, sheet_name='All_Data', index=False)"
leap_review_web_app,runtime/leap_initialisation/codebase/functions/leap_core.py,1774,read_excel,read,"return pd.read_excel(path, sheet_name=sheet_name, header=header_guess)"
leap_review_web_app,runtime/leap_initialisation/codebase/functions/leap_core.py,1997,read_excel,read,"return pd.read_excel(path, sheet_name=sheet_name, header=header_guess)"
leap_review_web_app,runtime/leap_initialisation/codebase/functions/leap_excel_io.py,137,read_excel,read,"raw = pd.read_excel(resolved, sheet_name=sheet_name, header=None)"
leap_review_web_app,runtime/leap_initialisation/codebase/functions/leap_excel_io.py,196,read_excel,read,"raw = pd.read_excel(path, sheet_name=sheet_name, header=None)"
leap_review_web_app,runtime/leap_initialisation/codebase/functions/leap_excel_io.py,220,write_excel,write,"with pd.ExcelWriter(path, **writer_kwargs) as writer:"
leap_review_web_app,runtime/leap_initialisation/codebase/functions/leap_excel_io.py,221,write_excel,write,"output.to_excel(writer, sheet_name=sheet_name, index=False, header=False)"
leap_review_web_app,runtime/leap_initialisation/codebase/functions/leap_excel_io.py,302,read_excel,read,"reference = pd.read_excel(path, sheet_name=sheet_name, header=2)"
leap_review_web_app,runtime/leap_initialisation/codebase/functions/leap_excel_io.py,369,write_excel,write,"instructions.to_excel(writer, sheet_name=""Instructions"", index=False)"
leap_review_web_app,runtime/leap_initialisation/codebase/functions/leap_excel_io.py,816,write_csv,write,"diagnostic.to_csv(diagnostic_path, index=False)"
leap_review_web_app,runtime/leap_initialisation/codebase/functions/leap_excel_io.py,835,write_excel,write,"with pd.ExcelWriter(out_path, engine=""openpyxl"") as writer:"
leap_review_web_app,runtime/leap_initialisation/codebase/functions/leap_excel_io.py,836,write_excel,write,"export_df_for_viewing2.to_excel(writer, sheet_name=""FOR_VIEWING"", index=False, header=False, startrow=0)"
leap_review_web_app,runtime/leap_initialisation/codebase/functions/leap_excel_io.py,837,write_excel,write,"leap_export_df2.to_excel(writer, sheet_name=""LEAP"", index=False, header=False, startrow=0)"
leap_review_web_app,runtime/leap_initialisation/codebase/functions/leap_excel_io.py,895,read_excel,read,"import_df = pd.read_excel(import_filename, sheet_name='Export', header=2)"
leap_review_web_app,runtime/leap_initialisation/codebase/functions/leap_excel_io.py,1275,read_csv,read,energy_df = pd.read_csv(source_path)
leap_review_web_app,runtime/leap_initialisation/codebase/functions/leap_excel_io.py,1277,read_excel,read,energy_df = pd.read_excel(source_path)
leap_review_web_app,runtime/leap_initialisation/codebase/functions/leap_excel_io.py,1359,write_excel,write,"with pd.ExcelWriter(leap_export_filename, engine=""openpyxl"", mode=""w"") as writer:"
leap_review_web_app,runtime/leap_initialisation/codebase/functions/leap_excel_io.py,1360,write_excel,write,"export_df.to_excel(writer, sheet_name=sheet_name, index=False)"
leap_review_web_app,runtime/leap_initialisation/codebase/functions/transformation_analysis_utils.py,1383,read_excel,read,"mapping_df = pd.read_excel(path, sheet_name=""leap_display_names"")"
leap_review_web_app,runtime/leap_initialisation/codebase/functions/transformation_analysis_utils.py,1817,write_csv,write,"context.to_csv(output_path, index=False)"
leap_review_web_app,runtime/leap_initialisation/codebase/functions/transformation_analysis_utils.py,1909,write_csv,write,"projection_diagnostics.to_csv(PROJECTION_DIAGNOSTICS_PATH, index=False)"
leap_review_web_app,runtime/leap_initialisation/codebase/functions/transformation_record_builder.py,2355,write_csv,write,"process_summary.to_csv(process_summary_path, index=False)"
leap_review_web_app,runtime/leap_initialisation/codebase/functions/transformation_record_builder.py,2356,write_csv,write,"detail_summary.to_csv(detail_summary_path, index=False)"
leap_review_web_app,runtime/leap_initialisation/codebase/mappings/canonical_loaders.py,210,read_excel,read,"frame = pd.read_excel(path, **read_kwargs)"
leap_review_web_app,runtime/leap_initialisation/codebase/portable_release/validation.py,761,read_excel,read,"sheet = pd.read_excel(Path(str(mapping_workbook_path)), sheet_name=""leap_combined_esto"")"
leap_review_web_app,runtime/leap_initialisation/codebase/utilities/energy_balance_template_extractor.py,99,read_excel,read,frame = pd.read_excel(
leap_review_web_app,runtime/leap_initialisation/codebase/utilities/energy_balance_template_extractor.py,147,read_excel,read,"frame = pd.read_excel(workbook, sheet_name=sheet_name, dtype=str).fillna("""")"
leap_review_web_app,runtime/leap_initialisation/codebase/utilities/energy_balance_template_extractor.py,275,write_csv,write,"conflict_rows.to_csv(output_path, index=False)"
leap_review_web_app,runtime/leap_initialisation/codebase/utilities/energy_balance_template_extractor.py,464,read_excel,read,"return pd.read_excel(path, sheet_name=sheet_name, **kwargs)"
leap_review_web_app,runtime/leap_initialisation/codebase/utilities/energy_balance_template_extractor.py,978,write_csv,write,"diag.to_csv(diag_path, index=False, encoding=""utf-8-sig"")"
leap_review_web_app,runtime/leap_initialisation/codebase/utilities/energy_balance_template_extractor.py,1029,write_csv,write,"warning_export.to_csv(warning_path, index=False, encoding=""utf-8-sig"")"
leap_review_web_app,runtime/leap_initialisation/codebase/utilities/energy_balance_template_extractor.py,2174,write_csv,write,"raw_long.to_csv(raw_path, index=False)"
leap_review_web_app,runtime/leap_initialisation/codebase/utilities/energy_balance_template_extractor.py,2175,write_csv,write,"mapped_long.to_csv(mapped_path, index=False)"
leap_review_web_app,runtime/leap_initialisation/codebase/utilities/energy_balance_template_extractor.py,2176,write_csv,write,"simple_main.to_csv(main_simple_path, index=False)"
leap_review_web_app,runtime/leap_initialisation/codebase/utilities/energy_balance_template_extractor.py,2177,write_csv,write,"coverage.to_csv(coverage_path, index=False)"
leap_review_web_app,runtime/leap_initialisation/codebase/utilities/energy_balance_template_extractor.py,2178,write_csv,write,"unit_diag.to_csv(unit_diag_path, index=False)"
leap_review_web_app,runtime/leap_initialisation/codebase/utilities/energy_balance_template_extractor.py,2179,write_csv,write,"report[""diagnostics""].to_csv(diag_path, index=False)"
leap_review_web_app,runtime/leap_initialisation/codebase/utilities/energy_balance_template_extractor.py,2180,write_csv,write,"report[""many_to_many_is_ok_diagnostics""].to_csv(many_to_many_diag_path, index=False)"
leap_review_web_app,runtime/leap_initialisation/codebase/utilities/energy_balance_template_extractor.py,2181,write_csv,write,"pd.DataFrame([report[""summary""]]).to_csv(summary_path, index=False)"
leap_review_web_app,runtime/leap_initialisation/codebase/utilities/esto_reference_loader.py,73,write_csv,write,"df.to_csv(path, index=False)"
leap_review_web_app,runtime/leap_initialisation/codebase/utilities/esto_reference_loader.py,200,write_csv,write,"esto_df.to_csv(esto_cache, index=False)"
leap_review_web_app,runtime/leap_initialisation/codebase/utilities/esto_reference_loader.py,201,write_csv,write,"ninth_df.to_csv(ninth_cache, index=False)"
leap_review_web_app,runtime/leap_initialisation/codebase/utilities/fuel_catalog_preflight.py,216,read_csv,read,frame = pd.read_csv(cache_path)
leap_review_web_app,runtime/leap_initialisation/codebase/utilities/fuel_catalog_preflight.py,223,write_csv,write,"frame.to_csv(cache_path, index=False)"
leap_review_web_app,runtime/leap_initialisation/codebase/utilities/fuel_catalog_preflight.py,265,write_csv,write,"catalog_df.to_csv(catalog_file, index=False)"
leap_review_web_app,runtime/leap_initialisation/codebase/utilities/fuel_catalog_preflight.py,267,write_csv,write,"registry_df.to_csv(registry_file, index=False)"
leap_review_web_app,runtime/leap_initialisation/codebase/utilities/fuel_catalog_preflight.py,674,write_csv,write,"probe_df.to_csv(probe_path_resolved, index=False)"
leap_review_web_app,runtime/leap_initialisation/codebase/utilities/fuel_catalog_preflight.py,709,write_csv,write,"registry_df.to_csv(registry_file, index=False)"
leap_review_web_app,runtime/leap_initialisation/codebase/utilities/fuel_catalog_preflight.py,713,write_csv,write,"merged_df.to_csv(catalog_path_resolved, index=False)"
leap_review_web_app,runtime/leap_initialisation/codebase/utilities/fuel_catalog_preflight.py,964,read_csv,read,df = pd.read_csv(path)
leap_review_web_app,runtime/leap_initialisation/codebase/utilities/fuel_catalog_preflight.py,969,read_excel,read,"df = pd.read_excel(path, sheet_name=sheet_name, header=header)"
leap_review_web_app,runtime/leap_initialisation/codebase/utilities/fuel_catalog_preflight.py,976,read_excel,read,"raw = pd.read_excel(path, sheet_name=sheet_name, header=None)"
leap_review_web_app,runtime/leap_initialisation/codebase/utilities/fuel_catalog_preflight.py,1109,read_csv,read,df = pd.read_csv(path)
leap_review_web_app,runtime/leap_initialisation/codebase/utilities/leap_balance_export_resolver.py,811,read_excel,read,"raw = pd.read_excel(workbook, sheet_name=sheet_name, header=None)"
leap_review_web_app,runtime/leap_initialisation/codebase/utilities/leap_results_dashboard_balance.py,439,read_excel,read,"frame = pd.read_excel(workbook, sheet_name=sheet_name, dtype=str).fillna("""")"
leap_review_web_app,runtime/leap_initialisation/codebase/utilities/leap_results_dashboard_balance.py,2134,read_excel,read,"mapping = pd.read_excel(mapping_workbook_path, sheet_name=sheet_name, dtype=str).fillna("""")"
leap_review_web_app,runtime/leap_initialisation/codebase/utilities/leap_results_dashboard_balance.py,2299,write_excel,write,with pd.ExcelWriter(output_path) as writer:
leap_review_web_app,runtime/leap_initialisation/codebase/utilities/leap_results_dashboard_balance.py,2300,write_excel,write,"esto_candidates.to_excel(writer, sheet_name=""esto_missing_paths"", index=False)"
leap_review_web_app,runtime/leap_initialisation/codebase/utilities/leap_results_dashboard_balance.py,2301,write_excel,write,"ninth_candidates.to_excel(writer, sheet_name=""ninth_missing_paths"", index=False)"
leap_review_web_app,runtime/leap_initialisation/codebase/utilities/leap_results_dashboard_balance.py,2302,write_excel,write,"summary.to_excel(writer, sheet_name=""summary"", index=False)"
leap_review_web_app,runtime/leap_initialisation/codebase/utilities/leap_results_dashboard_balance.py,2403,write_excel,write,with pd.ExcelWriter(output_path) as writer:
leap_review_web_app,runtime/leap_initialisation/codebase/utilities/leap_results_dashboard_balance.py,2404,write_excel,write,"leap_missing.to_excel(writer, sheet_name=""missing_leap_pairs_nonzero"", index=False)"
leap_review_web_app,runtime/leap_initialisation/codebase/utilities/leap_results_dashboard_balance.py,2405,write_excel,write,"ninth_missing.to_excel(writer, sheet_name=""missing_ninth_pairs_nonzero"", index=False)"
leap_review_web_app,runtime/leap_initialisation/codebase/utilities/leap_results_dashboard_balance.py,2406,write_excel,write,"esto_missing.to_excel(writer, sheet_name=""missing_esto_pairs_nonzero"", index=False)"
leap_review_web_app,runtime/leap_initialisation/codebase/utilities/leap_results_dashboard_balance.py,2407,write_excel,write,"summary.to_excel(writer, sheet_name=""summary"", index=False)"
leap_review_web_app,runtime/leap_initialisation/codebase/utilities/leap_results_dashboard_balance.py,2752,read_excel,read,"mapping = pd.read_excel(mapping_workbook_path, sheet_name=sheet_name, dtype=str).fillna("""")"
leap_review_web_app,runtime/leap_initialisation/codebase/utilities/leap_results_dashboard_balance.py,3002,read_excel,read,"mapping = pd.read_excel(mapping_workbook_path, sheet_name=mapping_sheet_name, dtype=str).fillna("""")"
leap_review_web_app,runtime/leap_initialisation/codebase/utilities/leap_results_dashboard_balance.py,3308,write_excel,write,with pd.ExcelWriter(output_path) as writer:
leap_review_web_app,runtime/leap_initialisation/codebase/utilities/leap_results_dashboard_balance.py,3309,write_excel,write,"all_chart_groups_sheet_df.to_excel(writer, sheet_name=""all_chart_groups"", index=False)"
leap_review_web_app,runtime/leap_initialisation/codebase/utilities/leap_results_dashboard_balance.py,3310,write_excel,write,"chart_group_exposure.to_excel(writer, sheet_name=""chart_group_exposure"", index=False)"
leap_review_web_app,runtime/leap_initialisation/codebase/utilities/leap_results_dashboard_balance.py,3311,write_excel,write,"missing_leap.to_excel(writer, sheet_name=""missing_leap_pairs_nonzero"", index=False)"
leap_review_web_app,runtime/leap_initialisation/codebase/utilities/leap_results_dashboard_balance.py,3312,write_excel,write,"missing_ninth.to_excel(writer, sheet_name=""missing_ninth_dashboard_pairs"", index=False)"
leap_review_web_app,runtime/leap_initialisation/codebase/utilities/leap_results_dashboard_balance.py,3313,write_excel,write,"missing_esto.to_excel(writer, sheet_name=""missing_esto_dashboard_pairs"", index=False)"
leap_review_web_app,runtime/leap_initialisation/codebase/utilities/leap_results_dashboard_balance.py,3314,write_excel,write,"duplicate_ninth.to_excel(writer, sheet_name=""duplicate_ninth_dashboard_pairs"", index=False)"
leap_review_web_app,runtime/leap_initialisation/codebase/utilities/leap_results_dashboard_balance.py,3315,write_excel,write,"duplicate_esto.to_excel(writer, sheet_name=""duplicate_esto_dashboard_pairs"", index=False)"
leap_review_web_app,runtime/leap_initialisation/codebase/utilities/leap_results_dashboard_balance.py,3316,write_excel,write,"allowed_many_to_one_esto.to_excel(writer, sheet_name=""allowed_many_to_one_esto"", index=False)"
leap_review_web_app,runtime/leap_initialisation/codebase/utilities/leap_results_dashboard_balance.py,3317,write_excel,write,"split_components.to_excel(writer, sheet_name=""split_esto_mapping_components"", index=False)"
leap_review_web_app,runtime/leap_initialisation/codebase/utilities/leap_results_dashboard_balance.py,3318,write_excel,write,"parent_child_warnings.to_excel(writer, sheet_name=""parent_child_esto_warnings"", index=False)"
leap_review_web_app,runtime/leap_initialisation/codebase/utilities/leap_results_dashboard_balance.py,3319,write_excel,write,"summary.to_excel(writer, sheet_name=""summary"", index=False)"
leap_review_web_app,runtime/leap_initialisation/codebase/utilities/leap_results_dashboard_balance.py,3372,read_csv,read,"chart_groups = pd.read_csv(chart_path, dtype=str).fillna("""")"
leap_review_web_app,runtime/leap_initialisation/codebase/utilities/leap_results_dashboard_balance.py,3914,write_excel,write,with pd.ExcelWriter(output_path) as writer:
leap_review_web_app,runtime/leap_initialisation/codebase/utilities/leap_results_dashboard_balance.py,3915,write_excel,write,"empty.to_excel(writer, sheet_name=""missing_exact_9th_pairs"", index=False)"
leap_review_web_app,runtime/leap_initialisation/codebase/utilities/leap_results_dashboard_balance.py,3916,write_excel,write,"empty.to_excel(writer, sheet_name=""missing_uncovered_9th_pairs"", index=False)"
leap_review_web_app,runtime/leap_initialisation/codebase/utilities/leap_results_dashboard_balance.py,3917,write_excel,write,"empty.to_excel(writer, sheet_name=""all_9th_data_paths"", index=False)"
leap_review_web_app,runtime/leap_initialisation/codebase/utilities/leap_results_dashboard_balance.py,3918,write_excel,write,"empty_hierarchy.to_excel(writer, sheet_name=""missing_hierarchy_pairs"", index=False)"
leap_review_web_app,runtime/leap_initialisation/codebase/utilities/leap_results_dashboard_balance.py,3919,write_excel,write,"empty_hierarchy.to_excel(writer, sheet_name=""all_hierarchy_pairs"", index=False)"
leap_review_web_app,runtime/leap_initialisation/codebase/utilities/leap_results_dashboard_balance.py,4140,write_excel,write,with pd.ExcelWriter(output_path) as writer:
leap_review_web_app,runtime/leap_initialisation/codebase/utilities/leap_results_dashboard_balance.py,4141,write_excel,write,"missing_exact.to_excel(writer, sheet_name=""missing_exact_9th_pairs"", index=False)"
leap_review_web_app,runtime/leap_initialisation/codebase/utilities/leap_results_dashboard_balance.py,4142,write_excel,write,"missing_uncovered.to_excel(writer, sheet_name=""missing_uncovered_9th_pairs"", index=False)"
leap_review_web_app,runtime/leap_initialisation/codebase/utilities/leap_results_dashboard_balance.py,4143,write_excel,write,"all_data.to_excel(writer, sheet_name=""all_9th_data_paths"", index=False)"
leap_review_web_app,runtime/leap_initialisation/codebase/utilities/leap_results_dashboard_balance.py,4144,write_excel,write,"missing_hierarchy.to_excel(writer, sheet_name=""missing_hierarchy_pairs"", index=False)"
leap_review_web_app,runtime/leap_initialisation/codebase/utilities/leap_results_dashboard_balance.py,4145,write_excel,write,"all_hierarchy.to_excel(writer, sheet_name=""all_hierarchy_pairs"", index=False)"
leap_review_web_app,runtime/leap_initialisation/codebase/utilities/leap_results_dashboard_balance.py,4146,write_excel,write,"summary.to_excel(writer, sheet_name=""summary"", index=False)"
leap_review_web_app,runtime/leap_initialisation/codebase/utilities/leap_results_dashboard_balance.py,5311,write_csv,write,"df.to_csv(output_path, index=False)"
leap_review_web_app,runtime/leap_initialisation/codebase/utilities/leap_results_dashboard_balance.py,7051,write_csv,write,").sort_values([""dashboard_path"", ""template_order"", ""chart_group_key"", ""sheet"", ""measure"", ""fuel"", ""esto_flow"", ""esto_product""]).to_csv(csv_path, index=False)"
leap_review_web_app,runtime/leap_initialisation/codebase/utilities/leap_results_dashboard_balance.py,7362,write_csv,write,"exposed_df.to_csv(chart_group_path, index=False)"
leap_review_web_app,runtime/leap_initialisation/codebase/utilities/leap_results_dashboard_balance.py,7391,write_csv,write,"all_chart_groups_df.to_csv(all_chart_groups_path, index=False)"
leap_review_web_app,runtime/leap_initialisation/codebase/utilities/leap_results_dashboard_balance.py,7444,write_csv,write,"empty_pages_df.to_csv(empty_pages_path, index=False)"
leap_review_web_app,runtime/leap_initialisation/codebase/utilities/master_config.py,107,read_excel,read,combined = pd.read_excel(
leap_review_web_app,runtime/leap_initialisation/codebase/utilities/master_config.py,138,read_excel,read,"return pd.read_excel(path, **kwargs)"
leap_review_web_app,runtime/leap_initialisation/codebase/utilities/master_config.py,214,read_csv,read,"return pd.read_csv(runtime_table, **kwargs)"
leap_review_web_app,runtime/leap_initialisation/codebase/utilities/master_config.py,222,read_csv,read,"return pd.read_csv(path, **kwargs)"
leap_review_web_app,runtime/leap_initialisation/codebase/utilities/workflow_common.py,281,write_csv,write,"df.to_csv(output_path, index=False)"
leap_review_web_app,runtime/leap_initialisation/codebase/utilities/workflow_common.py,291,write_csv,write,"df.to_csv(history_path, index=False)"
leap_review_web_app,runtime/leap_initialisation/codebase/utilities/workflow_common.py,367,read_csv,read,df = pd.read_csv(f)
leap_review_web_app,runtime/leap_initialisation/codebase/utilities/workflow_common.py,669,read_excel,read,df = pd.read_excel(
leap_review_web_app,runtime/leap_initialisation/codebase/utilities/workflow_common.py,764,write_csv,write,"pd.DataFrame(rows).to_csv(out_path, index=False)"
leap_review_web_app,runtime/leap_initialisation/codebase/utilities/workflow_outputs.py,148,read_csv,read,"return pd.read_csv(path, nrows=0).columns.astype(str).tolist()"
leap_review_web_app,runtime/leap_initialisation/codebase/utilities/workflow_outputs.py,154,read_excel,read,"return pd.read_excel(path, sheet_name=first_sheet, nrows=0).columns.astype(str).tolist()"
leap_review_web_app,runtime/leap_initialisation/codebase/utilities/leap_results_dashboard_v2/config_loader.py,51,write_csv,write,"conflicts.to_csv(out, index=False)"
leap_review_web_app,runtime/leap_initialisation/codebase/utilities/leap_results_dashboard_v2/shadow_compare.py,11,read_csv,read,return pd.read_csv(path)
leap_review_web_app,runtime/leap_initialisation/codebase/utilities/leap_results_dashboard_v2/shadow_compare.py,51,write_csv,write,"diff_rows.to_csv(detail, index=False)"
leap_review_web_app,runtime/leap_initialisation/codebase/utilities/leap_results_dashboard_v2/shadow_compare.py,55,write_csv,write,"pd.DataFrame(rows).to_csv(out_path, index=False)"
leap_review_web_app,runtime/leap_mappings/codebase/mapping_issue_exceptions.py,50,read_excel,read,"source_df = pd.read_excel(workbook_path, sheet_name=sheet_name, dtype=object)"
leap_review_web_app,runtime/leap_mappings/codebase/mapping_issue_exceptions.py,98,read_excel,read,"sheet = pd.read_excel(workbook_path, sheet_name=sheet_name, dtype=str).fillna("""")"
leap_review_web_app,runtime/leap_mappings/codebase/portable_mapping_chain.py,205,read_csv,read,"esto_df = pd.read_csv(esto_table, dtype=object)"
leap_review_web_app,runtime/leap_mappings/codebase/portable_mapping_chain.py,221,write_csv,write,"esto_out.to_csv(prepared, index=False)"
leap_review_web_app,runtime/leap_mappings/codebase/mapping_tools/apply_common_esto_structure.py,219,read_excel,read,return pd.read_excel(path)
leap_review_web_app,runtime/leap_mappings/codebase/mapping_tools/apply_common_esto_structure.py,220,read_csv,read,return pd.read_csv(
leap_review_web_app,runtime/leap_mappings/codebase/mapping_tools/apply_common_esto_structure.py,922,write_csv,write,"pruned_components_df.to_csv(diagnostics_dir / ""common_esto_components_pruned_not_applicable.csv"", index=False)"
leap_review_web_app,runtime/leap_mappings/codebase/mapping_tools/apply_common_esto_structure.py,939,write_csv,write,"relevance_df.to_csv(diagnostics_dir / ""common_esto_component_relevance.csv"", index=False)"
leap_review_web_app,runtime/leap_mappings/codebase/mapping_tools/apply_common_esto_structure.py,940,write_csv,write,"pruned_components_df.to_csv(output_dir / ""qa_common_esto_existing_components_without_relevance.csv"", index=False)"
leap_review_web_app,runtime/leap_mappings/codebase/mapping_tools/apply_common_esto_structure.py,941,write_csv,write,"leap_branch_audit_df.to_csv(output_dir / ""qa_nonzero_unmapped_leap_branches.csv"", index=False)"
leap_review_web_app,runtime/leap_mappings/codebase/mapping_tools/apply_common_esto_structure.py,942,write_csv,write,"actionable_partial_df.to_csv(output_dir / ""qa_common_esto_unresolved_partial_coverage.csv"", index=False)"
leap_review_web_app,runtime/leap_mappings/codebase/mapping_tools/apply_common_esto_structure.py,943,write_csv,write,"inactive_partial_df.to_csv(output_dir / ""qa_common_esto_partial_coverage_components_without_relevance.csv"", index=False)"
leap_review_web_app,runtime/leap_mappings/codebase/mapping_tools/apply_common_esto_structure.py,1181,write_csv,write,lineage_chunk_df.to_csv(
leap_review_web_app,runtime/leap_mappings/codebase/mapping_tools/apply_common_esto_structure.py,1220,write_csv,write,").to_csv(lineage_handle, index=False)"
leap_review_web_app,runtime/leap_mappings/codebase/mapping_tools/apply_common_esto_structure.py,1308,write_csv,write,"df.to_csv(diagnostics_dir / f""{name}.csv"", index=False)"
leap_review_web_app,runtime/leap_mappings/codebase/mapping_tools/apply_common_esto_structure.py,1309,write_excel,write,"with pd.ExcelWriter(diagnostics_dir / ""broad_common_row_diagnostics.xlsx"", engine=""openpyxl"") as writer:"
leap_review_web_app,runtime/leap_mappings/codebase/mapping_tools/apply_common_esto_structure.py,1311,write_excel,write,"df.to_excel(writer, sheet_name=name[:31], index=False)"
leap_review_web_app,runtime/leap_mappings/codebase/mapping_tools/apply_common_esto_structure.py,1433,write_csv,write,"product_diagnostics_df.to_csv(diagnostics_dir / ""intersecting_common_product_groups.csv"", index=False)"
leap_review_web_app,runtime/leap_mappings/codebase/mapping_tools/apply_common_esto_structure.py,1434,write_csv,write,"flow_diagnostics_df.to_csv(diagnostics_dir / ""intersecting_common_flow_groups.csv"", index=False)"
leap_review_web_app,runtime/leap_mappings/codebase/mapping_tools/apply_common_esto_structure.py,1435,write_excel,write,"with pd.ExcelWriter(diagnostics_dir / ""intersecting_common_axis_groups.xlsx"", engine=""openpyxl"") as writer:"
leap_review_web_app,runtime/leap_mappings/codebase/mapping_tools/apply_common_esto_structure.py,1436,write_excel,write,"product_diagnostics_df.to_excel(writer, sheet_name=""product_group_overlaps"", index=False)"
leap_review_web_app,runtime/leap_mappings/codebase/mapping_tools/apply_common_esto_structure.py,1437,write_excel,write,"flow_diagnostics_df.to_excel(writer, sheet_name=""flow_group_overlaps"", index=False)"
leap_review_web_app,runtime/leap_mappings/codebase/mapping_tools/apply_common_esto_structure.py,1695,write_csv,write,"df.to_csv(output_path, index=False)"
leap_review_web_app,runtime/leap_mappings/codebase/mapping_tools/apply_common_esto_structure.py,1701,write_csv,write,"df.to_csv(fallback_path, index=False)"
leap_review_web_app,runtime/leap_mappings/codebase/mapping_tools/apply_common_esto_structure.py,1847,write_csv,write,"status_df.to_csv(output_dir / ""common_esto_output_status.csv"", index=False)"
leap_review_web_app,runtime/leap_mappings/codebase/mapping_tools/apply_common_esto_structure.py,1904,write_csv,write,"status_df.to_csv(output_dir / ""common_esto_output_status.csv"", index=False)"
leap_review_web_app,runtime/leap_mappings/codebase/mapping_tools/apply_common_esto_structure.py,1963,read_csv,read,"common_rows_df = pd.read_csv(common_rows_path, dtype=str).fillna("""")"
leap_review_web_app,runtime/leap_mappings/codebase/mapping_tools/apply_common_esto_structure.py,2054,read_csv,read,"common_rows_df = pd.read_csv(common_rows_path, dtype=str).fillna("""")"
leap_review_web_app,runtime/leap_mappings/codebase/mapping_tools/apply_common_esto_structure.py,2091,read_csv,read,raw_source_df = pd.read_csv(
leap_review_web_app,runtime/leap_mappings/codebase/mapping_tools/apply_common_esto_structure.py,2095,read_excel,read,direct_mapping_df = pd.read_excel(
leap_review_web_app,runtime/leap_mappings/codebase/mapping_tools/apply_common_esto_structure.py,2099,read_excel,read,bridge_mapping_df = pd.read_excel(
leap_review_web_app,runtime/leap_mappings/codebase/mapping_tools/apply_common_esto_structure.py,2103,read_excel,read,bridge_target_mapping_df = pd.read_excel(
leap_review_web_app,runtime/leap_mappings/codebase/mapping_tools/apply_common_esto_structure.py,2199,read_csv,read,"structural_partial_df = pd.read_csv(structural_partial_coverage_path, low_memory=False)"
leap_review_web_app,runtime/leap_mappings/codebase/mapping_tools/build_dataset_tree_structure.py,127,read_excel,read,"rules = pd.read_excel(workbook_path, sheet_name=""esto_rollup_rules"", dtype=object)"
leap_review_web_app,runtime/leap_mappings/codebase/mapping_tools/build_dataset_tree_structure.py,285,read_csv,read,"df = pd.read_csv(data_csv_path, dtype=object)"
leap_review_web_app,runtime/leap_mappings/codebase/mapping_tools/build_dataset_tree_structure.py,516,read_csv,read,"df = data_df.copy() if data_df is not None else pd.read_csv(data_csv_path, dtype=object)"
leap_review_web_app,runtime/leap_mappings/codebase/mapping_tools/build_dataset_tree_structure.py,534,read_excel,read,"esto_df  = pd.read_excel(workbook_path, sheet_name=""leap_combined_esto"",  dtype=object)"
leap_review_web_app,runtime/leap_mappings/codebase/mapping_tools/build_dataset_tree_structure.py,535,read_excel,read,"ninth_df = pd.read_excel(workbook_path, sheet_name=""leap_combined_ninth"", dtype=object)"
leap_review_web_app,runtime/leap_mappings/codebase/mapping_tools/build_dataset_tree_structure.py,604,read_csv,read,"df = pd.read_csv(common_rows_path, dtype=object)"
leap_review_web_app,runtime/leap_mappings/codebase/mapping_tools/build_dataset_tree_structure.py,676,read_csv,read,"data = pd.read_csv(data_csv_path, dtype=object)"
leap_review_web_app,runtime/leap_mappings/codebase/mapping_tools/build_dataset_tree_structure.py,935,read_excel,read,"pairs = pd.read_excel(Path(workbook_path), sheet_name=""ninth_pairs_to_esto_pairs"", dtype=object)"
leap_review_web_app,runtime/leap_mappings/codebase/mapping_tools/build_dataset_tree_structure.py,1151,read_csv,read,"df = data_df.copy() if data_df is not None else pd.read_csv(data_csv_path, dtype=object)"
leap_review_web_app,runtime/leap_mappings/codebase/mapping_tools/build_dataset_tree_structure.py,1165,read_excel,read,"pairs = pd.read_excel(workbook_path, sheet_name=""ninth_pairs_to_esto_pairs"", dtype=object)"
leap_review_web_app,runtime/leap_mappings/codebase/mapping_tools/build_dataset_tree_structure.py,1339,read_excel,read,"pairs = pd.read_excel(workbook_path, sheet_name=""ninth_pairs_to_esto_pairs"", dtype=object).fillna("""")"
leap_review_web_app,runtime/leap_mappings/codebase/mapping_tools/build_dataset_tree_structure.py,1350,read_csv,read,"common_rows = pd.read_csv(common_rows_path, dtype=object).fillna("""")"
leap_review_web_app,runtime/leap_mappings/codebase/mapping_tools/build_dataset_tree_structure.py,1414,read_csv,read,"df = data_df.copy() if data_df is not None else pd.read_csv(data_csv_path, dtype=object)"
leap_review_web_app,runtime/leap_mappings/codebase/mapping_tools/build_dataset_tree_structure.py,1454,read_excel,read,"pairs = pd.read_excel(workbook_path, sheet_name=""ninth_pairs_to_esto_pairs"", dtype=object)"
leap_review_web_app,runtime/leap_mappings/codebase/mapping_tools/build_dataset_tree_structure.py,1472,read_csv,read,"common_rows = pd.read_csv(common_rows_path, dtype=object)"
leap_review_web_app,runtime/leap_mappings/codebase/mapping_tools/build_dataset_tree_structure.py,1599,read_excel,read,"pairs = pd.read_excel(workbook_path, sheet_name=""ninth_pairs_to_esto_pairs"", dtype=object).fillna("""")"
leap_review_web_app,runtime/leap_mappings/codebase/mapping_tools/build_dataset_tree_structure.py,1601,read_csv,read,"common_rows = pd.read_csv(common_rows_path, dtype=object).fillna("""")"
leap_review_web_app,runtime/leap_mappings/codebase/mapping_tools/build_dataset_tree_structure.py,1661,read_csv,read,"df = data_df.copy() if data_df is not None else pd.read_csv(data_csv_path, dtype=object)"
leap_review_web_app,runtime/leap_mappings/codebase/mapping_tools/build_dataset_tree_structure.py,1697,read_excel,read,"pairs = pd.read_excel(workbook_path, sheet_name=""ninth_pairs_to_esto_pairs"", dtype=object)"
leap_review_web_app,runtime/leap_mappings/codebase/mapping_tools/build_dataset_tree_structure.py,1709,read_csv,read,"common_rows = pd.read_csv(common_rows_path, dtype=object)"
leap_review_web_app,runtime/leap_mappings/codebase/mapping_tools/build_dataset_tree_structure.py,1798,read_csv,read,"leap_df = pd.concat([pd.read_csv(path, dtype=object) for path in available], ignore_index=True)"
leap_review_web_app,runtime/leap_mappings/codebase/mapping_tools/build_dataset_tree_structure.py,1805,read_excel,read,"esto_map = pd.read_excel(workbook_path, sheet_name=""leap_combined_esto"", dtype=object).fillna("""")"
leap_review_web_app,runtime/leap_mappings/codebase/mapping_tools/build_dataset_tree_structure.py,1812,read_csv,read,"esto_flows = set(pd.read_csv(esto_data_path, usecols=[""flows""], dtype=object)[""flows""].dropna().map(_str))"
leap_review_web_app,runtime/leap_mappings/codebase/mapping_tools/build_dataset_tree_structure.py,1958,read_csv,read,"[pd.read_csv(p, dtype=object) for p in available], ignore_index=True"
leap_review_web_app,runtime/leap_mappings/codebase/mapping_tools/build_dataset_tree_structure.py,1967,read_excel,read,"esto_map = pd.read_excel(workbook_path, sheet_name=""leap_combined_esto"", dtype=object)"
leap_review_web_app,runtime/leap_mappings/codebase/mapping_tools/build_dataset_tree_structure.py,1981,read_csv,read,"pd.read_csv(esto_data_path, usecols=[""flows""], dtype=object)[""flows""]"
leap_review_web_app,runtime/leap_mappings/codebase/mapping_tools/build_dataset_tree_structure.py,2266,read_csv,read,"data = pd.read_csv(data_csv_path, dtype=object)"
leap_review_web_app,runtime/leap_mappings/codebase/mapping_tools/build_dataset_tree_structure.py,2481,read_csv,read,"data = pd.read_csv(comparison_data_path, dtype=object)"
leap_review_web_app,runtime/leap_mappings/codebase/mapping_tools/build_dataset_tree_structure.py,2782,write_csv,write,"all_trees.to_csv(all_trees_path, index=False)"
leap_review_web_app,runtime/leap_mappings/codebase/mapping_tools/build_dataset_tree_structure.py,2792,write_csv,write,"esto_validation.to_csv(esto_val_path, index=False)"
leap_review_web_app,runtime/leap_mappings/codebase/mapping_tools/build_dataset_tree_structure.py,2808,write_csv,write,"ninth_validation.to_csv(ninth_val_path, index=False)"
leap_review_web_app,runtime/leap_mappings/codebase/mapping_tools/build_dataset_tree_structure.py,2822,write_csv,write,"leap_validation.to_csv(leap_val_path, index=False)"
leap_review_web_app,runtime/leap_mappings/codebase/mapping_tools/build_dataset_tree_structure.py,2839,write_csv,write,"common_validation.to_csv(common_val_path, index=False)"
leap_review_web_app,runtime/leap_mappings/codebase/mapping_tools/build_dataset_tree_structure.py,2843,write_csv,write,"common_validation.to_csv(common_val_path, index=False)"
leap_review_web_app,runtime/leap_mappings/codebase/mapping_tools/build_dataset_tree_structure.py,2884,write_csv,write,"common_validation.to_csv(common_val_path, index=False)"
leap_review_web_app,runtime/leap_mappings/codebase/mapping_tools/build_dataset_tree_structure.py,2898,write_csv,write,"non_esto_edges.to_csv(non_esto_edges_path, index=False)"
leap_review_web_app,runtime/leap_mappings/codebase/mapping_tools/build_dataset_tree_structure.py,2909,write_csv,write,"df.to_csv(path, index=False)"
leap_review_web_app,runtime/leap_mappings/codebase/mapping_tools/common_esto_output_contract.py,311,write_csv,write,"fact_df.to_csv(staged_fact, index=False, compression={""method"": ""gzip"", ""mtime"": 0})"
leap_review_web_app,runtime/leap_mappings/codebase/mapping_tools/common_esto_output_contract.py,312,write_csv,write,"metadata_df.to_csv(staged_metadata, index=False)"
leap_review_web_app,runtime/leap_mappings/codebase/mapping_tools/convert_leap_results_to_esto.py,58,read_excel,read,return pd.read_excel(path)
leap_review_web_app,runtime/leap_mappings/codebase/mapping_tools/convert_leap_results_to_esto.py,59,read_csv,read,return pd.read_csv(path)
leap_review_web_app,runtime/leap_mappings/codebase/mapping_tools/convert_leap_results_to_esto.py,64,read_csv,read,relationships_df = pd.read_csv(relationships_path)
leap_review_web_app,runtime/leap_mappings/codebase/mapping_tools/convert_leap_results_to_esto.py,227,read_excel,read,rollup_rules_df = pd.read_excel(
leap_review_web_app,runtime/leap_mappings/codebase/mapping_tools/convert_leap_results_to_esto.py,268,write_csv,write,"converted_df.to_csv(output_path, index=False)"
leap_review_web_app,runtime/leap_mappings/codebase/mapping_tools/convert_leap_results_to_esto.py,271,write_csv,write,"lineage_df.to_csv(lineage_output_path, index=False)"
leap_review_web_app,runtime/leap_mappings/codebase/mapping_tools/convert_leap_results_to_esto.py,276,write_csv,write,"rollup_audit_df.to_csv(rollup_audit_path, index=False)"
leap_review_web_app,runtime/leap_mappings/codebase/mapping_tools/dataset_registry.py,83,read_csv,read,"frame = pd.read_csv(path, dtype=str, keep_default_na=False)"
leap_review_web_app,runtime/leap_mappings/codebase/mapping_tools/diagnostic_adapter_registry.py,68,read_csv,read,"frame = pd.read_csv(registry_path, dtype=str, keep_default_na=False)"
leap_review_web_app,runtime/leap_mappings/codebase/mapping_tools/esto_exact_rows.py,118,read_csv,read,"df = pd.read_csv(data_path, dtype=object)"
leap_review_web_app,runtime/leap_mappings/codebase/mapping_tools/esto_exact_rows.py,123,read_csv,read,"relationships_df = pd.read_csv(relationships_path, dtype=object).fillna("""")"
leap_review_web_app,runtime/leap_mappings/codebase/mapping_tools/esto_exact_rows.py,126,read_excel,read,leap_rollup_rules_df = pd.read_excel(
leap_review_web_app,runtime/leap_mappings/codebase/mapping_tools/esto_exact_rows.py,150,read_excel,read,"esto_rollup_rules_raw = pd.read_excel(mapping_workbook_path, sheet_name=""esto_rollup_rules"", dtype=object).fillna("""")"
leap_review_web_app,runtime/leap_mappings/codebase/mapping_tools/esto_exact_rows.py,234,write_csv,write,"long_df.to_csv(output_path, index=False)"
leap_review_web_app,runtime/leap_mappings/codebase/mapping_tools/hierarchy_subtotal_adapters.py,178,read_excel,read,"sheet: _active(pd.read_excel(workbook_path, sheet_name=sheet, dtype=object))"
leap_review_web_app,runtime/leap_mappings/codebase/mapping_tools/hierarchy_subtotal_adapters.py,253,read_csv,read,"data = data_df.copy() if data_df is not None else pd.read_csv(data_path, dtype=object)"
leap_review_web_app,runtime/leap_mappings/codebase/mapping_tools/hierarchy_subtotal_adapters.py,330,read_excel,read,"frame = pd.read_excel(new_branch_inventory_path, sheet_name=sheet, dtype=object)"
leap_review_web_app,runtime/leap_mappings/codebase/mapping_tools/hierarchy_subtotal_adapters.py,433,read_csv,read,"tree = pd.read_csv(tree_path, dtype=object)"
leap_review_web_app,runtime/leap_mappings/codebase/mapping_tools/hierarchy_subtotal_adapters.py,450,read_excel,read,rules = pd.read_excel(
leap_review_web_app,runtime/leap_mappings/codebase/mapping_tools/hierarchy_subtotal_adapters.py,495,read_csv,read,"source = pd.read_csv(tree_path, dtype=object)"
leap_review_web_app,runtime/leap_mappings/codebase/mapping_tools/hierarchy_subtotal_adapters.py,574,read_csv,read,common_rows = pd.read_csv(
leap_review_web_app,runtime/leap_mappings/codebase/mapping_tools/hierarchy_subtotal_adapters.py,625,read_csv,read,"hierarchy = pd.read_csv(hierarchy_path, dtype=object, keep_default_na=False)"
leap_review_web_app,runtime/leap_mappings/codebase/mapping_tools/hierarchy_subtotal_adapters.py,687,read_csv,read,"values = pd.read_csv(values_path, dtype=object)"
leap_review_web_app,runtime/leap_mappings/codebase/mapping_tools/hierarchy_subtotal_adapters.py,921,read_csv,read,"header = pd.read_csv(data_path, nrows=0)"
leap_review_web_app,runtime/leap_mappings/codebase/mapping_tools/hierarchy_subtotal_adapters.py,937,read_csv,read,"data = pd.read_csv(data_path, usecols=use_columns, dtype=object)"
leap_review_web_app,runtime/leap_mappings/codebase/mapping_tools/hierarchy_subtotal_adapters.py,1079,read_csv,read,"header = pd.read_csv(data_path, nrows=0)"
leap_review_web_app,runtime/leap_mappings/codebase/mapping_tools/hierarchy_subtotal_adapters.py,1086,read_csv,read,data = pd.read_csv(
leap_review_web_app,runtime/leap_mappings/codebase/mapping_tools/hierarchy_subtotal_adapters.py,1196,read_csv,read,"validation = pd.read_csv(validation_path, dtype=object)"
leap_review_web_app,runtime/leap_mappings/codebase/mapping_tools/hierarchy_subtotal_contract.py,72,write_csv,write,"return frame.to_csv(index=False, lineterminator=""\n"").encode(""utf-8"")"
leap_review_web_app,runtime/leap_mappings/codebase/mapping_tools/hierarchy_subtotal_contract.py,647,read_csv,read,"frame = pd.read_csv(member_path, dtype=object)"
leap_review_web_app,runtime/leap_mappings/codebase/mapping_tools/mapping_candidate_generation.py,141,read_csv,read,"header = pd.read_csv(ninth_csv_path, nrows=0).columns.tolist()"
leap_review_web_app,runtime/leap_mappings/codebase/mapping_tools/mapping_candidate_generation.py,147,read_csv,read,"raw_df = pd.read_csv(ninth_csv_path, usecols=required_columns + projection_columns, dtype=object)"
leap_review_web_app,runtime/leap_mappings/codebase/mapping_tools/mapping_sheet_registry.py,75,read_csv,read,"frame = pd.read_csv(registry_path, dtype=str, keep_default_na=False)"
leap_review_web_app,runtime/leap_mappings/codebase/mapping_tools/non_expanding_rollups.py,138,read_excel,read,"rules_df = pd.read_excel(workbook_path, sheet_name=sheet_name, dtype=object).fillna("""")"
leap_review_web_app,runtime/leap_mappings/codebase/mapping_tools/non_expanding_rollups.py,182,read_excel,read,"rules_df = pd.read_excel(workbook_path, sheet_name=sheet_name, dtype=object).fillna("""")"
leap_review_web_app,runtime/leap_mappings/codebase/mapping_tools/non_expanding_rollups.py,218,read_excel,read,rules_df = pd.read_excel(
leap_review_web_app,runtime/leap_mappings/codebase/mapping_tools/non_expanding_rollups.py,555,read_csv,read,existing = pd.read_csv(qa_path)
leap_review_web_app,runtime/leap_mappings/codebase/mapping_tools/non_expanding_rollups.py,566,write_csv,write,"combined.to_csv(qa_path, index=False)"
leap_review_web_app,runtime/leap_mappings/codebase/mapping_tools/parse_leap_balance_export.py,415,write_csv,write,"combined.to_csv(output_path, index=False)"
leap_review_web_app,runtime/leap_mappings/codebase/mapping_tools/rollup_sheet_registry.py,96,read_csv,read,"frame = pd.read_csv(registry_path, dtype=str, keep_default_na=False)"
leap_review_web_app,runtime/leap_mappings/codebase/mapping_tools/rollup_sheet_registry.py,179,read_excel,read,rules = pd.read_excel(
leap_review_web_app,runtime/leap_mappings/codebase/mapping_tools/source_branch_preflight.py,101,read_csv,read,"rules_df = pd.read_csv(path, dtype=object).fillna("""")"
leap_review_web_app,runtime/leap_mappings/codebase/mapping_tools/source_branch_preflight.py,449,write_csv,write,"fallback_audit_df.to_csv(audit_output_dir / ""leap_source_branch_fallback_audit.csv"", index=False)"
leap_review_web_app,runtime/leap_mappings/codebase/mapping_tools/source_branch_preflight.py,450,write_csv,write,all_demand_warnings_df.to_csv(
leap_review_web_app,runtime/leap_mappings/codebase/mapping_tools/target_share_allocation.py,199,read_csv,read,"df = pd.read_csv(esto_csv_path, dtype=object)"
leap_review_web_app,runtime/leap_mappings/codebase/mapping_tools/value_adapter_registry.py,75,read_csv,read,"frame = pd.read_csv(registry_path, dtype=str, keep_default_na=False)"
leap_review_web_app,runtime/leap_mappings/codebase/mapping_tools/value_adapter_registry.py,227,read_csv,read,"values = pd.read_csv(input_path, dtype=object)"
leap_review_web_app,runtime/leap_mappings/codebase/mapping_tools/value_adapter_registry.py,246,write_csv,write,"values.to_csv(output_path, index=False)"
leap_review_web_app,runtime/leap_mappings/codebase/utilities/leap_balance_export_resolver.py,456,read_excel,read,"raw = pd.read_excel(workbook, sheet_name=sheet_name, header=None)"
leap_review_web_app,runtime/leap_mappings/codebase/utilities/master_config.py,79,read_excel,read,"return pd.read_excel(MASTER_CONFIG_PATH, sheet_name=sheet_name, **kwargs)"
leap_review_web_app,runtime/leap_mappings/codebase/utilities/master_config.py,101,read_excel,read,"return pd.read_excel(path, **kwargs)"
leap_review_web_app,runtime/leap_mappings/codebase/utilities/master_config.py,104,read_csv,read,"return pd.read_csv(path, **kwargs)"
